[2026-07-15 17:54:17] local.ERROR: could not find driver (Connection: sqlite, Database: C:\xampp\htdocs\maternal-care-system\database\database.sqlite, SQL: select * from "sessions" where "id" = FVfhUz7M7ZToJyGwjjTiN1dUm9oSaQbunGDBfeeY limit 1) {"exception":"[object] (Illuminate\\Database\\QueryException(code: 0): could not find driver (Connection: sqlite, Database: C:\\xampp\\htdocs\\maternal-care-system\\database\\database.sqlite, SQL: select * from \"sessions\" where \"id\" = FVfhUz7M7ZToJyGwjjTiN1dUm9oSaQbunGDBfeeY limit 1) at C:/xampp/htdocs/maternal-care-system/vendor/laravel/framework/src/Illuminate/Database/Connection.php:857)
[stacktrace]
#0 C:/xampp/htdocs/maternal-care-system/vendor/laravel/framework/src/Illuminate/Database/Connection.php(813): Illuminate/Database/Connection->runQueryCallback()
#1 C:/xampp/htdocs/maternal-care-system/vendor/laravel/framework/src/Illuminate/Database/Connection.php(426): Illuminate/Database/Connection->run()
#2 C:/xampp/htdocs/maternal-care-system/vendor/laravel/framework/src/Illuminate/Database/Query/Builder.php(3573): Illuminate/Database/Connection->select()
#3 C:/xampp/htdocs/maternal-care-system/vendor/laravel/framework/src/Illuminate/Database/Query/Builder.php(3557): Illuminate/Database/Query/Builder->runSelect()
#4 C:/xampp/htdocs/maternal-care-system/vendor/laravel/framework/src/Illuminate/Database/Concerns/BuildsQueries.php(366): Illuminate/Database/Query/Builder->get()
#5 C:/xampp/htdocs/maternal-care-system/vendor/laravel/framework/src/Illuminate/Database/Query/Builder.php(3475): Illuminate/Database/Query/Builder->first()
#6 C:/xampp/htdocs/maternal-care-system/vendor/laravel/framework/src/Illuminate/Session/DatabaseSessionHandler.php(96): Illuminate/Database/Query/Builder->find()
#7 C:/xampp/htdocs/maternal-care-system/vendor/laravel/framework/src/Illuminate/Session/Store.php(128): Illuminate/Session/DatabaseSessionHandler->read()
#8 C:/xampp/htdocs/maternal-care-system/vendor/laravel/framework/src/Illuminate/Session/Store.php(116): Illuminate/Session/Store->readFromHandler()
#9 C:/xampp/htdocs/maternal-care-system/vendor/laravel/framework/src/Illuminate/Session/Store.php(100): Illuminate/Session/Store->loadSession()
#10 C:/xampp/htdocs/maternal-care-system/vendor/laravel/framework/src/Illuminate/Session/Middleware/StartSession.php(146): Illuminate/Session/Store->start()
#11 C:/xampp/htdocs/maternal-care-system/vendor/laravel/framework/src/Illuminate/Support/helpers.php(393): Illuminate/Session/Middleware/StartSession->{closure:Illuminate/Session/Middleware/StartSession::startSession():143}()
#12 C:/xampp/htdocs/maternal-care-system/vendor/laravel/framework/src/Illuminate/Session/Middleware/StartSession.php(143): tap()
#13 C:/xampp/htdocs/maternal-care-system/vendor/laravel/framework/src/Illuminate/Session/Middleware/StartSession.php(115): Illuminate/Session/Middleware/StartSession->startSession()
#14 C:/xampp/htdocs/maternal-care-system/vendor/laravel/framework/src/Illuminate/Session/Middleware/StartSession.php(63): Illuminate/Session/Middleware/StartSession->handleStatefulRequest()
#15 C:/xampp/htdocs/maternal-care-system/vendor/laravel/framework/src/Illuminate/Pipeline/Pipeline.php(219): Illuminate/Session/Middleware/StartSession->handle()
#16 C:/xampp/htdocs/maternal-care-system/vendor/laravel/framework/src/Illuminate/Cookie/Middleware/AddQueuedCookiesToResponse.php(36): Illuminate/Pipeline/Pipeline->{closure:{closure:Illuminate/Pipeline/Pipeline::carry():194}:195}()
#17 C:/xampp/htdocs/maternal-care-system/vendor/laravel/framework/src/Illuminate/Pipeline/Pipeline.php(219): Illuminate/Cookie/Middleware/AddQueuedCookiesToResponse->handle()
#18 C:/xampp/htdocs/maternal-care-system/vendor/laravel/framework/src/Illuminate/Cookie/Middleware/EncryptCookies.php(74): Illuminate/Pipeline/Pipeline->{closure:{closure:Illuminate/Pipeline/Pipeline::carry():194}:195}()
#19 C:/xampp/htdocs/maternal-care-system/vendor/laravel/framework/src/Illuminate/Pipeline/Pipeline.php(219): Illuminate/Cookie/Middleware/EncryptCookies->handle()
#20 C:/xampp/htdocs/maternal-care-system/vendor/laravel/framework/src/Illuminate/Pipeline/Pipeline.php(137): Illuminate/Pipeline/Pipeline->{closure:{closure:Illuminate/Pipeline/Pipeline::carry():194}:195}()
#21 C:/xampp/htdocs/maternal-care-system/vendor/laravel/framework/src/Illuminate/Routing/Router.php(821): Illuminate/Pipeline/Pipeline->then()
#22 C:/xampp/htdocs/maternal-care-system/vendor/laravel/framework/src/Illuminate/Routing/Router.php(800): Illuminate/Routing/Router->runRouteWithinStack()
#23 C:/xampp/htdocs/maternal-care-system/vendor/laravel/framework/src/Illuminate/Routing/Router.php(764): Illuminate/Routing/Router->runRoute()
#24 C:/xampp/htdocs/maternal-care-system/vendor/laravel/framework/src/Illuminate/Routing/Router.php(753): Illuminate/Routing/Router->dispatchToRoute()
#25 C:/xampp/htdocs/maternal-care-system/vendor/laravel/framework/src/Illuminate/Foundation/Http/Kernel.php(200): Illuminate/Routing/Router->dispatch()
#26 C:/xampp/htdocs/maternal-care-system/vendor/laravel/framework/src/Illuminate/Pipeline/Pipeline.php(180): Illuminate/Foundation/Http/Kernel->{closure:Illuminate/Foundation/Http/Kernel::dispatchToRouter():197}()
#27 C:/xampp/htdocs/maternal-care-system/vendor/laravel/framework/src/Illuminate/Foundation/Http/Middleware/TransformsRequest.php(21): Illuminate/Pipeline/Pipeline->{closure:Illuminate/Pipeline/Pipeline::prepareDestination():178}()
#28 C:/xampp/htdocs/maternal-care-system/vendor/laravel/framework/src/Illuminate/Foundation/Http/Middleware/ConvertEmptyStringsToNull.php(31): Illuminate/Foundation/Http/Middleware/TransformsRequest->handle()
#29 C:/xampp/htdocs/maternal-care-system/vendor/laravel/framework/src/Illuminate/Pipeline/Pipeline.php(219): Illuminate/Foundation/Http/Middleware/ConvertEmptyStringsToNull->handle()
#30 C:/xampp/htdocs/maternal-care-system/vendor/laravel/framework/src/Illuminate/Foundation/Http/Middleware/TransformsRequest.php(21): Illuminate/Pipeline/Pipeline->{closure:{closure:Illuminate/Pipeline/Pipeline::carry():194}:195}()
#31 C:/xampp/htdocs/maternal-care-system/vendor/laravel/framework/src/Illuminate/Foundation/Http/Middleware/TrimStrings.php(51): Illuminate/Foundation/Http/Middleware/TransformsRequest->handle()
#32 C:/xampp/htdocs/maternal-care-system/vendor/laravel/framework/src/Illuminate/Pipeline/Pipeline.php(219): Illuminate/Foundation/Http/Middleware/TrimStrings->handle()
#33 C:/xampp/htdocs/maternal-care-system/vendor/laravel/framework/src/Illuminate/Http/Middleware/ValidatePostSize.php(27): Illuminate/Pipeline/Pipeline->{closure:{closure:Illuminate/Pipeline/Pipeline::carry():194}:195}()
#34 C:/xampp/htdocs/maternal-care-system/vendor/laravel/framework/src/Illuminate/Pipeline/Pipeline.php(219): Illuminate/Http/Middleware/ValidatePostSize->handle()
#35 C:/xampp/htdocs/maternal-care-system/vendor/laravel/framework/src/Illuminate/Foundation/Http/Middleware/PreventRequestsDuringMaintenance.php(109): Illuminate/Pipeline/Pipeline->{closure:{closure:Illuminate/Pipeline/Pipeline::carry():194}:195}()
#36 C:/xampp/htdocs/maternal-care-system/vendor/laravel/framework/src/Illuminate/Pipeline/Pipeline.php(219): Illuminate/Foundation/Http/Middleware/PreventRequestsDuringMaintenance->handle()
#37 C:/xampp/htdocs/maternal-care-system/vendor/laravel/framework/src/Illuminate/Http/Middleware/HandleCors.php(61): Illuminate/Pipeline/Pipeline->{closure:{closure:Illuminate/Pipeline/Pipeline::carry():194}:195}()
#38 C:/xampp/htdocs/maternal-care-system/vendor/laravel/framework/src/Illuminate/Pipeline/Pipeline.php(219): Illuminate/Http/Middleware/HandleCors->handle()
#39 C:/xampp/htdocs/maternal-care-system/vendor/laravel/framework/src/Illuminate/Http/Middleware/TrustProxies.php(58): Illuminate/Pipeline/Pipeline->{closure:{closure:Illuminate/Pipeline/Pipeline::carry():194}:195}()
#40 C:/xampp/htdocs/maternal-care-system/vendor/laravel/framework/src/Illuminate/Pipeline/Pipeline.php(219): Illuminate/Http/Middleware/TrustProxies->handle()
#41 C:/xampp/htdocs/maternal-care-system/vendor/laravel/framework/src/Illuminate/Foundation/Http/Middleware/InvokeDeferredCallbacks.php(22): Illuminate/Pipeline/Pipeline->{closure:{closure:Illuminate/Pipeline/Pipeline::carry():194}:195}()
#42 C:/xampp/htdocs/maternal-care-system/vendor/laravel/framework/src/Illuminate/Pipeline/Pipeline.php(219): Illuminate/Foundation/Http/Middleware/InvokeDeferredCallbacks->handle()
#43 C:/xampp/htdocs/maternal-care-system/vendor/laravel/framework/src/Illuminate/Http/Middleware/ValidatePathEncoding.php(28): Illuminate/Pipeline/Pipeline->{closure:{closure:Illuminate/Pipeline/Pipeline::carry():194}:195}()
#44 C:/xampp/htdocs/maternal-care-system/vendor/laravel/framework/src/Illuminate/Pipeline/Pipeline.php(219): Illuminate/Http/Middleware/ValidatePathEncoding->handle()
#45 C:/xampp/htdocs/maternal-care-system/vendor/laravel/framework/src/Illuminate/Pipeline/Pipeline.php(137): Illuminate/Pipeline/Pipeline->{closure:{closure:Illuminate/Pipeline/Pipeline::carry():194}:195}()
#46 C:/xampp/htdocs/maternal-care-system/vendor/laravel/framework/src/Illuminate/Foundation/Http/Kernel.php(175): Illuminate/Pipeline/Pipeline->then()
#47 C:/xampp/htdocs/maternal-care-system/vendor/laravel/framework/src/Illuminate/Foundation/Http/Kernel.php(144): Illuminate/Foundation/Http/Kernel->sendRequestThroughRouter()
#48 C:/xampp/htdocs/maternal-care-system/vendor/laravel/framework/src/Illuminate/Foundation/Application.php(1220): Illuminate/Foundation/Http/Kernel->handle()
#49 C:/xampp/htdocs/maternal-care-system/public/index.php(20): Illuminate/Foundation/Application->handleRequest()
#50 C:/xampp/htdocs/maternal-care-system/vendor/laravel/framework/src/Illuminate/Foundation/resources/server.php(23): require_once('...')
#51 {main}

[previous exception] [object] (PDOException(code: 0): could not find driver at C:/xampp/htdocs/maternal-care-system/vendor/laravel/framework/src/Illuminate/Database/Connectors/Connector.php:67)
[stacktrace]
#0 C:/xampp/htdocs/maternal-care-system/vendor/laravel/framework/src/Illuminate/Database/Connectors/Connector.php(67): PDO::connect()
#1 C:/xampp/htdocs/maternal-care-system/vendor/laravel/framework/src/Illuminate/Database/Connectors/Connector.php(44): Illuminate/Database/Connectors/Connector->createPdoConnection()
#2 C:/xampp/htdocs/maternal-care-system/vendor/laravel/framework/src/Illuminate/Database/Connectors/SQLiteConnector.php(21): Illuminate/Database/Connectors/Connector->createConnection()
#3 C:/xampp/htdocs/maternal-care-system/vendor/laravel/framework/src/Illuminate/Database/Connectors/ConnectionFactory.php(259): Illuminate/Database/Connectors/SQLiteConnector->connect()
#4 [internal function]: Illuminate/Database/Connectors/ConnectionFactory->{closure:Illuminate/Database/Connectors/ConnectionFactory::createPdoResolverWithoutHosts():259}()
#5 C:/xampp/htdocs/maternal-care-system/vendor/laravel/framework/src/Illuminate/Database/Connection.php(1297): call_user_func()
#6 C:/xampp/htdocs/maternal-care-system/vendor/laravel/framework/src/Illuminate/Database/Connection.php(542): Illuminate/Database/Connection->getPdo()
#7 C:/xampp/htdocs/maternal-care-system/vendor/laravel/framework/src/Illuminate/Database/Connection.php(435): Illuminate/Database/Connection->getPdoForSelect()
#8 C:/xampp/htdocs/maternal-care-system/vendor/laravel/framework/src/Illuminate/Database/Connection.php(846): Illuminate/Database/Connection->{closure:Illuminate/Database/Connection::select():426}()
#9 C:/xampp/htdocs/maternal-care-system/vendor/laravel/framework/src/Illuminate/Database/Connection.php(813): Illuminate/Database/Connection->runQueryCallback()
#10 C:/xampp/htdocs/maternal-care-system/vendor/laravel/framework/src/Illuminate/Database/Connection.php(426): Illuminate/Database/Connection->run()
#11 C:/xampp/htdocs/maternal-care-system/vendor/laravel/framework/src/Illuminate/Database/Query/Builder.php(3573): Illuminate/Database/Connection->select()
#12 C:/xampp/htdocs/maternal-care-system/vendor/laravel/framework/src/Illuminate/Database/Query/Builder.php(3557): Illuminate/Database/Query/Builder->runSelect()
#13 C:/xampp/htdocs/maternal-care-system/vendor/laravel/framework/src/Illuminate/Database/Concerns/BuildsQueries.php(366): Illuminate/Database/Query/Builder->get()
#14 C:/xampp/htdocs/maternal-care-system/vendor/laravel/framework/src/Illuminate/Database/Query/Builder.php(3475): Illuminate/Database/Query/Builder->first()
#15 C:/xampp/htdocs/maternal-care-system/vendor/laravel/framework/src/Illuminate/Session/DatabaseSessionHandler.php(96): Illuminate/Database/Query/Builder->find()
#16 C:/xampp/htdocs/maternal-care-system/vendor/laravel/framework/src/Illuminate/Session/Store.php(128): Illuminate/Session/DatabaseSessionHandler->read()
#17 C:/xampp/htdocs/maternal-care-system/vendor/laravel/framework/src/Illuminate/Session/Store.php(116): Illuminate/Session/Store->readFromHandler()
#18 C:/xampp/htdocs/maternal-care-system/vendor/laravel/framework/src/Illuminate/Session/Store.php(100): Illuminate/Session/Store->loadSession()
#19 C:/xampp/htdocs/maternal-care-system/vendor/laravel/framework/src/Illuminate/Session/Middleware/StartSession.php(146): Illuminate/Session/Store->start()
#20 C:/xampp/htdocs/maternal-care-system/vendor/laravel/framework/src/Illuminate/Support/helpers.php(393): Illuminate/Session/Middleware/StartSession->{closure:Illuminate/Session/Middleware/StartSession::startSession():143}()
#21 C:/xampp/htdocs/maternal-care-system/vendor/laravel/framework/src/Illuminate/Session/Middleware/StartSession.php(143): tap()
#22 C:/xampp/htdocs/maternal-care-system/vendor/laravel/framework/src/Illuminate/Session/Middleware/StartSession.php(115): Illuminate/Session/Middleware/StartSession->startSession()
#23 C:/xampp/htdocs/maternal-care-system/vendor/laravel/framework/src/Illuminate/Session/Middleware/StartSession.php(63): Illuminate/Session/Middleware/StartSession->handleStatefulRequest()
#24 C:/xampp/htdocs/maternal-care-system/vendor/laravel/framework/src/Illuminate/Pipeline/Pipeline.php(219): Illuminate/Session/Middleware/StartSession->handle()
#25 C:/xampp/htdocs/maternal-care-system/vendor/laravel/framework/src/Illuminate/Cookie/Middleware/AddQueuedCookiesToResponse.php(36): Illuminate/Pipeline/Pipeline->{closure:{closure:Illuminate/Pipeline/Pipeline::carry():194}:195}()
#26 C:/xampp/htdocs/maternal-care-system/vendor/laravel/framework/src/Illuminate/Pipeline/Pipeline.php(219): Illuminate/Cookie/Middleware/AddQueuedCookiesToResponse->handle()
#27 C:/xampp/htdocs/maternal-care-system/vendor/laravel/framework/src/Illuminate/Cookie/Middleware/EncryptCookies.php(74): Illuminate/Pipeline/Pipeline->{closure:{closure:Illuminate/Pipeline/Pipeline::carry():194}:195}()
#28 C:/xampp/htdocs/maternal-care-system/vendor/laravel/framework/src/Illuminate/Pipeline/Pipeline.php(219): Illuminate/Cookie/Middleware/EncryptCookies->handle()
#29 C:/xampp/htdocs/maternal-care-system/vendor/laravel/framework/src/Illuminate/Pipeline/Pipeline.php(137): Illuminate/Pipeline/Pipeline->{closure:{closure:Illuminate/Pipeline/Pipeline::carry():194}:195}()
#30 C:/xampp/htdocs/maternal-care-system/vendor/laravel/framework/src/Illuminate/Routing/Router.php(821): Illuminate/Pipeline/Pipeline->then()
#31 C:/xampp/htdocs/maternal-care-system/vendor/laravel/framework/src/Illuminate/Routing/Router.php(800): Illuminate/Routing/Router->runRouteWithinStack()
#32 C:/xampp/htdocs/maternal-care-system/vendor/laravel/framework/src/Illuminate/Routing/Router.php(764): Illuminate/Routing/Router->runRoute()
#33 C:/xampp/htdocs/maternal-care-system/vendor/laravel/framework/src/Illuminate/Routing/Router.php(753): Illuminate/Routing/Router->dispatchToRoute()
#34 C:/xampp/htdocs/maternal-care-system/vendor/laravel/framework/src/Illuminate/Foundation/Http/Kernel.php(200): Illuminate/Routing/Router->dispatch()
#35 C:/xampp/htdocs/maternal-care-system/vendor/laravel/framework/src/Illuminate/Pipeline/Pipeline.php(180): Illuminate/Foundation/Http/Kernel->{closure:Illuminate/Foundation/Http/Kernel::dispatchToRouter():197}()
#36 C:/xampp/htdocs/maternal-care-system/vendor/laravel/framework/src/Illuminate/Foundation/Http/Middleware/TransformsRequest.php(21): Illuminate/Pipeline/Pipeline->{closure:Illuminate/Pipeline/Pipeline::prepareDestination():178}()
#37 C:/xampp/htdocs/maternal-care-system/vendor/laravel/framework/src/Illuminate/Foundation/Http/Middleware/ConvertEmptyStringsToNull.php(31): Illuminate/Foundation/Http/Middleware/TransformsRequest->handle()
#38 C:/xampp/htdocs/maternal-care-system/vendor/laravel/framework/src/Illuminate/Pipeline/Pipeline.php(219): Illuminate/Foundation/Http/Middleware/ConvertEmptyStringsToNull->handle()
#39 C:/xampp/htdocs/maternal-care-system/vendor/laravel/framework/src/Illuminate/Foundation/Http/Middleware/TransformsRequest.php(21): Illuminate/Pipeline/Pipeline->{closure:{closure:Illuminate/Pipeline/Pipeline::carry():194}:195}()
#40 C:/xampp/htdocs/maternal-care-system/vendor/laravel/framework/src/Illuminate/Foundation/Http/Middleware/TrimStrings.php(51): Illuminate/Foundation/Http/Middleware/TransformsRequest->handle()
#41 C:/xampp/htdocs/maternal-care-system/vendor/laravel/framework/src/Illuminate/Pipeline/Pipeline.php(219): Illuminate/Foundation/Http/Middleware/TrimStrings->handle()
#42 C:/xampp/htdocs/maternal-care-system/vendor/laravel/framework/src/Illuminate/Http/Middleware/ValidatePostSize.php(27): Illuminate/Pipeline/Pipeline->{closure:{closure:Illuminate/Pipeline/Pipeline::carry():194}:195}()
#43 C:/xampp/htdocs/maternal-care-system/vendor/laravel/framework/src/Illuminate/Pipeline/Pipeline.php(219): Illuminate/Http/Middleware/ValidatePostSize->handle()
#44 C:/xampp/htdocs/maternal-care-system/vendor/laravel/framework/src/Illuminate/Foundation/Http/Middleware/PreventRequestsDuringMaintenance.php(109): Illuminate/Pipeline/Pipeline->{closure:{closure:Illuminate/Pipeline/Pipeline::carry():194}:195}()
#45 C:/xampp/htdocs/maternal-care-system/vendor/laravel/framework/src/Illuminate/Pipeline/Pipeline.php(219): Illuminate/Foundation/Http/Middleware/PreventRequestsDuringMaintenance->handle()
#46 C:/xampp/htdocs/maternal-care-system/vendor/laravel/framework/src/Illuminate/Http/Middleware/HandleCors.php(61): Illuminate/Pipeline/Pipeline->{closure:{closure:Illuminate/Pipeline/Pipeline::carry():194}:195}()
#47 C:/xampp/htdocs/maternal-care-system/vendor/laravel/framework/src/Illuminate/Pipeline/Pipeline.php(219): Illuminate/Http/Middleware/HandleCors->handle()
#48 C:/xampp/htdocs/maternal-care-system/vendor/laravel/framework/src/Illuminate/Http/Middleware/TrustProxies.php(58): Illuminate/Pipeline/Pipeline->{closure:{closure:Illuminate/Pipeline/Pipeline::carry():194}:195}()
#49 C:/xampp/htdocs/maternal-care-system/vendor/laravel/framework/src/Illuminate/Pipeline/Pipeline.php(219): Illuminate/Http/Middleware/TrustProxies->handle()
#50 C:/xampp/htdocs/maternal-care-system/vendor/laravel/framework/src/Illuminate/Foundation/Http/Middleware/InvokeDeferredCallbacks.php(22): Illuminate/Pipeline/Pipeline->{closure:{closure:Illuminate/Pipeline/Pipeline::carry():194}:195}()
#51 C:/xampp/htdocs/maternal-care-system/vendor/laravel/framework/src/Illuminate/Pipeline/Pipeline.php(219): Illuminate/Foundation/Http/Middleware/InvokeDeferredCallbacks->handle()
#52 C:/xampp/htdocs/maternal-care-system/vendor/laravel/framework/src/Illuminate/Http/Middleware/ValidatePathEncoding.php(28): Illuminate/Pipeline/Pipeline->{closure:{closure:Illuminate/Pipeline/Pipeline::carry():194}:195}()
#53 C:/xampp/htdocs/maternal-care-system/vendor/laravel/framework/src/Illuminate/Pipeline/Pipeline.php(219): Illuminate/Http/Middleware/ValidatePathEncoding->handle()
#54 C:/xampp/htdocs/maternal-care-system/vendor/laravel/framework/src/Illuminate/Pipeline/Pipeline.php(137): Illuminate/Pipeline/Pipeline->{closure:{closure:Illuminate/Pipeline/Pipeline::carry():194}:195}()
#55 C:/xampp/htdocs/maternal-care-system/vendor/laravel/framework/src/Illuminate/Foundation/Http/Kernel.php(175): Illuminate/Pipeline/Pipeline->then()
#56 C:/xampp/htdocs/maternal-care-system/vendor/laravel/framework/src/Illuminate/Foundation/Http/Kernel.php(144): Illuminate/Foundation/Http/Kernel->sendRequestThroughRouter()
#57 C:/xampp/htdocs/maternal-care-system/vendor/laravel/framework/src/Illuminate/Foundation/Application.php(1220): Illuminate/Foundation/Http/Kernel->handle()
#58 C:/xampp/htdocs/maternal-care-system/public/index.php(20): Illuminate/Foundation/Application->handleRequest()
#59 C:/xampp/htdocs/maternal-care-system/vendor/laravel/framework/src/Illuminate/Foundation/resources/server.php(23): require_once('...')
#60 {main}
"} 
[2026-07-15 17:54:39] local.ERROR: could not find driver (Connection: sqlite, Database: C:\xampp\htdocs\maternal-care-system\database\database.sqlite, SQL: select * from "sessions" where "id" = gpW4plBfyYuT8K4TWwlZN315kMEbslOGg2BWi3kE limit 1) {"exception":"[object] (Illuminate\\Database\\QueryException(code: 0): could not find driver (Connection: sqlite, Database: C:\\xampp\\htdocs\\maternal-care-system\\database\\database.sqlite, SQL: select * from \"sessions\" where \"id\" = gpW4plBfyYuT8K4TWwlZN315kMEbslOGg2BWi3kE limit 1) at C:/xampp/htdocs/maternal-care-system/vendor/laravel/framework/src/Illuminate/Database/Connection.php:857)
[stacktrace]
#0 C:/xampp/htdocs/maternal-care-system/vendor/laravel/framework/src/Illuminate/Database/Connection.php(813): Illuminate/Database/Connection->runQueryCallback()
#1 C:/xampp/htdocs/maternal-care-system/vendor/laravel/framework/src/Illuminate/Database/Connection.php(426): Illuminate/Database/Connection->run()
#2 C:/xampp/htdocs/maternal-care-system/vendor/laravel/framework/src/Illuminate/Database/Query/Builder.php(3573): Illuminate/Database/Connection->select()
#3 C:/xampp/htdocs/maternal-care-system/vendor/laravel/framework/src/Illuminate/Database/Query/Builder.php(3557): Illuminate/Database/Query/Builder->runSelect()
#4 C:/xampp/htdocs/maternal-care-system/vendor/laravel/framework/src/Illuminate/Database/Concerns/BuildsQueries.php(366): Illuminate/Database/Query/Builder->get()
#5 C:/xampp/htdocs/maternal-care-system/vendor/laravel/framework/src/Illuminate/Database/Query/Builder.php(3475): Illuminate/Database/Query/Builder->first()
#6 C:/xampp/htdocs/maternal-care-system/vendor/laravel/framework/src/Illuminate/Session/DatabaseSessionHandler.php(96): Illuminate/Database/Query/Builder->find()
#7 C:/xampp/htdocs/maternal-care-system/vendor/laravel/framework/src/Illuminate/Session/Store.php(128): Illuminate/Session/DatabaseSessionHandler->read()
#8 C:/xampp/htdocs/maternal-care-system/vendor/laravel/framework/src/Illuminate/Session/Store.php(116): Illuminate/Session/Store->readFromHandler()
#9 C:/xampp/htdocs/maternal-care-system/vendor/laravel/framework/src/Illuminate/Session/Store.php(100): Illuminate/Session/Store->loadSession()
#10 C:/xampp/htdocs/maternal-care-system/vendor/laravel/framework/src/Illuminate/Session/Middleware/StartSession.php(146): Illuminate/Session/Store->start()
#11 C:/xampp/htdocs/maternal-care-system/vendor/laravel/framework/src/Illuminate/Support/helpers.php(393): Illuminate/Session/Middleware/StartSession->{closure:Illuminate/Session/Middleware/StartSession::startSession():143}()
#12 C:/xampp/htdocs/maternal-care-system/vendor/laravel/framework/src/Illuminate/Session/Middleware/StartSession.php(143): tap()
#13 C:/xampp/htdocs/maternal-care-system/vendor/laravel/framework/src/Illuminate/Session/Middleware/StartSession.php(115): Illuminate/Session/Middleware/StartSession->startSession()
#14 C:/xampp/htdocs/maternal-care-system/vendor/laravel/framework/src/Illuminate/Session/Middleware/StartSession.php(63): Illuminate/Session/Middleware/StartSession->handleStatefulRequest()
#15 C:/xampp/htdocs/maternal-care-system/vendor/laravel/framework/src/Illuminate/Pipeline/Pipeline.php(219): Illuminate/Session/Middleware/StartSession->handle()
#16 C:/xampp/htdocs/maternal-care-system/vendor/laravel/framework/src/Illuminate/Cookie/Middleware/AddQueuedCookiesToResponse.php(36): Illuminate/Pipeline/Pipeline->{closure:{closure:Illuminate/Pipeline/Pipeline::carry():194}:195}()
#17 C:/xampp/htdocs/maternal-care-system/vendor/laravel/framework/src/Illuminate/Pipeline/Pipeline.php(219): Illuminate/Cookie/Middleware/AddQueuedCookiesToResponse->handle()
#18 C:/xampp/htdocs/maternal-care-system/vendor/laravel/framework/src/Illuminate/Cookie/Middleware/EncryptCookies.php(74): Illuminate/Pipeline/Pipeline->{closure:{closure:Illuminate/Pipeline/Pipeline::carry():194}:195}()
#19 C:/xampp/htdocs/maternal-care-system/vendor/laravel/framework/src/Illuminate/Pipeline/Pipeline.php(219): Illuminate/Cookie/Middleware/EncryptCookies->handle()
#20 C:/xampp/htdocs/maternal-care-system/vendor/laravel/framework/src/Illuminate/Pipeline/Pipeline.php(137): Illuminate/Pipeline/Pipeline->{closure:{closure:Illuminate/Pipeline/Pipeline::carry():194}:195}()
#21 C:/xampp/htdocs/maternal-care-system/vendor/laravel/framework/src/Illuminate/Routing/Router.php(821): Illuminate/Pipeline/Pipeline->then()
#22 C:/xampp/htdocs/maternal-care-system/vendor/laravel/framework/src/Illuminate/Routing/Router.php(800): Illuminate/Routing/Router->runRouteWithinStack()
#23 C:/xampp/htdocs/maternal-care-system/vendor/laravel/framework/src/Illuminate/Routing/Router.php(764): Illuminate/Routing/Router->runRoute()
#24 C:/xampp/htdocs/maternal-care-system/vendor/laravel/framework/src/Illuminate/Routing/Router.php(753): Illuminate/Routing/Router->dispatchToRoute()
#25 C:/xampp/htdocs/maternal-care-system/vendor/laravel/framework/src/Illuminate/Foundation/Http/Kernel.php(200): Illuminate/Routing/Router->dispatch()
#26 C:/xampp/htdocs/maternal-care-system/vendor/laravel/framework/src/Illuminate/Pipeline/Pipeline.php(180): Illuminate/Foundation/Http/Kernel->{closure:Illuminate/Foundation/Http/Kernel::dispatchToRouter():197}()
#27 C:/xampp/htdocs/maternal-care-system/vendor/laravel/framework/src/Illuminate/Foundation/Http/Middleware/TransformsRequest.php(21): Illuminate/Pipeline/Pipeline->{closure:Illuminate/Pipeline/Pipeline::prepareDestination():178}()
#28 C:/xampp/htdocs/maternal-care-system/vendor/laravel/framework/src/Illuminate/Foundation/Http/Middleware/ConvertEmptyStringsToNull.php(31): Illuminate/Foundation/Http/Middleware/TransformsRequest->handle()
#29 C:/xampp/htdocs/maternal-care-system/vendor/laravel/framework/src/Illuminate/Pipeline/Pipeline.php(219): Illuminate/Foundation/Http/Middleware/ConvertEmptyStringsToNull->handle()
#30 C:/xampp/htdocs/maternal-care-system/vendor/laravel/framework/src/Illuminate/Foundation/Http/Middleware/TransformsRequest.php(21): Illuminate/Pipeline/Pipeline->{closure:{closure:Illuminate/Pipeline/Pipeline::carry():194}:195}()
#31 C:/xampp/htdocs/maternal-care-system/vendor/laravel/framework/src/Illuminate/Foundation/Http/Middleware/TrimStrings.php(51): Illuminate/Foundation/Http/Middleware/TransformsRequest->handle()
#32 C:/xampp/htdocs/maternal-care-system/vendor/laravel/framework/src/Illuminate/Pipeline/Pipeline.php(219): Illuminate/Foundation/Http/Middleware/TrimStrings->handle()
#33 C:/xampp/htdocs/maternal-care-system/vendor/laravel/framework/src/Illuminate/Http/Middleware/ValidatePostSize.php(27): Illuminate/Pipeline/Pipeline->{closure:{closure:Illuminate/Pipeline/Pipeline::carry():194}:195}()
#34 C:/xampp/htdocs/maternal-care-system/vendor/laravel/framework/src/Illuminate/Pipeline/Pipeline.php(219): Illuminate/Http/Middleware/ValidatePostSize->handle()
#35 C:/xampp/htdocs/maternal-care-system/vendor/laravel/framework/src/Illuminate/Foundation/Http/Middleware/PreventRequestsDuringMaintenance.php(109): Illuminate/Pipeline/Pipeline->{closure:{closure:Illuminate/Pipeline/Pipeline::carry():194}:195}()
#36 C:/xampp/htdocs/maternal-care-system/vendor/laravel/framework/src/Illuminate/Pipeline/Pipeline.php(219): Illuminate/Foundation/Http/Middleware/PreventRequestsDuringMaintenance->handle()
#37 C:/xampp/htdocs/maternal-care-system/vendor/laravel/framework/src/Illuminate/Http/Middleware/HandleCors.php(61): Illuminate/Pipeline/Pipeline->{closure:{closure:Illuminate/Pipeline/Pipeline::carry():194}:195}()
#38 C:/xampp/htdocs/maternal-care-system/vendor/laravel/framework/src/Illuminate/Pipeline/Pipeline.php(219): Illuminate/Http/Middleware/HandleCors->handle()
#39 C:/xampp/htdocs/maternal-care-system/vendor/laravel/framework/src/Illuminate/Http/Middleware/TrustProxies.php(58): Illuminate/Pipeline/Pipeline->{closure:{closure:Illuminate/Pipeline/Pipeline::carry():194}:195}()
#40 C:/xampp/htdocs/maternal-care-system/vendor/laravel/framework/src/Illuminate/Pipeline/Pipeline.php(219): Illuminate/Http/Middleware/TrustProxies->handle()
#41 C:/xampp/htdocs/maternal-care-system/vendor/laravel/framework/src/Illuminate/Foundation/Http/Middleware/InvokeDeferredCallbacks.php(22): Illuminate/Pipeline/Pipeline->{closure:{closure:Illuminate/Pipeline/Pipeline::carry():194}:195}()
#42 C:/xampp/htdocs/maternal-care-system/vendor/laravel/framework/src/Illuminate/Pipeline/Pipeline.php(219): Illuminate/Foundation/Http/Middleware/InvokeDeferredCallbacks->handle()
#43 C:/xampp/htdocs/maternal-care-system/vendor/laravel/framework/src/Illuminate/Http/Middleware/ValidatePathEncoding.php(28): Illuminate/Pipeline/Pipeline->{closure:{closure:Illuminate/Pipeline/Pipeline::carry():194}:195}()
#44 C:/xampp/htdocs/maternal-care-system/vendor/laravel/framework/src/Illuminate/Pipeline/Pipeline.php(219): Illuminate/Http/Middleware/ValidatePathEncoding->handle()
#45 C:/xampp/htdocs/maternal-care-system/vendor/laravel/framework/src/Illuminate/Pipeline/Pipeline.php(137): Illuminate/Pipeline/Pipeline->{closure:{closure:Illuminate/Pipeline/Pipeline::carry():194}:195}()
#46 C:/xampp/htdocs/maternal-care-system/vendor/laravel/framework/src/Illuminate/Foundation/Http/Kernel.php(175): Illuminate/Pipeline/Pipeline->then()
#47 C:/xampp/htdocs/maternal-care-system/vendor/laravel/framework/src/Illuminate/Foundation/Http/Kernel.php(144): Illuminate/Foundation/Http/Kernel->sendRequestThroughRouter()
#48 C:/xampp/htdocs/maternal-care-system/vendor/laravel/framework/src/Illuminate/Foundation/Application.php(1220): Illuminate/Foundation/Http/Kernel->handle()
#49 C:/xampp/htdocs/maternal-care-system/public/index.php(20): Illuminate/Foundation/Application->handleRequest()
#50 C:/xampp/htdocs/maternal-care-system/vendor/laravel/framework/src/Illuminate/Foundation/resources/server.php(23): require_once('...')
#51 {main}

[previous exception] [object] (PDOException(code: 0): could not find driver at C:/xampp/htdocs/maternal-care-system/vendor/laravel/framework/src/Illuminate/Database/Connectors/Connector.php:67)
[stacktrace]
#0 C:/xampp/htdocs/maternal-care-system/vendor/laravel/framework/src/Illuminate/Database/Connectors/Connector.php(67): PDO::connect()
#1 C:/xampp/htdocs/maternal-care-system/vendor/laravel/framework/src/Illuminate/Database/Connectors/Connector.php(44): Illuminate/Database/Connectors/Connector->createPdoConnection()
#2 C:/xampp/htdocs/maternal-care-system/vendor/laravel/framework/src/Illuminate/Database/Connectors/SQLiteConnector.php(21): Illuminate/Database/Connectors/Connector->createConnection()
#3 C:/xampp/htdocs/maternal-care-system/vendor/laravel/framework/src/Illuminate/Database/Connectors/ConnectionFactory.php(259): Illuminate/Database/Connectors/SQLiteConnector->connect()
#4 [internal function]: Illuminate/Database/Connectors/ConnectionFactory->{closure:Illuminate/Database/Connectors/ConnectionFactory::createPdoResolverWithoutHosts():259}()
#5 C:/xampp/htdocs/maternal-care-system/vendor/laravel/framework/src/Illuminate/Database/Connection.php(1297): call_user_func()
#6 C:/xampp/htdocs/maternal-care-system/vendor/laravel/framework/src/Illuminate/Database/Connection.php(542): Illuminate/Database/Connection->getPdo()
#7 C:/xampp/htdocs/maternal-care-system/vendor/laravel/framework/src/Illuminate/Database/Connection.php(435): Illuminate/Database/Connection->getPdoForSelect()
#8 C:/xampp/htdocs/maternal-care-system/vendor/laravel/framework/src/Illuminate/Database/Connection.php(846): Illuminate/Database/Connection->{closure:Illuminate/Database/Connection::select():426}()
#9 C:/xampp/htdocs/maternal-care-system/vendor/laravel/framework/src/Illuminate/Database/Connection.php(813): Illuminate/Database/Connection->runQueryCallback()
#10 C:/xampp/htdocs/maternal-care-system/vendor/laravel/framework/src/Illuminate/Database/Connection.php(426): Illuminate/Database/Connection->run()
#11 C:/xampp/htdocs/maternal-care-system/vendor/laravel/framework/src/Illuminate/Database/Query/Builder.php(3573): Illuminate/Database/Connection->select()
#12 C:/xampp/htdocs/maternal-care-system/vendor/laravel/framework/src/Illuminate/Database/Query/Builder.php(3557): Illuminate/Database/Query/Builder->runSelect()
#13 C:/xampp/htdocs/maternal-care-system/vendor/laravel/framework/src/Illuminate/Database/Concerns/BuildsQueries.php(366): Illuminate/Database/Query/Builder->get()
#14 C:/xampp/htdocs/maternal-care-system/vendor/laravel/framework/src/Illuminate/Database/Query/Builder.php(3475): Illuminate/Database/Query/Builder->first()
#15 C:/xampp/htdocs/maternal-care-system/vendor/laravel/framework/src/Illuminate/Session/DatabaseSessionHandler.php(96): Illuminate/Database/Query/Builder->find()
#16 C:/xampp/htdocs/maternal-care-system/vendor/laravel/framework/src/Illuminate/Session/Store.php(128): Illuminate/Session/DatabaseSessionHandler->read()
#17 C:/xampp/htdocs/maternal-care-system/vendor/laravel/framework/src/Illuminate/Session/Store.php(116): Illuminate/Session/Store->readFromHandler()
#18 C:/xampp/htdocs/maternal-care-system/vendor/laravel/framework/src/Illuminate/Session/Store.php(100): Illuminate/Session/Store->loadSession()
#19 C:/xampp/htdocs/maternal-care-system/vendor/laravel/framework/src/Illuminate/Session/Middleware/StartSession.php(146): Illuminate/Session/Store->start()
#20 C:/xampp/htdocs/maternal-care-system/vendor/laravel/framework/src/Illuminate/Support/helpers.php(393): Illuminate/Session/Middleware/StartSession->{closure:Illuminate/Session/Middleware/StartSession::startSession():143}()
#21 C:/xampp/htdocs/maternal-care-system/vendor/laravel/framework/src/Illuminate/Session/Middleware/StartSession.php(143): tap()
#22 C:/xampp/htdocs/maternal-care-system/vendor/laravel/framework/src/Illuminate/Session/Middleware/StartSession.php(115): Illuminate/Session/Middleware/StartSession->startSession()
#23 C:/xampp/htdocs/maternal-care-system/vendor/laravel/framework/src/Illuminate/Session/Middleware/StartSession.php(63): Illuminate/Session/Middleware/StartSession->handleStatefulRequest()
#24 C:/xampp/htdocs/maternal-care-system/vendor/laravel/framework/src/Illuminate/Pipeline/Pipeline.php(219): Illuminate/Session/Middleware/StartSession->handle()
#25 C:/xampp/htdocs/maternal-care-system/vendor/laravel/framework/src/Illuminate/Cookie/Middleware/AddQueuedCookiesToResponse.php(36): Illuminate/Pipeline/Pipeline->{closure:{closure:Illuminate/Pipeline/Pipeline::carry():194}:195}()
#26 C:/xampp/htdocs/maternal-care-system/vendor/laravel/framework/src/Illuminate/Pipeline/Pipeline.php(219): Illuminate/Cookie/Middleware/AddQueuedCookiesToResponse->handle()
#27 C:/xampp/htdocs/maternal-care-system/vendor/laravel/framework/src/Illuminate/Cookie/Middleware/EncryptCookies.php(74): Illuminate/Pipeline/Pipeline->{closure:{closure:Illuminate/Pipeline/Pipeline::carry():194}:195}()
#28 C:/xampp/htdocs/maternal-care-system/vendor/laravel/framework/src/Illuminate/Pipeline/Pipeline.php(219): Illuminate/Cookie/Middleware/EncryptCookies->handle()
#29 C:/xampp/htdocs/maternal-care-system/vendor/laravel/framework/src/Illuminate/Pipeline/Pipeline.php(137): Illuminate/Pipeline/Pipeline->{closure:{closure:Illuminate/Pipeline/Pipeline::carry():194}:195}()
#30 C:/xampp/htdocs/maternal-care-system/vendor/laravel/framework/src/Illuminate/Routing/Router.php(821): Illuminate/Pipeline/Pipeline->then()
#31 C:/xampp/htdocs/maternal-care-system/vendor/laravel/framework/src/Illuminate/Routing/Router.php(800): Illuminate/Routing/Router->runRouteWithinStack()
#32 C:/xampp/htdocs/maternal-care-system/vendor/laravel/framework/src/Illuminate/Routing/Router.php(764): Illuminate/Routing/Router->runRoute()
#33 C:/xampp/htdocs/maternal-care-system/vendor/laravel/framework/src/Illuminate/Routing/Router.php(753): Illuminate/Routing/Router->dispatchToRoute()
#34 C:/xampp/htdocs/maternal-care-system/vendor/laravel/framework/src/Illuminate/Foundation/Http/Kernel.php(200): Illuminate/Routing/Router->dispatch()
#35 C:/xampp/htdocs/maternal-care-system/vendor/laravel/framework/src/Illuminate/Pipeline/Pipeline.php(180): Illuminate/Foundation/Http/Kernel->{closure:Illuminate/Foundation/Http/Kernel::dispatchToRouter():197}()
#36 C:/xampp/htdocs/maternal-care-system/vendor/laravel/framework/src/Illuminate/Foundation/Http/Middleware/TransformsRequest.php(21): Illuminate/Pipeline/Pipeline->{closure:Illuminate/Pipeline/Pipeline::prepareDestination():178}()
#37 C:/xampp/htdocs/maternal-care-system/vendor/laravel/framework/src/Illuminate/Foundation/Http/Middleware/ConvertEmptyStringsToNull.php(31): Illuminate/Foundation/Http/Middleware/TransformsRequest->handle()
#38 C:/xampp/htdocs/maternal-care-system/vendor/laravel/framework/src/Illuminate/Pipeline/Pipeline.php(219): Illuminate/Foundation/Http/Middleware/ConvertEmptyStringsToNull->handle()
#39 C:/xampp/htdocs/maternal-care-system/vendor/laravel/framework/src/Illuminate/Foundation/Http/Middleware/TransformsRequest.php(21): Illuminate/Pipeline/Pipeline->{closure:{closure:Illuminate/Pipeline/Pipeline::carry():194}:195}()
#40 C:/xampp/htdocs/maternal-care-system/vendor/laravel/framework/src/Illuminate/Foundation/Http/Middleware/TrimStrings.php(51): Illuminate/Foundation/Http/Middleware/TransformsRequest->handle()
#41 C:/xampp/htdocs/maternal-care-system/vendor/laravel/framework/src/Illuminate/Pipeline/Pipeline.php(219): Illuminate/Foundation/Http/Middleware/TrimStrings->handle()
#42 C:/xampp/htdocs/maternal-care-system/vendor/laravel/framework/src/Illuminate/Http/Middleware/ValidatePostSize.php(27): Illuminate/Pipeline/Pipeline->{closure:{closure:Illuminate/Pipeline/Pipeline::carry():194}:195}()
#43 C:/xampp/htdocs/maternal-care-system/vendor/laravel/framework/src/Illuminate/Pipeline/Pipeline.php(219): Illuminate/Http/Middleware/ValidatePostSize->handle()
#44 C:/xampp/htdocs/maternal-care-system/vendor/laravel/framework/src/Illuminate/Foundation/Http/Middleware/PreventRequestsDuringMaintenance.php(109): Illuminate/Pipeline/Pipeline->{closure:{closure:Illuminate/Pipeline/Pipeline::carry():194}:195}()
#45 C:/xampp/htdocs/maternal-care-system/vendor/laravel/framework/src/Illuminate/Pipeline/Pipeline.php(219): Illuminate/Foundation/Http/Middleware/PreventRequestsDuringMaintenance->handle()
#46 C:/xampp/htdocs/maternal-care-system/vendor/laravel/framework/src/Illuminate/Http/Middleware/HandleCors.php(61): Illuminate/Pipeline/Pipeline->{closure:{closure:Illuminate/Pipeline/Pipeline::carry():194}:195}()
#47 C:/xampp/htdocs/maternal-care-system/vendor/laravel/framework/src/Illuminate/Pipeline/Pipeline.php(219): Illuminate/Http/Middleware/HandleCors->handle()
#48 C:/xampp/htdocs/maternal-care-system/vendor/laravel/framework/src/Illuminate/Http/Middleware/TrustProxies.php(58): Illuminate/Pipeline/Pipeline->{closure:{closure:Illuminate/Pipeline/Pipeline::carry():194}:195}()
#49 C:/xampp/htdocs/maternal-care-system/vendor/laravel/framework/src/Illuminate/Pipeline/Pipeline.php(219): Illuminate/Http/Middleware/TrustProxies->handle()
#50 C:/xampp/htdocs/maternal-care-system/vendor/laravel/framework/src/Illuminate/Foundation/Http/Middleware/InvokeDeferredCallbacks.php(22): Illuminate/Pipeline/Pipeline->{closure:{closure:Illuminate/Pipeline/Pipeline::carry():194}:195}()
#51 C:/xampp/htdocs/maternal-care-system/vendor/laravel/framework/src/Illuminate/Pipeline/Pipeline.php(219): Illuminate/Foundation/Http/Middleware/InvokeDeferredCallbacks->handle()
#52 C:/xampp/htdocs/maternal-care-system/vendor/laravel/framework/src/Illuminate/Http/Middleware/ValidatePathEncoding.php(28): Illuminate/Pipeline/Pipeline->{closure:{closure:Illuminate/Pipeline/Pipeline::carry():194}:195}()
#53 C:/xampp/htdocs/maternal-care-system/vendor/laravel/framework/src/Illuminate/Pipeline/Pipeline.php(219): Illuminate/Http/Middleware/ValidatePathEncoding->handle()
#54 C:/xampp/htdocs/maternal-care-system/vendor/laravel/framework/src/Illuminate/Pipeline/Pipeline.php(137): Illuminate/Pipeline/Pipeline->{closure:{closure:Illuminate/Pipeline/Pipeline::carry():194}:195}()
#55 C:/xampp/htdocs/maternal-care-system/vendor/laravel/framework/src/Illuminate/Foundation/Http/Kernel.php(175): Illuminate/Pipeline/Pipeline->then()
#56 C:/xampp/htdocs/maternal-care-system/vendor/laravel/framework/src/Illuminate/Foundation/Http/Kernel.php(144): Illuminate/Foundation/Http/Kernel->sendRequestThroughRouter()
#57 C:/xampp/htdocs/maternal-care-system/vendor/laravel/framework/src/Illuminate/Foundation/Application.php(1220): Illuminate/Foundation/Http/Kernel->handle()
#58 C:/xampp/htdocs/maternal-care-system/public/index.php(20): Illuminate/Foundation/Application->handleRequest()
#59 C:/xampp/htdocs/maternal-care-system/vendor/laravel/framework/src/Illuminate/Foundation/resources/server.php(23): require_once('...')
#60 {main}
"} 
[2026-07-15 18:02:36] local.ERROR: SQLSTATE[42S02]: Base table or view not found: 1146 Table 'maternal_care_system.cache' doesn't exist (Connection: mysql, Host: 127.0.0.1, Port: 3306, Database: maternal_care_system, SQL: delete from `cache`) {"exception":"[object] (Illuminate\\Database\\QueryException(code: 42S02): SQLSTATE[42S02]: Base table or view not found: 1146 Table 'maternal_care_system.cache' doesn't exist (Connection: mysql, Host: 127.0.0.1, Port: 3306, Database: maternal_care_system, SQL: delete from `cache`) at C:/xampp/htdocs/maternal-care-system/vendor/laravel/framework/src/Illuminate/Database/Connection.php:857)
[stacktrace]
#0 C:/xampp/htdocs/maternal-care-system/vendor/laravel/framework/src/Illuminate/Database/Connection.php(813): Illuminate/Database/Connection->runQueryCallback()
#1 C:/xampp/htdocs/maternal-care-system/vendor/laravel/framework/src/Illuminate/Database/Connection.php(614): Illuminate/Database/Connection->run()
#2 C:/xampp/htdocs/maternal-care-system/vendor/laravel/framework/src/Illuminate/Database/Connection.php(578): Illuminate/Database/Connection->affectingStatement()
#3 C:/xampp/htdocs/maternal-care-system/vendor/laravel/framework/src/Illuminate/Database/Query/Builder.php(4520): Illuminate/Database/Connection->delete()
#4 C:/xampp/htdocs/maternal-care-system/vendor/laravel/framework/src/Illuminate/Cache/DatabaseStore.php(450): Illuminate/Database/Query/Builder->delete()
#5 C:/xampp/htdocs/maternal-care-system/vendor/laravel/framework/src/Illuminate/Cache/Repository.php(1070): Illuminate/Cache/DatabaseStore->flush()
#6 C:/xampp/htdocs/maternal-care-system/vendor/laravel/framework/src/Illuminate/Cache/Console/ClearCommand.php(80): Illuminate/Cache/Repository->__call()
#7 C:/xampp/htdocs/maternal-care-system/vendor/laravel/framework/src/Illuminate/Container/BoundMethod.php(36): Illuminate/Cache/Console/ClearCommand->handle()
#8 C:/xampp/htdocs/maternal-care-system/vendor/laravel/framework/src/Illuminate/Container/Util.php(43): Illuminate/Container/BoundMethod::{closure:Illuminate/Container/BoundMethod::call():35}()
#9 C:/xampp/htdocs/maternal-care-system/vendor/laravel/framework/src/Illuminate/Container/BoundMethod.php(96): Illuminate/Container/Util::unwrapIfClosure()
#10 C:/xampp/htdocs/maternal-care-system/vendor/laravel/framework/src/Illuminate/Container/BoundMethod.php(35): Illuminate/Container/BoundMethod::callBoundMethod()
#11 C:/xampp/htdocs/maternal-care-system/vendor/laravel/framework/src/Illuminate/Container/Container.php(799): Illuminate/Container/BoundMethod::call()
#12 C:/xampp/htdocs/maternal-care-system/vendor/laravel/framework/src/Illuminate/Console/Command.php(280): Illuminate/Container/Container->call()
#13 C:/xampp/htdocs/maternal-care-system/vendor/symfony/console/Command/Command.php(284): Illuminate/Console/Command->execute()
#14 C:/xampp/htdocs/maternal-care-system/vendor/laravel/framework/src/Illuminate/Console/Command.php(249): Symfony/Component/Console/Command/Command->run()
#15 C:/xampp/htdocs/maternal-care-system/vendor/symfony/console/Application.php(1144): Illuminate/Console/Command->run()
#16 C:/xampp/htdocs/maternal-care-system/vendor/symfony/console/Application.php(379): Symfony/Component/Console/Application->doRunCommand()
#17 C:/xampp/htdocs/maternal-care-system/vendor/symfony/console/Application.php(218): Symfony/Component/Console/Application->doRun()
#18 C:/xampp/htdocs/maternal-care-system/vendor/laravel/framework/src/Illuminate/Foundation/Console/Kernel.php(198): Symfony/Component/Console/Application->run()
#19 C:/xampp/htdocs/maternal-care-system/vendor/laravel/framework/src/Illuminate/Foundation/Application.php(1235): Illuminate/Foundation/Console/Kernel->handle()
#20 C:/xampp/htdocs/maternal-care-system/artisan(16): Illuminate/Foundation/Application->handleCommand()
#21 {main}

[previous exception] [object] (PDOException(code: 42S02): SQLSTATE[42S02]: Base table or view not found: 1146 Table 'maternal_care_system.cache' doesn't exist at C:/xampp/htdocs/maternal-care-system/vendor/laravel/framework/src/Illuminate/Database/Connection.php:622)
[stacktrace]
#0 C:/xampp/htdocs/maternal-care-system/vendor/laravel/framework/src/Illuminate/Database/Connection.php(622): PDO->prepare()
#1 C:/xampp/htdocs/maternal-care-system/vendor/laravel/framework/src/Illuminate/Database/Connection.php(846): Illuminate/Database/Connection->{closure:Illuminate/Database/Connection::affectingStatement():614}()
#2 C:/xampp/htdocs/maternal-care-system/vendor/laravel/framework/src/Illuminate/Database/Connection.php(813): Illuminate/Database/Connection->runQueryCallback()
#3 C:/xampp/htdocs/maternal-care-system/vendor/laravel/framework/src/Illuminate/Database/Connection.php(614): Illuminate/Database/Connection->run()
#4 C:/xampp/htdocs/maternal-care-system/vendor/laravel/framework/src/Illuminate/Database/Connection.php(578): Illuminate/Database/Connection->affectingStatement()
#5 C:/xampp/htdocs/maternal-care-system/vendor/laravel/framework/src/Illuminate/Database/Query/Builder.php(4520): Illuminate/Database/Connection->delete()
#6 C:/xampp/htdocs/maternal-care-system/vendor/laravel/framework/src/Illuminate/Cache/DatabaseStore.php(450): Illuminate/Database/Query/Builder->delete()
#7 C:/xampp/htdocs/maternal-care-system/vendor/laravel/framework/src/Illuminate/Cache/Repository.php(1070): Illuminate/Cache/DatabaseStore->flush()
#8 C:/xampp/htdocs/maternal-care-system/vendor/laravel/framework/src/Illuminate/Cache/Console/ClearCommand.php(80): Illuminate/Cache/Repository->__call()
#9 C:/xampp/htdocs/maternal-care-system/vendor/laravel/framework/src/Illuminate/Container/BoundMethod.php(36): Illuminate/Cache/Console/ClearCommand->handle()
#10 C:/xampp/htdocs/maternal-care-system/vendor/laravel/framework/src/Illuminate/Container/Util.php(43): Illuminate/Container/BoundMethod::{closure:Illuminate/Container/BoundMethod::call():35}()
#11 C:/xampp/htdocs/maternal-care-system/vendor/laravel/framework/src/Illuminate/Container/BoundMethod.php(96): Illuminate/Container/Util::unwrapIfClosure()
#12 C:/xampp/htdocs/maternal-care-system/vendor/laravel/framework/src/Illuminate/Container/BoundMethod.php(35): Illuminate/Container/BoundMethod::callBoundMethod()
#13 C:/xampp/htdocs/maternal-care-system/vendor/laravel/framework/src/Illuminate/Container/Container.php(799): Illuminate/Container/BoundMethod::call()
#14 C:/xampp/htdocs/maternal-care-system/vendor/laravel/framework/src/Illuminate/Console/Command.php(280): Illuminate/Container/Container->call()
#15 C:/xampp/htdocs/maternal-care-system/vendor/symfony/console/Command/Command.php(284): Illuminate/Console/Command->execute()
#16 C:/xampp/htdocs/maternal-care-system/vendor/laravel/framework/src/Illuminate/Console/Command.php(249): Symfony/Component/Console/Command/Command->run()
#17 C:/xampp/htdocs/maternal-care-system/vendor/symfony/console/Application.php(1144): Illuminate/Console/Command->run()
#18 C:/xampp/htdocs/maternal-care-system/vendor/symfony/console/Application.php(379): Symfony/Component/Console/Application->doRunCommand()
#19 C:/xampp/htdocs/maternal-care-system/vendor/symfony/console/Application.php(218): Symfony/Component/Console/Application->doRun()
#20 C:/xampp/htdocs/maternal-care-system/vendor/laravel/framework/src/Illuminate/Foundation/Console/Kernel.php(198): Symfony/Component/Console/Application->run()
#21 C:/xampp/htdocs/maternal-care-system/vendor/laravel/framework/src/Illuminate/Foundation/Application.php(1235): Illuminate/Foundation/Console/Kernel->handle()
#22 C:/xampp/htdocs/maternal-care-system/artisan(16): Illuminate/Foundation/Application->handleCommand()
#23 {main}
"} 
[2026-07-15 18:03:04] local.ERROR: SQLSTATE[42S02]: Base table or view not found: 1146 Table 'maternal_care_system.cache' doesn't exist (Connection: mysql, Host: 127.0.0.1, Port: 3306, Database: maternal_care_system, SQL: delete from `cache`) {"exception":"[object] (Illuminate\\Database\\QueryException(code: 42S02): SQLSTATE[42S02]: Base table or view not found: 1146 Table 'maternal_care_system.cache' doesn't exist (Connection: mysql, Host: 127.0.0.1, Port: 3306, Database: maternal_care_system, SQL: delete from `cache`) at C:/xampp/htdocs/maternal-care-system/vendor/laravel/framework/src/Illuminate/Database/Connection.php:857)
[stacktrace]
#0 C:/xampp/htdocs/maternal-care-system/vendor/laravel/framework/src/Illuminate/Database/Connection.php(813): Illuminate/Database/Connection->runQueryCallback()
#1 C:/xampp/htdocs/maternal-care-system/vendor/laravel/framework/src/Illuminate/Database/Connection.php(614): Illuminate/Database/Connection->run()
#2 C:/xampp/htdocs/maternal-care-system/vendor/laravel/framework/src/Illuminate/Database/Connection.php(578): Illuminate/Database/Connection->affectingStatement()
#3 C:/xampp/htdocs/maternal-care-system/vendor/laravel/framework/src/Illuminate/Database/Query/Builder.php(4520): Illuminate/Database/Connection->delete()
#4 C:/xampp/htdocs/maternal-care-system/vendor/laravel/framework/src/Illuminate/Cache/DatabaseStore.php(450): Illuminate/Database/Query/Builder->delete()
#5 C:/xampp/htdocs/maternal-care-system/vendor/laravel/framework/src/Illuminate/Cache/Repository.php(1070): Illuminate/Cache/DatabaseStore->flush()
#6 C:/xampp/htdocs/maternal-care-system/vendor/laravel/framework/src/Illuminate/Cache/Console/ClearCommand.php(80): Illuminate/Cache/Repository->__call()
#7 C:/xampp/htdocs/maternal-care-system/vendor/laravel/framework/src/Illuminate/Container/BoundMethod.php(36): Illuminate/Cache/Console/ClearCommand->handle()
#8 C:/xampp/htdocs/maternal-care-system/vendor/laravel/framework/src/Illuminate/Container/Util.php(43): Illuminate/Container/BoundMethod::{closure:Illuminate/Container/BoundMethod::call():35}()
#9 C:/xampp/htdocs/maternal-care-system/vendor/laravel/framework/src/Illuminate/Container/BoundMethod.php(96): Illuminate/Container/Util::unwrapIfClosure()
#10 C:/xampp/htdocs/maternal-care-system/vendor/laravel/framework/src/Illuminate/Container/BoundMethod.php(35): Illuminate/Container/BoundMethod::callBoundMethod()
#11 C:/xampp/htdocs/maternal-care-system/vendor/laravel/framework/src/Illuminate/Container/Container.php(799): Illuminate/Container/BoundMethod::call()
#12 C:/xampp/htdocs/maternal-care-system/vendor/laravel/framework/src/Illuminate/Console/Command.php(280): Illuminate/Container/Container->call()
#13 C:/xampp/htdocs/maternal-care-system/vendor/symfony/console/Command/Command.php(284): Illuminate/Console/Command->execute()
#14 C:/xampp/htdocs/maternal-care-system/vendor/laravel/framework/src/Illuminate/Console/Command.php(249): Symfony/Component/Console/Command/Command->run()
#15 C:/xampp/htdocs/maternal-care-system/vendor/laravel/framework/src/Illuminate/Console/Concerns/CallsCommands.php(68): Illuminate/Console/Command->run()
#16 C:/xampp/htdocs/maternal-care-system/vendor/laravel/framework/src/Illuminate/Console/Concerns/CallsCommands.php(41): Illuminate/Console/Command->runCommand()
#17 C:/xampp/htdocs/maternal-care-system/vendor/laravel/framework/src/Illuminate/Console/Concerns/CallsCommands.php(53): Illuminate/Console/Command->callSilent()
#18 C:/xampp/htdocs/maternal-care-system/vendor/laravel/framework/src/Illuminate/Foundation/Console/OptimizeClearCommand.php(48): Illuminate/Console/Command->callSilently()
#19 C:/xampp/htdocs/maternal-care-system/vendor/laravel/framework/src/Illuminate/Console/View/Components/Task.php(43): Illuminate/Foundation/Console/OptimizeClearCommand->{closure:Illuminate/Foundation/Console/OptimizeClearCommand::handle():48}()
#20 C:/xampp/htdocs/maternal-care-system/vendor/laravel/framework/src/Illuminate/Console/View/Components/Factory.php(59): Illuminate/Console/View/Components/Task->render()
#21 C:/xampp/htdocs/maternal-care-system/vendor/laravel/framework/src/Illuminate/Foundation/Console/OptimizeClearCommand.php(48): Illuminate/Console/View/Components/Factory->__call()
#22 C:/xampp/htdocs/maternal-care-system/vendor/laravel/framework/src/Illuminate/Container/BoundMethod.php(36): Illuminate/Foundation/Console/OptimizeClearCommand->handle()
#23 C:/xampp/htdocs/maternal-care-system/vendor/laravel/framework/src/Illuminate/Container/Util.php(43): Illuminate/Container/BoundMethod::{closure:Illuminate/Container/BoundMethod::call():35}()
#24 C:/xampp/htdocs/maternal-care-system/vendor/laravel/framework/src/Illuminate/Container/BoundMethod.php(96): Illuminate/Container/Util::unwrapIfClosure()
#25 C:/xampp/htdocs/maternal-care-system/vendor/laravel/framework/src/Illuminate/Container/BoundMethod.php(35): Illuminate/Container/BoundMethod::callBoundMethod()
#26 C:/xampp/htdocs/maternal-care-system/vendor/laravel/framework/src/Illuminate/Container/Container.php(799): Illuminate/Container/BoundMethod::call()
#27 C:/xampp/htdocs/maternal-care-system/vendor/laravel/framework/src/Illuminate/Console/Command.php(280): Illuminate/Container/Container->call()
#28 C:/xampp/htdocs/maternal-care-system/vendor/symfony/console/Command/Command.php(284): Illuminate/Console/Command->execute()
#29 C:/xampp/htdocs/maternal-care-system/vendor/laravel/framework/src/Illuminate/Console/Command.php(249): Symfony/Component/Console/Command/Command->run()
#30 C:/xampp/htdocs/maternal-care-system/vendor/symfony/console/Application.php(1144): Illuminate/Console/Command->run()
#31 C:/xampp/htdocs/maternal-care-system/vendor/symfony/console/Application.php(379): Symfony/Component/Console/Application->doRunCommand()
#32 C:/xampp/htdocs/maternal-care-system/vendor/symfony/console/Application.php(218): Symfony/Component/Console/Application->doRun()
#33 C:/xampp/htdocs/maternal-care-system/vendor/laravel/framework/src/Illuminate/Foundation/Console/Kernel.php(198): Symfony/Component/Console/Application->run()
#34 C:/xampp/htdocs/maternal-care-system/vendor/laravel/framework/src/Illuminate/Foundation/Application.php(1235): Illuminate/Foundation/Console/Kernel->handle()
#35 C:/xampp/htdocs/maternal-care-system/artisan(16): Illuminate/Foundation/Application->handleCommand()
#36 {main}

[previous exception] [object] (PDOException(code: 42S02): SQLSTATE[42S02]: Base table or view not found: 1146 Table 'maternal_care_system.cache' doesn't exist at C:/xampp/htdocs/maternal-care-system/vendor/laravel/framework/src/Illuminate/Database/Connection.php:622)
[stacktrace]
#0 C:/xampp/htdocs/maternal-care-system/vendor/laravel/framework/src/Illuminate/Database/Connection.php(622): PDO->prepare()
#1 C:/xampp/htdocs/maternal-care-system/vendor/laravel/framework/src/Illuminate/Database/Connection.php(846): Illuminate/Database/Connection->{closure:Illuminate/Database/Connection::affectingStatement():614}()
#2 C:/xampp/htdocs/maternal-care-system/vendor/laravel/framework/src/Illuminate/Database/Connection.php(813): Illuminate/Database/Connection->runQueryCallback()
#3 C:/xampp/htdocs/maternal-care-system/vendor/laravel/framework/src/Illuminate/Database/Connection.php(614): Illuminate/Database/Connection->run()
#4 C:/xampp/htdocs/maternal-care-system/vendor/laravel/framework/src/Illuminate/Database/Connection.php(578): Illuminate/Database/Connection->affectingStatement()
#5 C:/xampp/htdocs/maternal-care-system/vendor/laravel/framework/src/Illuminate/Database/Query/Builder.php(4520): Illuminate/Database/Connection->delete()
#6 C:/xampp/htdocs/maternal-care-system/vendor/laravel/framework/src/Illuminate/Cache/DatabaseStore.php(450): Illuminate/Database/Query/Builder->delete()
#7 C:/xampp/htdocs/maternal-care-system/vendor/laravel/framework/src/Illuminate/Cache/Repository.php(1070): Illuminate/Cache/DatabaseStore->flush()
#8 C:/xampp/htdocs/maternal-care-system/vendor/laravel/framework/src/Illuminate/Cache/Console/ClearCommand.php(80): Illuminate/Cache/Repository->__call()
#9 C:/xampp/htdocs/maternal-care-system/vendor/laravel/framework/src/Illuminate/Container/BoundMethod.php(36): Illuminate/Cache/Console/ClearCommand->handle()
#10 C:/xampp/htdocs/maternal-care-system/vendor/laravel/framework/src/Illuminate/Container/Util.php(43): Illuminate/Container/BoundMethod::{closure:Illuminate/Container/BoundMethod::call():35}()
#11 C:/xampp/htdocs/maternal-care-system/vendor/laravel/framework/src/Illuminate/Container/BoundMethod.php(96): Illuminate/Container/Util::unwrapIfClosure()
#12 C:/xampp/htdocs/maternal-care-system/vendor/laravel/framework/src/Illuminate/Container/BoundMethod.php(35): Illuminate/Container/BoundMethod::callBoundMethod()
#13 C:/xampp/htdocs/maternal-care-system/vendor/laravel/framework/src/Illuminate/Container/Container.php(799): Illuminate/Container/BoundMethod::call()
#14 C:/xampp/htdocs/maternal-care-system/vendor/laravel/framework/src/Illuminate/Console/Command.php(280): Illuminate/Container/Container->call()
#15 C:/xampp/htdocs/maternal-care-system/vendor/symfony/console/Command/Command.php(284): Illuminate/Console/Command->execute()
#16 C:/xampp/htdocs/maternal-care-system/vendor/laravel/framework/src/Illuminate/Console/Command.php(249): Symfony/Component/Console/Command/Command->run()
#17 C:/xampp/htdocs/maternal-care-system/vendor/laravel/framework/src/Illuminate/Console/Concerns/CallsCommands.php(68): Illuminate/Console/Command->run()
#18 C:/xampp/htdocs/maternal-care-system/vendor/laravel/framework/src/Illuminate/Console/Concerns/CallsCommands.php(41): Illuminate/Console/Command->runCommand()
#19 C:/xampp/htdocs/maternal-care-system/vendor/laravel/framework/src/Illuminate/Console/Concerns/CallsCommands.php(53): Illuminate/Console/Command->callSilent()
#20 C:/xampp/htdocs/maternal-care-system/vendor/laravel/framework/src/Illuminate/Foundation/Console/OptimizeClearCommand.php(48): Illuminate/Console/Command->callSilently()
#21 C:/xampp/htdocs/maternal-care-system/vendor/laravel/framework/src/Illuminate/Console/View/Components/Task.php(43): Illuminate/Foundation/Console/OptimizeClearCommand->{closure:Illuminate/Foundation/Console/OptimizeClearCommand::handle():48}()
#22 C:/xampp/htdocs/maternal-care-system/vendor/laravel/framework/src/Illuminate/Console/View/Components/Factory.php(59): Illuminate/Console/View/Components/Task->render()
#23 C:/xampp/htdocs/maternal-care-system/vendor/laravel/framework/src/Illuminate/Foundation/Console/OptimizeClearCommand.php(48): Illuminate/Console/View/Components/Factory->__call()
#24 C:/xampp/htdocs/maternal-care-system/vendor/laravel/framework/src/Illuminate/Container/BoundMethod.php(36): Illuminate/Foundation/Console/OptimizeClearCommand->handle()
#25 C:/xampp/htdocs/maternal-care-system/vendor/laravel/framework/src/Illuminate/Container/Util.php(43): Illuminate/Container/BoundMethod::{closure:Illuminate/Container/BoundMethod::call():35}()
#26 C:/xampp/htdocs/maternal-care-system/vendor/laravel/framework/src/Illuminate/Container/BoundMethod.php(96): Illuminate/Container/Util::unwrapIfClosure()
#27 C:/xampp/htdocs/maternal-care-system/vendor/laravel/framework/src/Illuminate/Container/BoundMethod.php(35): Illuminate/Container/BoundMethod::callBoundMethod()
#28 C:/xampp/htdocs/maternal-care-system/vendor/laravel/framework/src/Illuminate/Container/Container.php(799): Illuminate/Container/BoundMethod::call()
#29 C:/xampp/htdocs/maternal-care-system/vendor/laravel/framework/src/Illuminate/Console/Command.php(280): Illuminate/Container/Container->call()
#30 C:/xampp/htdocs/maternal-care-system/vendor/symfony/console/Command/Command.php(284): Illuminate/Console/Command->execute()
#31 C:/xampp/htdocs/maternal-care-system/vendor/laravel/framework/src/Illuminate/Console/Command.php(249): Symfony/Component/Console/Command/Command->run()
#32 C:/xampp/htdocs/maternal-care-system/vendor/symfony/console/Application.php(1144): Illuminate/Console/Command->run()
#33 C:/xampp/htdocs/maternal-care-system/vendor/symfony/console/Application.php(379): Symfony/Component/Console/Application->doRunCommand()
#34 C:/xampp/htdocs/maternal-care-system/vendor/symfony/console/Application.php(218): Symfony/Component/Console/Application->doRun()
#35 C:/xampp/htdocs/maternal-care-system/vendor/laravel/framework/src/Illuminate/Foundation/Console/Kernel.php(198): Symfony/Component/Console/Application->run()
#36 C:/xampp/htdocs/maternal-care-system/vendor/laravel/framework/src/Illuminate/Foundation/Application.php(1235): Illuminate/Foundation/Console/Kernel->handle()
#37 C:/xampp/htdocs/maternal-care-system/artisan(16): Illuminate/Foundation/Application->handleCommand()
#38 {main}
"} 
[2026-07-16 05:01:52] local.ERROR: Route [home] not defined. (View: C:\xampp\htdocs\maternal-care-system\resources\views\midwife\dashboard.blade.php) {"exception":"[object] (Illuminate\\View\\ViewException(code: 0): Route [home] not defined. (View: C:\\xampp\\htdocs\\maternal-care-system\\resources\\views\\midwife\\dashboard.blade.php) at C:/xampp/htdocs/maternal-care-system/vendor/laravel/framework/src/Illuminate/Routing/UrlGenerator.php:540)
[stacktrace]
#0 C:/xampp/htdocs/maternal-care-system/vendor/laravel/framework/src/Illuminate/View/Engines/PhpEngine.php(59): Illuminate/View/Engines/CompilerEngine->handleViewException()
#1 C:/xampp/htdocs/maternal-care-system/vendor/laravel/framework/src/Illuminate/View/Engines/CompilerEngine.php(76): Illuminate/View/Engines/PhpEngine->evaluatePath()
#2 C:/xampp/htdocs/maternal-care-system/vendor/laravel/framework/src/Illuminate/View/View.php(208): Illuminate/View/Engines/CompilerEngine->get()
#3 C:/xampp/htdocs/maternal-care-system/vendor/laravel/framework/src/Illuminate/View/View.php(191): Illuminate/View/View->getContents()
#4 C:/xampp/htdocs/maternal-care-system/vendor/laravel/framework/src/Illuminate/View/View.php(160): Illuminate/View/View->renderContents()
#5 C:/xampp/htdocs/maternal-care-system/vendor/laravel/framework/src/Illuminate/Http/Response.php(82): Illuminate/View/View->render()
#6 C:/xampp/htdocs/maternal-care-system/vendor/laravel/framework/src/Illuminate/Http/Response.php(40): Illuminate/Http/Response->setContent()
#7 C:/xampp/htdocs/maternal-care-system/vendor/laravel/framework/src/Illuminate/Routing/Router.php(939): Illuminate/Http/Response->__construct()
#8 C:/xampp/htdocs/maternal-care-system/vendor/laravel/framework/src/Illuminate/Routing/Router.php(906): Illuminate/Routing/Router::toResponse()
#9 C:/xampp/htdocs/maternal-care-system/vendor/laravel/framework/src/Illuminate/Routing/Router.php(821): Illuminate/Routing/Router->prepareResponse()
#10 C:/xampp/htdocs/maternal-care-system/vendor/laravel/framework/src/Illuminate/Pipeline/Pipeline.php(180): Illuminate/Routing/Router->{closure:Illuminate/Routing/Router::runRouteWithinStack():821}()
#11 C:/xampp/htdocs/maternal-care-system/vendor/laravel/framework/src/Illuminate/Routing/Middleware/SubstituteBindings.php(52): Illuminate/Pipeline/Pipeline->{closure:Illuminate/Pipeline/Pipeline::prepareDestination():178}()
#12 C:/xampp/htdocs/maternal-care-system/vendor/laravel/framework/src/Illuminate/Pipeline/Pipeline.php(219): Illuminate/Routing/Middleware/SubstituteBindings->handle()
#13 C:/xampp/htdocs/maternal-care-system/vendor/laravel/framework/src/Illuminate/Foundation/Http/Middleware/PreventRequestForgery.php(104): Illuminate/Pipeline/Pipeline->{closure:{closure:Illuminate/Pipeline/Pipeline::carry():194}:195}()
#14 C:/xampp/htdocs/maternal-care-system/vendor/laravel/framework/src/Illuminate/Pipeline/Pipeline.php(219): Illuminate/Foundation/Http/Middleware/PreventRequestForgery->handle()
#15 C:/xampp/htdocs/maternal-care-system/vendor/laravel/framework/src/Illuminate/View/Middleware/ShareErrorsFromSession.php(48): Illuminate/Pipeline/Pipeline->{closure:{closure:Illuminate/Pipeline/Pipeline::carry():194}:195}()
#16 C:/xampp/htdocs/maternal-care-system/vendor/laravel/framework/src/Illuminate/Pipeline/Pipeline.php(219): Illuminate/View/Middleware/ShareErrorsFromSession->handle()
#17 C:/xampp/htdocs/maternal-care-system/vendor/laravel/framework/src/Illuminate/Session/Middleware/StartSession.php(120): Illuminate/Pipeline/Pipeline->{closure:{closure:Illuminate/Pipeline/Pipeline::carry():194}:195}()
#18 C:/xampp/htdocs/maternal-care-system/vendor/laravel/framework/src/Illuminate/Session/Middleware/StartSession.php(63): Illuminate/Session/Middleware/StartSession->handleStatefulRequest()
#19 C:/xampp/htdocs/maternal-care-system/vendor/laravel/framework/src/Illuminate/Pipeline/Pipeline.php(219): Illuminate/Session/Middleware/StartSession->handle()
#20 C:/xampp/htdocs/maternal-care-system/vendor/laravel/framework/src/Illuminate/Cookie/Middleware/AddQueuedCookiesToResponse.php(36): Illuminate/Pipeline/Pipeline->{closure:{closure:Illuminate/Pipeline/Pipeline::carry():194}:195}()
#21 C:/xampp/htdocs/maternal-care-system/vendor/laravel/framework/src/Illuminate/Pipeline/Pipeline.php(219): Illuminate/Cookie/Middleware/AddQueuedCookiesToResponse->handle()
#22 C:/xampp/htdocs/maternal-care-system/vendor/laravel/framework/src/Illuminate/Cookie/Middleware/EncryptCookies.php(74): Illuminate/Pipeline/Pipeline->{closure:{closure:Illuminate/Pipeline/Pipeline::carry():194}:195}()
#23 C:/xampp/htdocs/maternal-care-system/vendor/laravel/framework/src/Illuminate/Pipeline/Pipeline.php(219): Illuminate/Cookie/Middleware/EncryptCookies->handle()
#24 C:/xampp/htdocs/maternal-care-system/vendor/laravel/framework/src/Illuminate/Pipeline/Pipeline.php(137): Illuminate/Pipeline/Pipeline->{closure:{closure:Illuminate/Pipeline/Pipeline::carry():194}:195}()
#25 C:/xampp/htdocs/maternal-care-system/vendor/laravel/framework/src/Illuminate/Routing/Router.php(821): Illuminate/Pipeline/Pipeline->then()
#26 C:/xampp/htdocs/maternal-care-system/vendor/laravel/framework/src/Illuminate/Routing/Router.php(800): Illuminate/Routing/Router->runRouteWithinStack()
#27 C:/xampp/htdocs/maternal-care-system/vendor/laravel/framework/src/Illuminate/Routing/Router.php(764): Illuminate/Routing/Router->runRoute()
#28 C:/xampp/htdocs/maternal-care-system/vendor/laravel/framework/src/Illuminate/Routing/Router.php(753): Illuminate/Routing/Router->dispatchToRoute()
#29 C:/xampp/htdocs/maternal-care-system/vendor/laravel/framework/src/Illuminate/Foundation/Http/Kernel.php(200): Illuminate/Routing/Router->dispatch()
#30 C:/xampp/htdocs/maternal-care-system/vendor/laravel/framework/src/Illuminate/Pipeline/Pipeline.php(180): Illuminate/Foundation/Http/Kernel->{closure:Illuminate/Foundation/Http/Kernel::dispatchToRouter():197}()
#31 C:/xampp/htdocs/maternal-care-system/vendor/laravel/framework/src/Illuminate/Foundation/Http/Middleware/TransformsRequest.php(21): Illuminate/Pipeline/Pipeline->{closure:Illuminate/Pipeline/Pipeline::prepareDestination():178}()
#32 C:/xampp/htdocs/maternal-care-system/vendor/laravel/framework/src/Illuminate/Foundation/Http/Middleware/ConvertEmptyStringsToNull.php(31): Illuminate/Foundation/Http/Middleware/TransformsRequest->handle()
#33 C:/xampp/htdocs/maternal-care-system/vendor/laravel/framework/src/Illuminate/Pipeline/Pipeline.php(219): Illuminate/Foundation/Http/Middleware/ConvertEmptyStringsToNull->handle()
#34 C:/xampp/htdocs/maternal-care-system/vendor/laravel/framework/src/Illuminate/Foundation/Http/Middleware/TransformsRequest.php(21): Illuminate/Pipeline/Pipeline->{closure:{closure:Illuminate/Pipeline/Pipeline::carry():194}:195}()
#35 C:/xampp/htdocs/maternal-care-system/vendor/laravel/framework/src/Illuminate/Foundation/Http/Middleware/TrimStrings.php(51): Illuminate/Foundation/Http/Middleware/TransformsRequest->handle()
#36 C:/xampp/htdocs/maternal-care-system/vendor/laravel/framework/src/Illuminate/Pipeline/Pipeline.php(219): Illuminate/Foundation/Http/Middleware/TrimStrings->handle()
#37 C:/xampp/htdocs/maternal-care-system/vendor/laravel/framework/src/Illuminate/Http/Middleware/ValidatePostSize.php(27): Illuminate/Pipeline/Pipeline->{closure:{closure:Illuminate/Pipeline/Pipeline::carry():194}:195}()
#38 C:/xampp/htdocs/maternal-care-system/vendor/laravel/framework/src/Illuminate/Pipeline/Pipeline.php(219): Illuminate/Http/Middleware/ValidatePostSize->handle()
#39 C:/xampp/htdocs/maternal-care-system/vendor/laravel/framework/src/Illuminate/Foundation/Http/Middleware/PreventRequestsDuringMaintenance.php(109): Illuminate/Pipeline/Pipeline->{closure:{closure:Illuminate/Pipeline/Pipeline::carry():194}:195}()
#40 C:/xampp/htdocs/maternal-care-system/vendor/laravel/framework/src/Illuminate/Pipeline/Pipeline.php(219): Illuminate/Foundation/Http/Middleware/PreventRequestsDuringMaintenance->handle()
#41 C:/xampp/htdocs/maternal-care-system/vendor/laravel/framework/src/Illuminate/Http/Middleware/HandleCors.php(61): Illuminate/Pipeline/Pipeline->{closure:{closure:Illuminate/Pipeline/Pipeline::carry():194}:195}()
#42 C:/xampp/htdocs/maternal-care-system/vendor/laravel/framework/src/Illuminate/Pipeline/Pipeline.php(219): Illuminate/Http/Middleware/HandleCors->handle()
#43 C:/xampp/htdocs/maternal-care-system/vendor/laravel/framework/src/Illuminate/Http/Middleware/TrustProxies.php(58): Illuminate/Pipeline/Pipeline->{closure:{closure:Illuminate/Pipeline/Pipeline::carry():194}:195}()
#44 C:/xampp/htdocs/maternal-care-system/vendor/laravel/framework/src/Illuminate/Pipeline/Pipeline.php(219): Illuminate/Http/Middleware/TrustProxies->handle()
#45 C:/xampp/htdocs/maternal-care-system/vendor/laravel/framework/src/Illuminate/Foundation/Http/Middleware/InvokeDeferredCallbacks.php(22): Illuminate/Pipeline/Pipeline->{closure:{closure:Illuminate/Pipeline/Pipeline::carry():194}:195}()
#46 C:/xampp/htdocs/maternal-care-system/vendor/laravel/framework/src/Illuminate/Pipeline/Pipeline.php(219): Illuminate/Foundation/Http/Middleware/InvokeDeferredCallbacks->handle()
#47 C:/xampp/htdocs/maternal-care-system/vendor/laravel/framework/src/Illuminate/Http/Middleware/ValidatePathEncoding.php(28): Illuminate/Pipeline/Pipeline->{closure:{closure:Illuminate/Pipeline/Pipeline::carry():194}:195}()
#48 C:/xampp/htdocs/maternal-care-system/vendor/laravel/framework/src/Illuminate/Pipeline/Pipeline.php(219): Illuminate/Http/Middleware/ValidatePathEncoding->handle()
#49 C:/xampp/htdocs/maternal-care-system/vendor/laravel/framework/src/Illuminate/Pipeline/Pipeline.php(137): Illuminate/Pipeline/Pipeline->{closure:{closure:Illuminate/Pipeline/Pipeline::carry():194}:195}()
#50 C:/xampp/htdocs/maternal-care-system/vendor/laravel/framework/src/Illuminate/Foundation/Http/Kernel.php(175): Illuminate/Pipeline/Pipeline->then()
#51 C:/xampp/htdocs/maternal-care-system/vendor/laravel/framework/src/Illuminate/Foundation/Http/Kernel.php(144): Illuminate/Foundation/Http/Kernel->sendRequestThroughRouter()
#52 C:/xampp/htdocs/maternal-care-system/vendor/laravel/framework/src/Illuminate/Foundation/Application.php(1220): Illuminate/Foundation/Http/Kernel->handle()
#53 C:/xampp/htdocs/maternal-care-system/public/index.php(20): Illuminate/Foundation/Application->handleRequest()
#54 C:/xampp/htdocs/maternal-care-system/vendor/laravel/framework/src/Illuminate/Foundation/resources/server.php(23): require_once('...')
#55 {main}

[previous exception] [object] (Symfony\\Component\\Routing\\Exception\\RouteNotFoundException(code: 0): Route [home] not defined. at C:/xampp/htdocs/maternal-care-system/vendor/laravel/framework/src/Illuminate/Routing/UrlGenerator.php:540)
[stacktrace]
#0 C:/xampp/htdocs/maternal-care-system/vendor/laravel/framework/src/Illuminate/Foundation/helpers.php(870): Illuminate/Routing/UrlGenerator->route()
#1 C:/xampp/htdocs/maternal-care-system/storage/framework/views/71a181a2303d5ce66cf8a0680ac6d921.php(98): route()
#2 C:/xampp/htdocs/maternal-care-system/vendor/laravel/framework/src/Illuminate/Filesystem/Filesystem.php(123): require('...')
#3 C:/xampp/htdocs/maternal-care-system/vendor/laravel/framework/src/Illuminate/Filesystem/Filesystem.php(124): Illuminate/Filesystem/Filesystem::{closure:Illuminate/Filesystem/Filesystem::getRequire():120}()
#4 C:/xampp/htdocs/maternal-care-system/vendor/laravel/framework/src/Illuminate/View/Engines/PhpEngine.php(57): Illuminate/Filesystem/Filesystem->getRequire()
#5 C:/xampp/htdocs/maternal-care-system/vendor/laravel/framework/src/Illuminate/View/Engines/CompilerEngine.php(76): Illuminate/View/Engines/PhpEngine->evaluatePath()
#6 C:/xampp/htdocs/maternal-care-system/vendor/laravel/framework/src/Illuminate/View/View.php(208): Illuminate/View/Engines/CompilerEngine->get()
#7 C:/xampp/htdocs/maternal-care-system/vendor/laravel/framework/src/Illuminate/View/View.php(191): Illuminate/View/View->getContents()
#8 C:/xampp/htdocs/maternal-care-system/vendor/laravel/framework/src/Illuminate/View/View.php(160): Illuminate/View/View->renderContents()
#9 C:/xampp/htdocs/maternal-care-system/vendor/laravel/framework/src/Illuminate/Http/Response.php(82): Illuminate/View/View->render()
#10 C:/xampp/htdocs/maternal-care-system/vendor/laravel/framework/src/Illuminate/Http/Response.php(40): Illuminate/Http/Response->setContent()
#11 C:/xampp/htdocs/maternal-care-system/vendor/laravel/framework/src/Illuminate/Routing/Router.php(939): Illuminate/Http/Response->__construct()
#12 C:/xampp/htdocs/maternal-care-system/vendor/laravel/framework/src/Illuminate/Routing/Router.php(906): Illuminate/Routing/Router::toResponse()
#13 C:/xampp/htdocs/maternal-care-system/vendor/laravel/framework/src/Illuminate/Routing/Router.php(821): Illuminate/Routing/Router->prepareResponse()
#14 C:/xampp/htdocs/maternal-care-system/vendor/laravel/framework/src/Illuminate/Pipeline/Pipeline.php(180): Illuminate/Routing/Router->{closure:Illuminate/Routing/Router::runRouteWithinStack():821}()
#15 C:/xampp/htdocs/maternal-care-system/vendor/laravel/framework/src/Illuminate/Routing/Middleware/SubstituteBindings.php(52): Illuminate/Pipeline/Pipeline->{closure:Illuminate/Pipeline/Pipeline::prepareDestination():178}()
#16 C:/xampp/htdocs/maternal-care-system/vendor/laravel/framework/src/Illuminate/Pipeline/Pipeline.php(219): Illuminate/Routing/Middleware/SubstituteBindings->handle()
#17 C:/xampp/htdocs/maternal-care-system/vendor/laravel/framework/src/Illuminate/Foundation/Http/Middleware/PreventRequestForgery.php(104): Illuminate/Pipeline/Pipeline->{closure:{closure:Illuminate/Pipeline/Pipeline::carry():194}:195}()
#18 C:/xampp/htdocs/maternal-care-system/vendor/laravel/framework/src/Illuminate/Pipeline/Pipeline.php(219): Illuminate/Foundation/Http/Middleware/PreventRequestForgery->handle()
#19 C:/xampp/htdocs/maternal-care-system/vendor/laravel/framework/src/Illuminate/View/Middleware/ShareErrorsFromSession.php(48): Illuminate/Pipeline/Pipeline->{closure:{closure:Illuminate/Pipeline/Pipeline::carry():194}:195}()
#20 C:/xampp/htdocs/maternal-care-system/vendor/laravel/framework/src/Illuminate/Pipeline/Pipeline.php(219): Illuminate/View/Middleware/ShareErrorsFromSession->handle()
#21 C:/xampp/htdocs/maternal-care-system/vendor/laravel/framework/src/Illuminate/Session/Middleware/StartSession.php(120): Illuminate/Pipeline/Pipeline->{closure:{closure:Illuminate/Pipeline/Pipeline::carry():194}:195}()
#22 C:/xampp/htdocs/maternal-care-system/vendor/laravel/framework/src/Illuminate/Session/Middleware/StartSession.php(63): Illuminate/Session/Middleware/StartSession->handleStatefulRequest()
#23 C:/xampp/htdocs/maternal-care-system/vendor/laravel/framework/src/Illuminate/Pipeline/Pipeline.php(219): Illuminate/Session/Middleware/StartSession->handle()
#24 C:/xampp/htdocs/maternal-care-system/vendor/laravel/framework/src/Illuminate/Cookie/Middleware/AddQueuedCookiesToResponse.php(36): Illuminate/Pipeline/Pipeline->{closure:{closure:Illuminate/Pipeline/Pipeline::carry():194}:195}()
#25 C:/xampp/htdocs/maternal-care-system/vendor/laravel/framework/src/Illuminate/Pipeline/Pipeline.php(219): Illuminate/Cookie/Middleware/AddQueuedCookiesToResponse->handle()
#26 C:/xampp/htdocs/maternal-care-system/vendor/laravel/framework/src/Illuminate/Cookie/Middleware/EncryptCookies.php(74): Illuminate/Pipeline/Pipeline->{closure:{closure:Illuminate/Pipeline/Pipeline::carry():194}:195}()
#27 C:/xampp/htdocs/maternal-care-system/vendor/laravel/framework/src/Illuminate/Pipeline/Pipeline.php(219): Illuminate/Cookie/Middleware/EncryptCookies->handle()
#28 C:/xampp/htdocs/maternal-care-system/vendor/laravel/framework/src/Illuminate/Pipeline/Pipeline.php(137): Illuminate/Pipeline/Pipeline->{closure:{closure:Illuminate/Pipeline/Pipeline::carry():194}:195}()
#29 C:/xampp/htdocs/maternal-care-system/vendor/laravel/framework/src/Illuminate/Routing/Router.php(821): Illuminate/Pipeline/Pipeline->then()
#30 C:/xampp/htdocs/maternal-care-system/vendor/laravel/framework/src/Illuminate/Routing/Router.php(800): Illuminate/Routing/Router->runRouteWithinStack()
#31 C:/xampp/htdocs/maternal-care-system/vendor/laravel/framework/src/Illuminate/Routing/Router.php(764): Illuminate/Routing/Router->runRoute()
#32 C:/xampp/htdocs/maternal-care-system/vendor/laravel/framework/src/Illuminate/Routing/Router.php(753): Illuminate/Routing/Router->dispatchToRoute()
#33 C:/xampp/htdocs/maternal-care-system/vendor/laravel/framework/src/Illuminate/Foundation/Http/Kernel.php(200): Illuminate/Routing/Router->dispatch()
#34 C:/xampp/htdocs/maternal-care-system/vendor/laravel/framework/src/Illuminate/Pipeline/Pipeline.php(180): Illuminate/Foundation/Http/Kernel->{closure:Illuminate/Foundation/Http/Kernel::dispatchToRouter():197}()
#35 C:/xampp/htdocs/maternal-care-system/vendor/laravel/framework/src/Illuminate/Foundation/Http/Middleware/TransformsRequest.php(21): Illuminate/Pipeline/Pipeline->{closure:Illuminate/Pipeline/Pipeline::prepareDestination():178}()
#36 C:/xampp/htdocs/maternal-care-system/vendor/laravel/framework/src/Illuminate/Foundation/Http/Middleware/ConvertEmptyStringsToNull.php(31): Illuminate/Foundation/Http/Middleware/TransformsRequest->handle()
#37 C:/xampp/htdocs/maternal-care-system/vendor/laravel/framework/src/Illuminate/Pipeline/Pipeline.php(219): Illuminate/Foundation/Http/Middleware/ConvertEmptyStringsToNull->handle()
#38 C:/xampp/htdocs/maternal-care-system/vendor/laravel/framework/src/Illuminate/Foundation/Http/Middleware/TransformsRequest.php(21): Illuminate/Pipeline/Pipeline->{closure:{closure:Illuminate/Pipeline/Pipeline::carry():194}:195}()
#39 C:/xampp/htdocs/maternal-care-system/vendor/laravel/framework/src/Illuminate/Foundation/Http/Middleware/TrimStrings.php(51): Illuminate/Foundation/Http/Middleware/TransformsRequest->handle()
#40 C:/xampp/htdocs/maternal-care-system/vendor/laravel/framework/src/Illuminate/Pipeline/Pipeline.php(219): Illuminate/Foundation/Http/Middleware/TrimStrings->handle()
#41 C:/xampp/htdocs/maternal-care-system/vendor/laravel/framework/src/Illuminate/Http/Middleware/ValidatePostSize.php(27): Illuminate/Pipeline/Pipeline->{closure:{closure:Illuminate/Pipeline/Pipeline::carry():194}:195}()
#42 C:/xampp/htdocs/maternal-care-system/vendor/laravel/framework/src/Illuminate/Pipeline/Pipeline.php(219): Illuminate/Http/Middleware/ValidatePostSize->handle()
#43 C:/xampp/htdocs/maternal-care-system/vendor/laravel/framework/src/Illuminate/Foundation/Http/Middleware/PreventRequestsDuringMaintenance.php(109): Illuminate/Pipeline/Pipeline->{closure:{closure:Illuminate/Pipeline/Pipeline::carry():194}:195}()
#44 C:/xampp/htdocs/maternal-care-system/vendor/laravel/framework/src/Illuminate/Pipeline/Pipeline.php(219): Illuminate/Foundation/Http/Middleware/PreventRequestsDuringMaintenance->handle()
#45 C:/xampp/htdocs/maternal-care-system/vendor/laravel/framework/src/Illuminate/Http/Middleware/HandleCors.php(61): Illuminate/Pipeline/Pipeline->{closure:{closure:Illuminate/Pipeline/Pipeline::carry():194}:195}()
#46 C:/xampp/htdocs/maternal-care-system/vendor/laravel/framework/src/Illuminate/Pipeline/Pipeline.php(219): Illuminate/Http/Middleware/HandleCors->handle()
#47 C:/xampp/htdocs/maternal-care-system/vendor/laravel/framework/src/Illuminate/Http/Middleware/TrustProxies.php(58): Illuminate/Pipeline/Pipeline->{closure:{closure:Illuminate/Pipeline/Pipeline::carry():194}:195}()
#48 C:/xampp/htdocs/maternal-care-system/vendor/laravel/framework/src/Illuminate/Pipeline/Pipeline.php(219): Illuminate/Http/Middleware/TrustProxies->handle()
#49 C:/xampp/htdocs/maternal-care-system/vendor/laravel/framework/src/Illuminate/Foundation/Http/Middleware/InvokeDeferredCallbacks.php(22): Illuminate/Pipeline/Pipeline->{closure:{closure:Illuminate/Pipeline/Pipeline::carry():194}:195}()
#50 C:/xampp/htdocs/maternal-care-system/vendor/laravel/framework/src/Illuminate/Pipeline/Pipeline.php(219): Illuminate/Foundation/Http/Middleware/InvokeDeferredCallbacks->handle()
#51 C:/xampp/htdocs/maternal-care-system/vendor/laravel/framework/src/Illuminate/Http/Middleware/ValidatePathEncoding.php(28): Illuminate/Pipeline/Pipeline->{closure:{closure:Illuminate/Pipeline/Pipeline::carry():194}:195}()
#52 C:/xampp/htdocs/maternal-care-system/vendor/laravel/framework/src/Illuminate/Pipeline/Pipeline.php(219): Illuminate/Http/Middleware/ValidatePathEncoding->handle()
#53 C:/xampp/htdocs/maternal-care-system/vendor/laravel/framework/src/Illuminate/Pipeline/Pipeline.php(137): Illuminate/Pipeline/Pipeline->{closure:{closure:Illuminate/Pipeline/Pipeline::carry():194}:195}()
#54 C:/xampp/htdocs/maternal-care-system/vendor/laravel/framework/src/Illuminate/Foundation/Http/Kernel.php(175): Illuminate/Pipeline/Pipeline->then()
#55 C:/xampp/htdocs/maternal-care-system/vendor/laravel/framework/src/Illuminate/Foundation/Http/Kernel.php(144): Illuminate/Foundation/Http/Kernel->sendRequestThroughRouter()
#56 C:/xampp/htdocs/maternal-care-system/vendor/laravel/framework/src/Illuminate/Foundation/Application.php(1220): Illuminate/Foundation/Http/Kernel->handle()
#57 C:/xampp/htdocs/maternal-care-system/public/index.php(20): Illuminate/Foundation/Application->handleRequest()
#58 C:/xampp/htdocs/maternal-care-system/vendor/laravel/framework/src/Illuminate/Foundation/resources/server.php(23): require_once('...')
#59 {main}
"} 
[2026-07-16 05:02:21] local.ERROR: Route [home] not defined. (View: C:\xampp\htdocs\maternal-care-system\resources\views\midwife\dashboard.blade.php) {"exception":"[object] (Illuminate\\View\\ViewException(code: 0): Route [home] not defined. (View: C:\\xampp\\htdocs\\maternal-care-system\\resources\\views\\midwife\\dashboard.blade.php) at C:/xampp/htdocs/maternal-care-system/vendor/laravel/framework/src/Illuminate/Routing/UrlGenerator.php:540)
[stacktrace]
#0 C:/xampp/htdocs/maternal-care-system/vendor/laravel/framework/src/Illuminate/View/Engines/PhpEngine.php(59): Illuminate/View/Engines/CompilerEngine->handleViewException()
#1 C:/xampp/htdocs/maternal-care-system/vendor/laravel/framework/src/Illuminate/View/Engines/CompilerEngine.php(76): Illuminate/View/Engines/PhpEngine->evaluatePath()
#2 C:/xampp/htdocs/maternal-care-system/vendor/laravel/framework/src/Illuminate/View/View.php(208): Illuminate/View/Engines/CompilerEngine->get()
#3 C:/xampp/htdocs/maternal-care-system/vendor/laravel/framework/src/Illuminate/View/View.php(191): Illuminate/View/View->getContents()
#4 C:/xampp/htdocs/maternal-care-system/vendor/laravel/framework/src/Illuminate/View/View.php(160): Illuminate/View/View->renderContents()
#5 C:/xampp/htdocs/maternal-care-system/vendor/laravel/framework/src/Illuminate/Http/Response.php(82): Illuminate/View/View->render()
#6 C:/xampp/htdocs/maternal-care-system/vendor/laravel/framework/src/Illuminate/Http/Response.php(40): Illuminate/Http/Response->setContent()
#7 C:/xampp/htdocs/maternal-care-system/vendor/laravel/framework/src/Illuminate/Routing/Router.php(939): Illuminate/Http/Response->__construct()
#8 C:/xampp/htdocs/maternal-care-system/vendor/laravel/framework/src/Illuminate/Routing/Router.php(906): Illuminate/Routing/Router::toResponse()
#9 C:/xampp/htdocs/maternal-care-system/vendor/laravel/framework/src/Illuminate/Routing/Router.php(821): Illuminate/Routing/Router->prepareResponse()
#10 C:/xampp/htdocs/maternal-care-system/vendor/laravel/framework/src/Illuminate/Pipeline/Pipeline.php(180): Illuminate/Routing/Router->{closure:Illuminate/Routing/Router::runRouteWithinStack():821}()
#11 C:/xampp/htdocs/maternal-care-system/vendor/laravel/framework/src/Illuminate/Routing/Middleware/SubstituteBindings.php(52): Illuminate/Pipeline/Pipeline->{closure:Illuminate/Pipeline/Pipeline::prepareDestination():178}()
#12 C:/xampp/htdocs/maternal-care-system/vendor/laravel/framework/src/Illuminate/Pipeline/Pipeline.php(219): Illuminate/Routing/Middleware/SubstituteBindings->handle()
#13 C:/xampp/htdocs/maternal-care-system/vendor/laravel/framework/src/Illuminate/Foundation/Http/Middleware/PreventRequestForgery.php(104): Illuminate/Pipeline/Pipeline->{closure:{closure:Illuminate/Pipeline/Pipeline::carry():194}:195}()
#14 C:/xampp/htdocs/maternal-care-system/vendor/laravel/framework/src/Illuminate/Pipeline/Pipeline.php(219): Illuminate/Foundation/Http/Middleware/PreventRequestForgery->handle()
#15 C:/xampp/htdocs/maternal-care-system/vendor/laravel/framework/src/Illuminate/View/Middleware/ShareErrorsFromSession.php(48): Illuminate/Pipeline/Pipeline->{closure:{closure:Illuminate/Pipeline/Pipeline::carry():194}:195}()
#16 C:/xampp/htdocs/maternal-care-system/vendor/laravel/framework/src/Illuminate/Pipeline/Pipeline.php(219): Illuminate/View/Middleware/ShareErrorsFromSession->handle()
#17 C:/xampp/htdocs/maternal-care-system/vendor/laravel/framework/src/Illuminate/Session/Middleware/StartSession.php(120): Illuminate/Pipeline/Pipeline->{closure:{closure:Illuminate/Pipeline/Pipeline::carry():194}:195}()
#18 C:/xampp/htdocs/maternal-care-system/vendor/laravel/framework/src/Illuminate/Session/Middleware/StartSession.php(63): Illuminate/Session/Middleware/StartSession->handleStatefulRequest()
#19 C:/xampp/htdocs/maternal-care-system/vendor/laravel/framework/src/Illuminate/Pipeline/Pipeline.php(219): Illuminate/Session/Middleware/StartSession->handle()
#20 C:/xampp/htdocs/maternal-care-system/vendor/laravel/framework/src/Illuminate/Cookie/Middleware/AddQueuedCookiesToResponse.php(36): Illuminate/Pipeline/Pipeline->{closure:{closure:Illuminate/Pipeline/Pipeline::carry():194}:195}()
#21 C:/xampp/htdocs/maternal-care-system/vendor/laravel/framework/src/Illuminate/Pipeline/Pipeline.php(219): Illuminate/Cookie/Middleware/AddQueuedCookiesToResponse->handle()
#22 C:/xampp/htdocs/maternal-care-system/vendor/laravel/framework/src/Illuminate/Cookie/Middleware/EncryptCookies.php(74): Illuminate/Pipeline/Pipeline->{closure:{closure:Illuminate/Pipeline/Pipeline::carry():194}:195}()
#23 C:/xampp/htdocs/maternal-care-system/vendor/laravel/framework/src/Illuminate/Pipeline/Pipeline.php(219): Illuminate/Cookie/Middleware/EncryptCookies->handle()
#24 C:/xampp/htdocs/maternal-care-system/vendor/laravel/framework/src/Illuminate/Pipeline/Pipeline.php(137): Illuminate/Pipeline/Pipeline->{closure:{closure:Illuminate/Pipeline/Pipeline::carry():194}:195}()
#25 C:/xampp/htdocs/maternal-care-system/vendor/laravel/framework/src/Illuminate/Routing/Router.php(821): Illuminate/Pipeline/Pipeline->then()
#26 C:/xampp/htdocs/maternal-care-system/vendor/laravel/framework/src/Illuminate/Routing/Router.php(800): Illuminate/Routing/Router->runRouteWithinStack()
#27 C:/xampp/htdocs/maternal-care-system/vendor/laravel/framework/src/Illuminate/Routing/Router.php(764): Illuminate/Routing/Router->runRoute()
#28 C:/xampp/htdocs/maternal-care-system/vendor/laravel/framework/src/Illuminate/Routing/Router.php(753): Illuminate/Routing/Router->dispatchToRoute()
#29 C:/xampp/htdocs/maternal-care-system/vendor/laravel/framework/src/Illuminate/Foundation/Http/Kernel.php(200): Illuminate/Routing/Router->dispatch()
#30 C:/xampp/htdocs/maternal-care-system/vendor/laravel/framework/src/Illuminate/Pipeline/Pipeline.php(180): Illuminate/Foundation/Http/Kernel->{closure:Illuminate/Foundation/Http/Kernel::dispatchToRouter():197}()
#31 C:/xampp/htdocs/maternal-care-system/vendor/laravel/framework/src/Illuminate/Foundation/Http/Middleware/TransformsRequest.php(21): Illuminate/Pipeline/Pipeline->{closure:Illuminate/Pipeline/Pipeline::prepareDestination():178}()
#32 C:/xampp/htdocs/maternal-care-system/vendor/laravel/framework/src/Illuminate/Foundation/Http/Middleware/ConvertEmptyStringsToNull.php(31): Illuminate/Foundation/Http/Middleware/TransformsRequest->handle()
#33 C:/xampp/htdocs/maternal-care-system/vendor/laravel/framework/src/Illuminate/Pipeline/Pipeline.php(219): Illuminate/Foundation/Http/Middleware/ConvertEmptyStringsToNull->handle()
#34 C:/xampp/htdocs/maternal-care-system/vendor/laravel/framework/src/Illuminate/Foundation/Http/Middleware/TransformsRequest.php(21): Illuminate/Pipeline/Pipeline->{closure:{closure:Illuminate/Pipeline/Pipeline::carry():194}:195}()
#35 C:/xampp/htdocs/maternal-care-system/vendor/laravel/framework/src/Illuminate/Foundation/Http/Middleware/TrimStrings.php(51): Illuminate/Foundation/Http/Middleware/TransformsRequest->handle()
#36 C:/xampp/htdocs/maternal-care-system/vendor/laravel/framework/src/Illuminate/Pipeline/Pipeline.php(219): Illuminate/Foundation/Http/Middleware/TrimStrings->handle()
#37 C:/xampp/htdocs/maternal-care-system/vendor/laravel/framework/src/Illuminate/Http/Middleware/ValidatePostSize.php(27): Illuminate/Pipeline/Pipeline->{closure:{closure:Illuminate/Pipeline/Pipeline::carry():194}:195}()
#38 C:/xampp/htdocs/maternal-care-system/vendor/laravel/framework/src/Illuminate/Pipeline/Pipeline.php(219): Illuminate/Http/Middleware/ValidatePostSize->handle()
#39 C:/xampp/htdocs/maternal-care-system/vendor/laravel/framework/src/Illuminate/Foundation/Http/Middleware/PreventRequestsDuringMaintenance.php(109): Illuminate/Pipeline/Pipeline->{closure:{closure:Illuminate/Pipeline/Pipeline::carry():194}:195}()
#40 C:/xampp/htdocs/maternal-care-system/vendor/laravel/framework/src/Illuminate/Pipeline/Pipeline.php(219): Illuminate/Foundation/Http/Middleware/PreventRequestsDuringMaintenance->handle()
#41 C:/xampp/htdocs/maternal-care-system/vendor/laravel/framework/src/Illuminate/Http/Middleware/HandleCors.php(61): Illuminate/Pipeline/Pipeline->{closure:{closure:Illuminate/Pipeline/Pipeline::carry():194}:195}()
#42 C:/xampp/htdocs/maternal-care-system/vendor/laravel/framework/src/Illuminate/Pipeline/Pipeline.php(219): Illuminate/Http/Middleware/HandleCors->handle()
#43 C:/xampp/htdocs/maternal-care-system/vendor/laravel/framework/src/Illuminate/Http/Middleware/TrustProxies.php(58): Illuminate/Pipeline/Pipeline->{closure:{closure:Illuminate/Pipeline/Pipeline::carry():194}:195}()
#44 C:/xampp/htdocs/maternal-care-system/vendor/laravel/framework/src/Illuminate/Pipeline/Pipeline.php(219): Illuminate/Http/Middleware/TrustProxies->handle()
#45 C:/xampp/htdocs/maternal-care-system/vendor/laravel/framework/src/Illuminate/Foundation/Http/Middleware/InvokeDeferredCallbacks.php(22): Illuminate/Pipeline/Pipeline->{closure:{closure:Illuminate/Pipeline/Pipeline::carry():194}:195}()
#46 C:/xampp/htdocs/maternal-care-system/vendor/laravel/framework/src/Illuminate/Pipeline/Pipeline.php(219): Illuminate/Foundation/Http/Middleware/InvokeDeferredCallbacks->handle()
#47 C:/xampp/htdocs/maternal-care-system/vendor/laravel/framework/src/Illuminate/Http/Middleware/ValidatePathEncoding.php(28): Illuminate/Pipeline/Pipeline->{closure:{closure:Illuminate/Pipeline/Pipeline::carry():194}:195}()
#48 C:/xampp/htdocs/maternal-care-system/vendor/laravel/framework/src/Illuminate/Pipeline/Pipeline.php(219): Illuminate/Http/Middleware/ValidatePathEncoding->handle()
#49 C:/xampp/htdocs/maternal-care-system/vendor/laravel/framework/src/Illuminate/Pipeline/Pipeline.php(137): Illuminate/Pipeline/Pipeline->{closure:{closure:Illuminate/Pipeline/Pipeline::carry():194}:195}()
#50 C:/xampp/htdocs/maternal-care-system/vendor/laravel/framework/src/Illuminate/Foundation/Http/Kernel.php(175): Illuminate/Pipeline/Pipeline->then()
#51 C:/xampp/htdocs/maternal-care-system/vendor/laravel/framework/src/Illuminate/Foundation/Http/Kernel.php(144): Illuminate/Foundation/Http/Kernel->sendRequestThroughRouter()
#52 C:/xampp/htdocs/maternal-care-system/vendor/laravel/framework/src/Illuminate/Foundation/Application.php(1220): Illuminate/Foundation/Http/Kernel->handle()
#53 C:/xampp/htdocs/maternal-care-system/public/index.php(20): Illuminate/Foundation/Application->handleRequest()
#54 C:/xampp/htdocs/maternal-care-system/vendor/laravel/framework/src/Illuminate/Foundation/resources/server.php(23): require_once('...')
#55 {main}

[previous exception] [object] (Symfony\\Component\\Routing\\Exception\\RouteNotFoundException(code: 0): Route [home] not defined. at C:/xampp/htdocs/maternal-care-system/vendor/laravel/framework/src/Illuminate/Routing/UrlGenerator.php:540)
[stacktrace]
#0 C:/xampp/htdocs/maternal-care-system/vendor/laravel/framework/src/Illuminate/Foundation/helpers.php(870): Illuminate/Routing/UrlGenerator->route()
#1 C:/xampp/htdocs/maternal-care-system/storage/framework/views/71a181a2303d5ce66cf8a0680ac6d921.php(98): route()
#2 C:/xampp/htdocs/maternal-care-system/vendor/laravel/framework/src/Illuminate/Filesystem/Filesystem.php(123): require('...')
#3 C:/xampp/htdocs/maternal-care-system/vendor/laravel/framework/src/Illuminate/Filesystem/Filesystem.php(124): Illuminate/Filesystem/Filesystem::{closure:Illuminate/Filesystem/Filesystem::getRequire():120}()
#4 C:/xampp/htdocs/maternal-care-system/vendor/laravel/framework/src/Illuminate/View/Engines/PhpEngine.php(57): Illuminate/Filesystem/Filesystem->getRequire()
#5 C:/xampp/htdocs/maternal-care-system/vendor/laravel/framework/src/Illuminate/View/Engines/CompilerEngine.php(76): Illuminate/View/Engines/PhpEngine->evaluatePath()
#6 C:/xampp/htdocs/maternal-care-system/vendor/laravel/framework/src/Illuminate/View/View.php(208): Illuminate/View/Engines/CompilerEngine->get()
#7 C:/xampp/htdocs/maternal-care-system/vendor/laravel/framework/src/Illuminate/View/View.php(191): Illuminate/View/View->getContents()
#8 C:/xampp/htdocs/maternal-care-system/vendor/laravel/framework/src/Illuminate/View/View.php(160): Illuminate/View/View->renderContents()
#9 C:/xampp/htdocs/maternal-care-system/vendor/laravel/framework/src/Illuminate/Http/Response.php(82): Illuminate/View/View->render()
#10 C:/xampp/htdocs/maternal-care-system/vendor/laravel/framework/src/Illuminate/Http/Response.php(40): Illuminate/Http/Response->setContent()
#11 C:/xampp/htdocs/maternal-care-system/vendor/laravel/framework/src/Illuminate/Routing/Router.php(939): Illuminate/Http/Response->__construct()
#12 C:/xampp/htdocs/maternal-care-system/vendor/laravel/framework/src/Illuminate/Routing/Router.php(906): Illuminate/Routing/Router::toResponse()
#13 C:/xampp/htdocs/maternal-care-system/vendor/laravel/framework/src/Illuminate/Routing/Router.php(821): Illuminate/Routing/Router->prepareResponse()
#14 C:/xampp/htdocs/maternal-care-system/vendor/laravel/framework/src/Illuminate/Pipeline/Pipeline.php(180): Illuminate/Routing/Router->{closure:Illuminate/Routing/Router::runRouteWithinStack():821}()
#15 C:/xampp/htdocs/maternal-care-system/vendor/laravel/framework/src/Illuminate/Routing/Middleware/SubstituteBindings.php(52): Illuminate/Pipeline/Pipeline->{closure:Illuminate/Pipeline/Pipeline::prepareDestination():178}()
#16 C:/xampp/htdocs/maternal-care-system/vendor/laravel/framework/src/Illuminate/Pipeline/Pipeline.php(219): Illuminate/Routing/Middleware/SubstituteBindings->handle()
#17 C:/xampp/htdocs/maternal-care-system/vendor/laravel/framework/src/Illuminate/Foundation/Http/Middleware/PreventRequestForgery.php(104): Illuminate/Pipeline/Pipeline->{closure:{closure:Illuminate/Pipeline/Pipeline::carry():194}:195}()
#18 C:/xampp/htdocs/maternal-care-system/vendor/laravel/framework/src/Illuminate/Pipeline/Pipeline.php(219): Illuminate/Foundation/Http/Middleware/PreventRequestForgery->handle()
#19 C:/xampp/htdocs/maternal-care-system/vendor/laravel/framework/src/Illuminate/View/Middleware/ShareErrorsFromSession.php(48): Illuminate/Pipeline/Pipeline->{closure:{closure:Illuminate/Pipeline/Pipeline::carry():194}:195}()
#20 C:/xampp/htdocs/maternal-care-system/vendor/laravel/framework/src/Illuminate/Pipeline/Pipeline.php(219): Illuminate/View/Middleware/ShareErrorsFromSession->handle()
#21 C:/xampp/htdocs/maternal-care-system/vendor/laravel/framework/src/Illuminate/Session/Middleware/StartSession.php(120): Illuminate/Pipeline/Pipeline->{closure:{closure:Illuminate/Pipeline/Pipeline::carry():194}:195}()
#22 C:/xampp/htdocs/maternal-care-system/vendor/laravel/framework/src/Illuminate/Session/Middleware/StartSession.php(63): Illuminate/Session/Middleware/StartSession->handleStatefulRequest()
#23 C:/xampp/htdocs/maternal-care-system/vendor/laravel/framework/src/Illuminate/Pipeline/Pipeline.php(219): Illuminate/Session/Middleware/StartSession->handle()
#24 C:/xampp/htdocs/maternal-care-system/vendor/laravel/framework/src/Illuminate/Cookie/Middleware/AddQueuedCookiesToResponse.php(36): Illuminate/Pipeline/Pipeline->{closure:{closure:Illuminate/Pipeline/Pipeline::carry():194}:195}()
#25 C:/xampp/htdocs/maternal-care-system/vendor/laravel/framework/src/Illuminate/Pipeline/Pipeline.php(219): Illuminate/Cookie/Middleware/AddQueuedCookiesToResponse->handle()
#26 C:/xampp/htdocs/maternal-care-system/vendor/laravel/framework/src/Illuminate/Cookie/Middleware/EncryptCookies.php(74): Illuminate/Pipeline/Pipeline->{closure:{closure:Illuminate/Pipeline/Pipeline::carry():194}:195}()
#27 C:/xampp/htdocs/maternal-care-system/vendor/laravel/framework/src/Illuminate/Pipeline/Pipeline.php(219): Illuminate/Cookie/Middleware/EncryptCookies->handle()
#28 C:/xampp/htdocs/maternal-care-system/vendor/laravel/framework/src/Illuminate/Pipeline/Pipeline.php(137): Illuminate/Pipeline/Pipeline->{closure:{closure:Illuminate/Pipeline/Pipeline::carry():194}:195}()
#29 C:/xampp/htdocs/maternal-care-system/vendor/laravel/framework/src/Illuminate/Routing/Router.php(821): Illuminate/Pipeline/Pipeline->then()
#30 C:/xampp/htdocs/maternal-care-system/vendor/laravel/framework/src/Illuminate/Routing/Router.php(800): Illuminate/Routing/Router->runRouteWithinStack()
#31 C:/xampp/htdocs/maternal-care-system/vendor/laravel/framework/src/Illuminate/Routing/Router.php(764): Illuminate/Routing/Router->runRoute()
#32 C:/xampp/htdocs/maternal-care-system/vendor/laravel/framework/src/Illuminate/Routing/Router.php(753): Illuminate/Routing/Router->dispatchToRoute()
#33 C:/xampp/htdocs/maternal-care-system/vendor/laravel/framework/src/Illuminate/Foundation/Http/Kernel.php(200): Illuminate/Routing/Router->dispatch()
#34 C:/xampp/htdocs/maternal-care-system/vendor/laravel/framework/src/Illuminate/Pipeline/Pipeline.php(180): Illuminate/Foundation/Http/Kernel->{closure:Illuminate/Foundation/Http/Kernel::dispatchToRouter():197}()
#35 C:/xampp/htdocs/maternal-care-system/vendor/laravel/framework/src/Illuminate/Foundation/Http/Middleware/TransformsRequest.php(21): Illuminate/Pipeline/Pipeline->{closure:Illuminate/Pipeline/Pipeline::prepareDestination():178}()
#36 C:/xampp/htdocs/maternal-care-system/vendor/laravel/framework/src/Illuminate/Foundation/Http/Middleware/ConvertEmptyStringsToNull.php(31): Illuminate/Foundation/Http/Middleware/TransformsRequest->handle()
#37 C:/xampp/htdocs/maternal-care-system/vendor/laravel/framework/src/Illuminate/Pipeline/Pipeline.php(219): Illuminate/Foundation/Http/Middleware/ConvertEmptyStringsToNull->handle()
#38 C:/xampp/htdocs/maternal-care-system/vendor/laravel/framework/src/Illuminate/Foundation/Http/Middleware/TransformsRequest.php(21): Illuminate/Pipeline/Pipeline->{closure:{closure:Illuminate/Pipeline/Pipeline::carry():194}:195}()
#39 C:/xampp/htdocs/maternal-care-system/vendor/laravel/framework/src/Illuminate/Foundation/Http/Middleware/TrimStrings.php(51): Illuminate/Foundation/Http/Middleware/TransformsRequest->handle()
#40 C:/xampp/htdocs/maternal-care-system/vendor/laravel/framework/src/Illuminate/Pipeline/Pipeline.php(219): Illuminate/Foundation/Http/Middleware/TrimStrings->handle()
#41 C:/xampp/htdocs/maternal-care-system/vendor/laravel/framework/src/Illuminate/Http/Middleware/ValidatePostSize.php(27): Illuminate/Pipeline/Pipeline->{closure:{closure:Illuminate/Pipeline/Pipeline::carry():194}:195}()
#42 C:/xampp/htdocs/maternal-care-system/vendor/laravel/framework/src/Illuminate/Pipeline/Pipeline.php(219): Illuminate/Http/Middleware/ValidatePostSize->handle()
#43 C:/xampp/htdocs/maternal-care-system/vendor/laravel/framework/src/Illuminate/Foundation/Http/Middleware/PreventRequestsDuringMaintenance.php(109): Illuminate/Pipeline/Pipeline->{closure:{closure:Illuminate/Pipeline/Pipeline::carry():194}:195}()
#44 C:/xampp/htdocs/maternal-care-system/vendor/laravel/framework/src/Illuminate/Pipeline/Pipeline.php(219): Illuminate/Foundation/Http/Middleware/PreventRequestsDuringMaintenance->handle()
#45 C:/xampp/htdocs/maternal-care-system/vendor/laravel/framework/src/Illuminate/Http/Middleware/HandleCors.php(61): Illuminate/Pipeline/Pipeline->{closure:{closure:Illuminate/Pipeline/Pipeline::carry():194}:195}()
#46 C:/xampp/htdocs/maternal-care-system/vendor/laravel/framework/src/Illuminate/Pipeline/Pipeline.php(219): Illuminate/Http/Middleware/HandleCors->handle()
#47 C:/xampp/htdocs/maternal-care-system/vendor/laravel/framework/src/Illuminate/Http/Middleware/TrustProxies.php(58): Illuminate/Pipeline/Pipeline->{closure:{closure:Illuminate/Pipeline/Pipeline::carry():194}:195}()
#48 C:/xampp/htdocs/maternal-care-system/vendor/laravel/framework/src/Illuminate/Pipeline/Pipeline.php(219): Illuminate/Http/Middleware/TrustProxies->handle()
#49 C:/xampp/htdocs/maternal-care-system/vendor/laravel/framework/src/Illuminate/Foundation/Http/Middleware/InvokeDeferredCallbacks.php(22): Illuminate/Pipeline/Pipeline->{closure:{closure:Illuminate/Pipeline/Pipeline::carry():194}:195}()
#50 C:/xampp/htdocs/maternal-care-system/vendor/laravel/framework/src/Illuminate/Pipeline/Pipeline.php(219): Illuminate/Foundation/Http/Middleware/InvokeDeferredCallbacks->handle()
#51 C:/xampp/htdocs/maternal-care-system/vendor/laravel/framework/src/Illuminate/Http/Middleware/ValidatePathEncoding.php(28): Illuminate/Pipeline/Pipeline->{closure:{closure:Illuminate/Pipeline/Pipeline::carry():194}:195}()
#52 C:/xampp/htdocs/maternal-care-system/vendor/laravel/framework/src/Illuminate/Pipeline/Pipeline.php(219): Illuminate/Http/Middleware/ValidatePathEncoding->handle()
#53 C:/xampp/htdocs/maternal-care-system/vendor/laravel/framework/src/Illuminate/Pipeline/Pipeline.php(137): Illuminate/Pipeline/Pipeline->{closure:{closure:Illuminate/Pipeline/Pipeline::carry():194}:195}()
#54 C:/xampp/htdocs/maternal-care-system/vendor/laravel/framework/src/Illuminate/Foundation/Http/Kernel.php(175): Illuminate/Pipeline/Pipeline->then()
#55 C:/xampp/htdocs/maternal-care-system/vendor/laravel/framework/src/Illuminate/Foundation/Http/Kernel.php(144): Illuminate/Foundation/Http/Kernel->sendRequestThroughRouter()
#56 C:/xampp/htdocs/maternal-care-system/vendor/laravel/framework/src/Illuminate/Foundation/Application.php(1220): Illuminate/Foundation/Http/Kernel->handle()
#57 C:/xampp/htdocs/maternal-care-system/public/index.php(20): Illuminate/Foundation/Application->handleRequest()
#58 C:/xampp/htdocs/maternal-care-system/vendor/laravel/framework/src/Illuminate/Foundation/resources/server.php(23): require_once('...')
#59 {main}
"} 
[2026-07-16 05:03:52] local.ERROR: Route [home] not defined. (View: C:\xampp\htdocs\maternal-care-system\resources\views\midwife\dashboard.blade.php) {"exception":"[object] (Illuminate\\View\\ViewException(code: 0): Route [home] not defined. (View: C:\\xampp\\htdocs\\maternal-care-system\\resources\\views\\midwife\\dashboard.blade.php) at C:/xampp/htdocs/maternal-care-system/vendor/laravel/framework/src/Illuminate/Routing/UrlGenerator.php:540)
[stacktrace]
#0 C:/xampp/htdocs/maternal-care-system/vendor/laravel/framework/src/Illuminate/View/Engines/PhpEngine.php(59): Illuminate/View/Engines/CompilerEngine->handleViewException()
#1 C:/xampp/htdocs/maternal-care-system/vendor/laravel/framework/src/Illuminate/View/Engines/CompilerEngine.php(76): Illuminate/View/Engines/PhpEngine->evaluatePath()
#2 C:/xampp/htdocs/maternal-care-system/vendor/laravel/framework/src/Illuminate/View/View.php(208): Illuminate/View/Engines/CompilerEngine->get()
#3 C:/xampp/htdocs/maternal-care-system/vendor/laravel/framework/src/Illuminate/View/View.php(191): Illuminate/View/View->getContents()
#4 C:/xampp/htdocs/maternal-care-system/vendor/laravel/framework/src/Illuminate/View/View.php(160): Illuminate/View/View->renderContents()
#5 C:/xampp/htdocs/maternal-care-system/vendor/laravel/framework/src/Illuminate/Http/Response.php(82): Illuminate/View/View->render()
#6 C:/xampp/htdocs/maternal-care-system/vendor/laravel/framework/src/Illuminate/Http/Response.php(40): Illuminate/Http/Response->setContent()
#7 C:/xampp/htdocs/maternal-care-system/vendor/laravel/framework/src/Illuminate/Routing/Router.php(939): Illuminate/Http/Response->__construct()
#8 C:/xampp/htdocs/maternal-care-system/vendor/laravel/framework/src/Illuminate/Routing/Router.php(906): Illuminate/Routing/Router::toResponse()
#9 C:/xampp/htdocs/maternal-care-system/vendor/laravel/framework/src/Illuminate/Routing/Router.php(821): Illuminate/Routing/Router->prepareResponse()
#10 C:/xampp/htdocs/maternal-care-system/vendor/laravel/framework/src/Illuminate/Pipeline/Pipeline.php(180): Illuminate/Routing/Router->{closure:Illuminate/Routing/Router::runRouteWithinStack():821}()
#11 C:/xampp/htdocs/maternal-care-system/vendor/laravel/framework/src/Illuminate/Routing/Middleware/SubstituteBindings.php(52): Illuminate/Pipeline/Pipeline->{closure:Illuminate/Pipeline/Pipeline::prepareDestination():178}()
#12 C:/xampp/htdocs/maternal-care-system/vendor/laravel/framework/src/Illuminate/Pipeline/Pipeline.php(219): Illuminate/Routing/Middleware/SubstituteBindings->handle()
#13 C:/xampp/htdocs/maternal-care-system/vendor/laravel/framework/src/Illuminate/Foundation/Http/Middleware/PreventRequestForgery.php(104): Illuminate/Pipeline/Pipeline->{closure:{closure:Illuminate/Pipeline/Pipeline::carry():194}:195}()
#14 C:/xampp/htdocs/maternal-care-system/vendor/laravel/framework/src/Illuminate/Pipeline/Pipeline.php(219): Illuminate/Foundation/Http/Middleware/PreventRequestForgery->handle()
#15 C:/xampp/htdocs/maternal-care-system/vendor/laravel/framework/src/Illuminate/View/Middleware/ShareErrorsFromSession.php(48): Illuminate/Pipeline/Pipeline->{closure:{closure:Illuminate/Pipeline/Pipeline::carry():194}:195}()
#16 C:/xampp/htdocs/maternal-care-system/vendor/laravel/framework/src/Illuminate/Pipeline/Pipeline.php(219): Illuminate/View/Middleware/ShareErrorsFromSession->handle()
#17 C:/xampp/htdocs/maternal-care-system/vendor/laravel/framework/src/Illuminate/Session/Middleware/StartSession.php(120): Illuminate/Pipeline/Pipeline->{closure:{closure:Illuminate/Pipeline/Pipeline::carry():194}:195}()
#18 C:/xampp/htdocs/maternal-care-system/vendor/laravel/framework/src/Illuminate/Session/Middleware/StartSession.php(63): Illuminate/Session/Middleware/StartSession->handleStatefulRequest()
#19 C:/xampp/htdocs/maternal-care-system/vendor/laravel/framework/src/Illuminate/Pipeline/Pipeline.php(219): Illuminate/Session/Middleware/StartSession->handle()
#20 C:/xampp/htdocs/maternal-care-system/vendor/laravel/framework/src/Illuminate/Cookie/Middleware/AddQueuedCookiesToResponse.php(36): Illuminate/Pipeline/Pipeline->{closure:{closure:Illuminate/Pipeline/Pipeline::carry():194}:195}()
#21 C:/xampp/htdocs/maternal-care-system/vendor/laravel/framework/src/Illuminate/Pipeline/Pipeline.php(219): Illuminate/Cookie/Middleware/AddQueuedCookiesToResponse->handle()
#22 C:/xampp/htdocs/maternal-care-system/vendor/laravel/framework/src/Illuminate/Cookie/Middleware/EncryptCookies.php(74): Illuminate/Pipeline/Pipeline->{closure:{closure:Illuminate/Pipeline/Pipeline::carry():194}:195}()
#23 C:/xampp/htdocs/maternal-care-system/vendor/laravel/framework/src/Illuminate/Pipeline/Pipeline.php(219): Illuminate/Cookie/Middleware/EncryptCookies->handle()
#24 C:/xampp/htdocs/maternal-care-system/vendor/laravel/framework/src/Illuminate/Pipeline/Pipeline.php(137): Illuminate/Pipeline/Pipeline->{closure:{closure:Illuminate/Pipeline/Pipeline::carry():194}:195}()
#25 C:/xampp/htdocs/maternal-care-system/vendor/laravel/framework/src/Illuminate/Routing/Router.php(821): Illuminate/Pipeline/Pipeline->then()
#26 C:/xampp/htdocs/maternal-care-system/vendor/laravel/framework/src/Illuminate/Routing/Router.php(800): Illuminate/Routing/Router->runRouteWithinStack()
#27 C:/xampp/htdocs/maternal-care-system/vendor/laravel/framework/src/Illuminate/Routing/Router.php(764): Illuminate/Routing/Router->runRoute()
#28 C:/xampp/htdocs/maternal-care-system/vendor/laravel/framework/src/Illuminate/Routing/Router.php(753): Illuminate/Routing/Router->dispatchToRoute()
#29 C:/xampp/htdocs/maternal-care-system/vendor/laravel/framework/src/Illuminate/Foundation/Http/Kernel.php(200): Illuminate/Routing/Router->dispatch()
#30 C:/xampp/htdocs/maternal-care-system/vendor/laravel/framework/src/Illuminate/Pipeline/Pipeline.php(180): Illuminate/Foundation/Http/Kernel->{closure:Illuminate/Foundation/Http/Kernel::dispatchToRouter():197}()
#31 C:/xampp/htdocs/maternal-care-system/vendor/laravel/framework/src/Illuminate/Foundation/Http/Middleware/TransformsRequest.php(21): Illuminate/Pipeline/Pipeline->{closure:Illuminate/Pipeline/Pipeline::prepareDestination():178}()
#32 C:/xampp/htdocs/maternal-care-system/vendor/laravel/framework/src/Illuminate/Foundation/Http/Middleware/ConvertEmptyStringsToNull.php(31): Illuminate/Foundation/Http/Middleware/TransformsRequest->handle()
#33 C:/xampp/htdocs/maternal-care-system/vendor/laravel/framework/src/Illuminate/Pipeline/Pipeline.php(219): Illuminate/Foundation/Http/Middleware/ConvertEmptyStringsToNull->handle()
#34 C:/xampp/htdocs/maternal-care-system/vendor/laravel/framework/src/Illuminate/Foundation/Http/Middleware/TransformsRequest.php(21): Illuminate/Pipeline/Pipeline->{closure:{closure:Illuminate/Pipeline/Pipeline::carry():194}:195}()
#35 C:/xampp/htdocs/maternal-care-system/vendor/laravel/framework/src/Illuminate/Foundation/Http/Middleware/TrimStrings.php(51): Illuminate/Foundation/Http/Middleware/TransformsRequest->handle()
#36 C:/xampp/htdocs/maternal-care-system/vendor/laravel/framework/src/Illuminate/Pipeline/Pipeline.php(219): Illuminate/Foundation/Http/Middleware/TrimStrings->handle()
#37 C:/xampp/htdocs/maternal-care-system/vendor/laravel/framework/src/Illuminate/Http/Middleware/ValidatePostSize.php(27): Illuminate/Pipeline/Pipeline->{closure:{closure:Illuminate/Pipeline/Pipeline::carry():194}:195}()
#38 C:/xampp/htdocs/maternal-care-system/vendor/laravel/framework/src/Illuminate/Pipeline/Pipeline.php(219): Illuminate/Http/Middleware/ValidatePostSize->handle()
#39 C:/xampp/htdocs/maternal-care-system/vendor/laravel/framework/src/Illuminate/Foundation/Http/Middleware/PreventRequestsDuringMaintenance.php(109): Illuminate/Pipeline/Pipeline->{closure:{closure:Illuminate/Pipeline/Pipeline::carry():194}:195}()
#40 C:/xampp/htdocs/maternal-care-system/vendor/laravel/framework/src/Illuminate/Pipeline/Pipeline.php(219): Illuminate/Foundation/Http/Middleware/PreventRequestsDuringMaintenance->handle()
#41 C:/xampp/htdocs/maternal-care-system/vendor/laravel/framework/src/Illuminate/Http/Middleware/HandleCors.php(61): Illuminate/Pipeline/Pipeline->{closure:{closure:Illuminate/Pipeline/Pipeline::carry():194}:195}()
#42 C:/xampp/htdocs/maternal-care-system/vendor/laravel/framework/src/Illuminate/Pipeline/Pipeline.php(219): Illuminate/Http/Middleware/HandleCors->handle()
#43 C:/xampp/htdocs/maternal-care-system/vendor/laravel/framework/src/Illuminate/Http/Middleware/TrustProxies.php(58): Illuminate/Pipeline/Pipeline->{closure:{closure:Illuminate/Pipeline/Pipeline::carry():194}:195}()
#44 C:/xampp/htdocs/maternal-care-system/vendor/laravel/framework/src/Illuminate/Pipeline/Pipeline.php(219): Illuminate/Http/Middleware/TrustProxies->handle()
#45 C:/xampp/htdocs/maternal-care-system/vendor/laravel/framework/src/Illuminate/Foundation/Http/Middleware/InvokeDeferredCallbacks.php(22): Illuminate/Pipeline/Pipeline->{closure:{closure:Illuminate/Pipeline/Pipeline::carry():194}:195}()
#46 C:/xampp/htdocs/maternal-care-system/vendor/laravel/framework/src/Illuminate/Pipeline/Pipeline.php(219): Illuminate/Foundation/Http/Middleware/InvokeDeferredCallbacks->handle()
#47 C:/xampp/htdocs/maternal-care-system/vendor/laravel/framework/src/Illuminate/Http/Middleware/ValidatePathEncoding.php(28): Illuminate/Pipeline/Pipeline->{closure:{closure:Illuminate/Pipeline/Pipeline::carry():194}:195}()
#48 C:/xampp/htdocs/maternal-care-system/vendor/laravel/framework/src/Illuminate/Pipeline/Pipeline.php(219): Illuminate/Http/Middleware/ValidatePathEncoding->handle()
#49 C:/xampp/htdocs/maternal-care-system/vendor/laravel/framework/src/Illuminate/Pipeline/Pipeline.php(137): Illuminate/Pipeline/Pipeline->{closure:{closure:Illuminate/Pipeline/Pipeline::carry():194}:195}()
#50 C:/xampp/htdocs/maternal-care-system/vendor/laravel/framework/src/Illuminate/Foundation/Http/Kernel.php(175): Illuminate/Pipeline/Pipeline->then()
#51 C:/xampp/htdocs/maternal-care-system/vendor/laravel/framework/src/Illuminate/Foundation/Http/Kernel.php(144): Illuminate/Foundation/Http/Kernel->sendRequestThroughRouter()
#52 C:/xampp/htdocs/maternal-care-system/vendor/laravel/framework/src/Illuminate/Foundation/Application.php(1220): Illuminate/Foundation/Http/Kernel->handle()
#53 C:/xampp/htdocs/maternal-care-system/public/index.php(20): Illuminate/Foundation/Application->handleRequest()
#54 C:/xampp/htdocs/maternal-care-system/vendor/laravel/framework/src/Illuminate/Foundation/resources/server.php(23): require_once('...')
#55 {main}

[previous exception] [object] (Symfony\\Component\\Routing\\Exception\\RouteNotFoundException(code: 0): Route [home] not defined. at C:/xampp/htdocs/maternal-care-system/vendor/laravel/framework/src/Illuminate/Routing/UrlGenerator.php:540)
[stacktrace]
#0 C:/xampp/htdocs/maternal-care-system/vendor/laravel/framework/src/Illuminate/Foundation/helpers.php(870): Illuminate/Routing/UrlGenerator->route()
#1 C:/xampp/htdocs/maternal-care-system/storage/framework/views/71a181a2303d5ce66cf8a0680ac6d921.php(98): route()
#2 C:/xampp/htdocs/maternal-care-system/vendor/laravel/framework/src/Illuminate/Filesystem/Filesystem.php(123): require('...')
#3 C:/xampp/htdocs/maternal-care-system/vendor/laravel/framework/src/Illuminate/Filesystem/Filesystem.php(124): Illuminate/Filesystem/Filesystem::{closure:Illuminate/Filesystem/Filesystem::getRequire():120}()
#4 C:/xampp/htdocs/maternal-care-system/vendor/laravel/framework/src/Illuminate/View/Engines/PhpEngine.php(57): Illuminate/Filesystem/Filesystem->getRequire()
#5 C:/xampp/htdocs/maternal-care-system/vendor/laravel/framework/src/Illuminate/View/Engines/CompilerEngine.php(76): Illuminate/View/Engines/PhpEngine->evaluatePath()
#6 C:/xampp/htdocs/maternal-care-system/vendor/laravel/framework/src/Illuminate/View/View.php(208): Illuminate/View/Engines/CompilerEngine->get()
#7 C:/xampp/htdocs/maternal-care-system/vendor/laravel/framework/src/Illuminate/View/View.php(191): Illuminate/View/View->getContents()
#8 C:/xampp/htdocs/maternal-care-system/vendor/laravel/framework/src/Illuminate/View/View.php(160): Illuminate/View/View->renderContents()
#9 C:/xampp/htdocs/maternal-care-system/vendor/laravel/framework/src/Illuminate/Http/Response.php(82): Illuminate/View/View->render()
#10 C:/xampp/htdocs/maternal-care-system/vendor/laravel/framework/src/Illuminate/Http/Response.php(40): Illuminate/Http/Response->setContent()
#11 C:/xampp/htdocs/maternal-care-system/vendor/laravel/framework/src/Illuminate/Routing/Router.php(939): Illuminate/Http/Response->__construct()
#12 C:/xampp/htdocs/maternal-care-system/vendor/laravel/framework/src/Illuminate/Routing/Router.php(906): Illuminate/Routing/Router::toResponse()
#13 C:/xampp/htdocs/maternal-care-system/vendor/laravel/framework/src/Illuminate/Routing/Router.php(821): Illuminate/Routing/Router->prepareResponse()
#14 C:/xampp/htdocs/maternal-care-system/vendor/laravel/framework/src/Illuminate/Pipeline/Pipeline.php(180): Illuminate/Routing/Router->{closure:Illuminate/Routing/Router::runRouteWithinStack():821}()
#15 C:/xampp/htdocs/maternal-care-system/vendor/laravel/framework/src/Illuminate/Routing/Middleware/SubstituteBindings.php(52): Illuminate/Pipeline/Pipeline->{closure:Illuminate/Pipeline/Pipeline::prepareDestination():178}()
#16 C:/xampp/htdocs/maternal-care-system/vendor/laravel/framework/src/Illuminate/Pipeline/Pipeline.php(219): Illuminate/Routing/Middleware/SubstituteBindings->handle()
#17 C:/xampp/htdocs/maternal-care-system/vendor/laravel/framework/src/Illuminate/Foundation/Http/Middleware/PreventRequestForgery.php(104): Illuminate/Pipeline/Pipeline->{closure:{closure:Illuminate/Pipeline/Pipeline::carry():194}:195}()
#18 C:/xampp/htdocs/maternal-care-system/vendor/laravel/framework/src/Illuminate/Pipeline/Pipeline.php(219): Illuminate/Foundation/Http/Middleware/PreventRequestForgery->handle()
#19 C:/xampp/htdocs/maternal-care-system/vendor/laravel/framework/src/Illuminate/View/Middleware/ShareErrorsFromSession.php(48): Illuminate/Pipeline/Pipeline->{closure:{closure:Illuminate/Pipeline/Pipeline::carry():194}:195}()
#20 C:/xampp/htdocs/maternal-care-system/vendor/laravel/framework/src/Illuminate/Pipeline/Pipeline.php(219): Illuminate/View/Middleware/ShareErrorsFromSession->handle()
#21 C:/xampp/htdocs/maternal-care-system/vendor/laravel/framework/src/Illuminate/Session/Middleware/StartSession.php(120): Illuminate/Pipeline/Pipeline->{closure:{closure:Illuminate/Pipeline/Pipeline::carry():194}:195}()
#22 C:/xampp/htdocs/maternal-care-system/vendor/laravel/framework/src/Illuminate/Session/Middleware/StartSession.php(63): Illuminate/Session/Middleware/StartSession->handleStatefulRequest()
#23 C:/xampp/htdocs/maternal-care-system/vendor/laravel/framework/src/Illuminate/Pipeline/Pipeline.php(219): Illuminate/Session/Middleware/StartSession->handle()
#24 C:/xampp/htdocs/maternal-care-system/vendor/laravel/framework/src/Illuminate/Cookie/Middleware/AddQueuedCookiesToResponse.php(36): Illuminate/Pipeline/Pipeline->{closure:{closure:Illuminate/Pipeline/Pipeline::carry():194}:195}()
#25 C:/xampp/htdocs/maternal-care-system/vendor/laravel/framework/src/Illuminate/Pipeline/Pipeline.php(219): Illuminate/Cookie/Middleware/AddQueuedCookiesToResponse->handle()
#26 C:/xampp/htdocs/maternal-care-system/vendor/laravel/framework/src/Illuminate/Cookie/Middleware/EncryptCookies.php(74): Illuminate/Pipeline/Pipeline->{closure:{closure:Illuminate/Pipeline/Pipeline::carry():194}:195}()
#27 C:/xampp/htdocs/maternal-care-system/vendor/laravel/framework/src/Illuminate/Pipeline/Pipeline.php(219): Illuminate/Cookie/Middleware/EncryptCookies->handle()
#28 C:/xampp/htdocs/maternal-care-system/vendor/laravel/framework/src/Illuminate/Pipeline/Pipeline.php(137): Illuminate/Pipeline/Pipeline->{closure:{closure:Illuminate/Pipeline/Pipeline::carry():194}:195}()
#29 C:/xampp/htdocs/maternal-care-system/vendor/laravel/framework/src/Illuminate/Routing/Router.php(821): Illuminate/Pipeline/Pipeline->then()
#30 C:/xampp/htdocs/maternal-care-system/vendor/laravel/framework/src/Illuminate/Routing/Router.php(800): Illuminate/Routing/Router->runRouteWithinStack()
#31 C:/xampp/htdocs/maternal-care-system/vendor/laravel/framework/src/Illuminate/Routing/Router.php(764): Illuminate/Routing/Router->runRoute()
#32 C:/xampp/htdocs/maternal-care-system/vendor/laravel/framework/src/Illuminate/Routing/Router.php(753): Illuminate/Routing/Router->dispatchToRoute()
#33 C:/xampp/htdocs/maternal-care-system/vendor/laravel/framework/src/Illuminate/Foundation/Http/Kernel.php(200): Illuminate/Routing/Router->dispatch()
#34 C:/xampp/htdocs/maternal-care-system/vendor/laravel/framework/src/Illuminate/Pipeline/Pipeline.php(180): Illuminate/Foundation/Http/Kernel->{closure:Illuminate/Foundation/Http/Kernel::dispatchToRouter():197}()
#35 C:/xampp/htdocs/maternal-care-system/vendor/laravel/framework/src/Illuminate/Foundation/Http/Middleware/TransformsRequest.php(21): Illuminate/Pipeline/Pipeline->{closure:Illuminate/Pipeline/Pipeline::prepareDestination():178}()
#36 C:/xampp/htdocs/maternal-care-system/vendor/laravel/framework/src/Illuminate/Foundation/Http/Middleware/ConvertEmptyStringsToNull.php(31): Illuminate/Foundation/Http/Middleware/TransformsRequest->handle()
#37 C:/xampp/htdocs/maternal-care-system/vendor/laravel/framework/src/Illuminate/Pipeline/Pipeline.php(219): Illuminate/Foundation/Http/Middleware/ConvertEmptyStringsToNull->handle()
#38 C:/xampp/htdocs/maternal-care-system/vendor/laravel/framework/src/Illuminate/Foundation/Http/Middleware/TransformsRequest.php(21): Illuminate/Pipeline/Pipeline->{closure:{closure:Illuminate/Pipeline/Pipeline::carry():194}:195}()
#39 C:/xampp/htdocs/maternal-care-system/vendor/laravel/framework/src/Illuminate/Foundation/Http/Middleware/TrimStrings.php(51): Illuminate/Foundation/Http/Middleware/TransformsRequest->handle()
#40 C:/xampp/htdocs/maternal-care-system/vendor/laravel/framework/src/Illuminate/Pipeline/Pipeline.php(219): Illuminate/Foundation/Http/Middleware/TrimStrings->handle()
#41 C:/xampp/htdocs/maternal-care-system/vendor/laravel/framework/src/Illuminate/Http/Middleware/ValidatePostSize.php(27): Illuminate/Pipeline/Pipeline->{closure:{closure:Illuminate/Pipeline/Pipeline::carry():194}:195}()
#42 C:/xampp/htdocs/maternal-care-system/vendor/laravel/framework/src/Illuminate/Pipeline/Pipeline.php(219): Illuminate/Http/Middleware/ValidatePostSize->handle()
#43 C:/xampp/htdocs/maternal-care-system/vendor/laravel/framework/src/Illuminate/Foundation/Http/Middleware/PreventRequestsDuringMaintenance.php(109): Illuminate/Pipeline/Pipeline->{closure:{closure:Illuminate/Pipeline/Pipeline::carry():194}:195}()
#44 C:/xampp/htdocs/maternal-care-system/vendor/laravel/framework/src/Illuminate/Pipeline/Pipeline.php(219): Illuminate/Foundation/Http/Middleware/PreventRequestsDuringMaintenance->handle()
#45 C:/xampp/htdocs/maternal-care-system/vendor/laravel/framework/src/Illuminate/Http/Middleware/HandleCors.php(61): Illuminate/Pipeline/Pipeline->{closure:{closure:Illuminate/Pipeline/Pipeline::carry():194}:195}()
#46 C:/xampp/htdocs/maternal-care-system/vendor/laravel/framework/src/Illuminate/Pipeline/Pipeline.php(219): Illuminate/Http/Middleware/HandleCors->handle()
#47 C:/xampp/htdocs/maternal-care-system/vendor/laravel/framework/src/Illuminate/Http/Middleware/TrustProxies.php(58): Illuminate/Pipeline/Pipeline->{closure:{closure:Illuminate/Pipeline/Pipeline::carry():194}:195}()
#48 C:/xampp/htdocs/maternal-care-system/vendor/laravel/framework/src/Illuminate/Pipeline/Pipeline.php(219): Illuminate/Http/Middleware/TrustProxies->handle()
#49 C:/xampp/htdocs/maternal-care-system/vendor/laravel/framework/src/Illuminate/Foundation/Http/Middleware/InvokeDeferredCallbacks.php(22): Illuminate/Pipeline/Pipeline->{closure:{closure:Illuminate/Pipeline/Pipeline::carry():194}:195}()
#50 C:/xampp/htdocs/maternal-care-system/vendor/laravel/framework/src/Illuminate/Pipeline/Pipeline.php(219): Illuminate/Foundation/Http/Middleware/InvokeDeferredCallbacks->handle()
#51 C:/xampp/htdocs/maternal-care-system/vendor/laravel/framework/src/Illuminate/Http/Middleware/ValidatePathEncoding.php(28): Illuminate/Pipeline/Pipeline->{closure:{closure:Illuminate/Pipeline/Pipeline::carry():194}:195}()
#52 C:/xampp/htdocs/maternal-care-system/vendor/laravel/framework/src/Illuminate/Pipeline/Pipeline.php(219): Illuminate/Http/Middleware/ValidatePathEncoding->handle()
#53 C:/xampp/htdocs/maternal-care-system/vendor/laravel/framework/src/Illuminate/Pipeline/Pipeline.php(137): Illuminate/Pipeline/Pipeline->{closure:{closure:Illuminate/Pipeline/Pipeline::carry():194}:195}()
#54 C:/xampp/htdocs/maternal-care-system/vendor/laravel/framework/src/Illuminate/Foundation/Http/Kernel.php(175): Illuminate/Pipeline/Pipeline->then()
#55 C:/xampp/htdocs/maternal-care-system/vendor/laravel/framework/src/Illuminate/Foundation/Http/Kernel.php(144): Illuminate/Foundation/Http/Kernel->sendRequestThroughRouter()
#56 C:/xampp/htdocs/maternal-care-system/vendor/laravel/framework/src/Illuminate/Foundation/Application.php(1220): Illuminate/Foundation/Http/Kernel->handle()
#57 C:/xampp/htdocs/maternal-care-system/public/index.php(20): Illuminate/Foundation/Application->handleRequest()
#58 C:/xampp/htdocs/maternal-care-system/vendor/laravel/framework/src/Illuminate/Foundation/resources/server.php(23): require_once('...')
#59 {main}
"} 
[2026-07-16 10:17:22] local.ERROR: Allowed memory size of 134217728 bytes exhausted (tried to allocate 32768 bytes) {"exception":"[object] (Symfony\\Component\\ErrorHandler\\Error\\FatalError(code: 0): Allowed memory size of 134217728 bytes exhausted (tried to allocate 32768 bytes) at C:/xampp/htdocs/maternal-care-system/storage/framework/views/1760f57d8d98b7c3b117650bf6dd21eb.php:1)
[stacktrace]
#0 {main}
"} 
[2026-07-16 10:18:13] local.ERROR: Allowed memory size of 134217728 bytes exhausted (tried to allocate 32768 bytes) {"exception":"[object] (Symfony\\Component\\ErrorHandler\\Error\\FatalError(code: 0): Allowed memory size of 134217728 bytes exhausted (tried to allocate 32768 bytes) at C:/xampp/htdocs/maternal-care-system/storage/framework/views/1760f57d8d98b7c3b117650bf6dd21eb.php:1)
[stacktrace]
#0 {main}
"} 
[2026-07-16 10:18:34] local.ERROR: Allowed memory size of 134217728 bytes exhausted (tried to allocate 16384 bytes) {"exception":"[object] (Symfony\\Component\\ErrorHandler\\Error\\FatalError(code: 0): Allowed memory size of 134217728 bytes exhausted (tried to allocate 16384 bytes) at C:/xampp/htdocs/maternal-care-system/vendor/laravel/framework/src/Illuminate/Filesystem/Filesystem.php:123)
[stacktrace]
#0 {main}
"} 
[2026-07-16 10:27:16] local.ERROR: Allowed memory size of 134217728 bytes exhausted (tried to allocate 32768 bytes) {"exception":"[object] (Symfony\\Component\\ErrorHandler\\Error\\FatalError(code: 0): Allowed memory size of 134217728 bytes exhausted (tried to allocate 32768 bytes) at C:/xampp/htdocs/maternal-care-system/storage/framework/views/1760f57d8d98b7c3b117650bf6dd21eb.php:1)
[stacktrace]
#0 {main}
"} 
[2026-07-16 10:27:26] local.ERROR: Allowed memory size of 134217728 bytes exhausted (tried to allocate 16384 bytes) {"exception":"[object] (Symfony\\Component\\ErrorHandler\\Error\\FatalError(code: 0): Allowed memory size of 134217728 bytes exhausted (tried to allocate 16384 bytes) at C:/xampp/htdocs/maternal-care-system/vendor/laravel/framework/src/Illuminate/Filesystem/Filesystem.php:123)
[stacktrace]
#0 {main}
"} 
[2026-07-16 10:27:49] local.ERROR: Allowed memory size of 134217728 bytes exhausted (tried to allocate 16384 bytes) {"exception":"[object] (Symfony\\Component\\ErrorHandler\\Error\\FatalError(code: 0): Allowed memory size of 134217728 bytes exhausted (tried to allocate 16384 bytes) at C:/xampp/htdocs/maternal-care-system/vendor/laravel/framework/src/Illuminate/Filesystem/Filesystem.php:123)
[stacktrace]
#0 {main}
"} 
[2026-07-16 10:35:12] local.ERROR: Allowed memory size of 134217728 bytes exhausted (tried to allocate 32768 bytes) {"exception":"[object] (Symfony\\Component\\ErrorHandler\\Error\\FatalError(code: 0): Allowed memory size of 134217728 bytes exhausted (tried to allocate 32768 bytes) at C:/xampp/htdocs/maternal-care-system/storage/framework/views/1760f57d8d98b7c3b117650bf6dd21eb.php:1)
[stacktrace]
#0 {main}
"} 
[2026-07-16 10:44:22] local.ERROR: Allowed memory size of 134217728 bytes exhausted (tried to allocate 32768 bytes) {"exception":"[object] (Symfony\\Component\\ErrorHandler\\Error\\FatalError(code: 0): Allowed memory size of 134217728 bytes exhausted (tried to allocate 32768 bytes) at C:/xampp/htdocs/maternal-care-system/storage/framework/views/1760f57d8d98b7c3b117650bf6dd21eb.php:1)
[stacktrace]
#0 {main}
"} 
[2026-07-16 18:27:18] local.ERROR: Maximum execution time of 30 seconds exceeded {"exception":"[object] (Symfony\\Component\\ErrorHandler\\Error\\FatalError(code: 0): Maximum execution time of 30 seconds exceeded at C:/xampp/htdocs/maternal-care-system/storage/framework/views/f0c901832dfb23b18f2212b34c887a0d.php:1)
[stacktrace]
#0 {main}
"} 
[2026-07-16 18:41:29] local.ERROR: Allowed memory size of 134217728 bytes exhausted (tried to allocate 32768 bytes) {"exception":"[object] (Symfony\\Component\\ErrorHandler\\Error\\FatalError(code: 0): Allowed memory size of 134217728 bytes exhausted (tried to allocate 32768 bytes) at C:/xampp/htdocs/maternal-care-system/storage/framework/views/1760f57d8d98b7c3b117650bf6dd21eb.php:1)
[stacktrace]
#0 {main}
"} 
[2026-07-16 18:52:42] local.ERROR: Allowed memory size of 134217728 bytes exhausted (tried to allocate 32768 bytes) {"exception":"[object] (Symfony\\Component\\ErrorHandler\\Error\\FatalError(code: 0): Allowed memory size of 134217728 bytes exhausted (tried to allocate 32768 bytes) at C:/xampp/htdocs/maternal-care-system/storage/framework/views/1760f57d8d98b7c3b117650bf6dd21eb.php:1)
[stacktrace]
#0 {main}
"} 
[2026-07-16 18:52:49] local.ERROR: Allowed memory size of 134217728 bytes exhausted (tried to allocate 32768 bytes) {"exception":"[object] (Symfony\\Component\\ErrorHandler\\Error\\FatalError(code: 0): Allowed memory size of 134217728 bytes exhausted (tried to allocate 32768 bytes) at C:/xampp/htdocs/maternal-care-system/storage/framework/views/1760f57d8d98b7c3b117650bf6dd21eb.php:1)
[stacktrace]
#0 {main}
"} 
[2026-07-16 18:54:31] local.ERROR: Allowed memory size of 134217728 bytes exhausted (tried to allocate 32768 bytes) {"exception":"[object] (Symfony\\Component\\ErrorHandler\\Error\\FatalError(code: 0): Allowed memory size of 134217728 bytes exhausted (tried to allocate 32768 bytes) at C:/xampp/htdocs/maternal-care-system/storage/framework/views/1760f57d8d98b7c3b117650bf6dd21eb.php:1)
[stacktrace]
#0 {main}
"} 
[2026-07-16 20:41:38] local.ERROR: SQLSTATE[HY000] [2002] No connection could be made because the target machine actively refused it (Connection: mysql, Host: 127.0.0.1, Port: 3306, Database: maternal_care_system, SQL: delete from `cache`) {"exception":"[object] (Illuminate\\Database\\QueryException(code: 2002): SQLSTATE[HY000] [2002] No connection could be made because the target machine actively refused it (Connection: mysql, Host: 127.0.0.1, Port: 3306, Database: maternal_care_system, SQL: delete from `cache`) at C:/xampp/htdocs/maternal-care-system/vendor/laravel/framework/src/Illuminate/Database/Connection.php:857)
[stacktrace]
#0 C:/xampp/htdocs/maternal-care-system/vendor/laravel/framework/src/Illuminate/Database/Connection.php(1037): Illuminate/Database/Connection->runQueryCallback()
#1 C:/xampp/htdocs/maternal-care-system/vendor/laravel/framework/src/Illuminate/Database/Connection.php(1016): Illuminate/Database/Connection->tryAgainIfCausedByLostConnection()
#2 C:/xampp/htdocs/maternal-care-system/vendor/laravel/framework/src/Illuminate/Database/Connection.php(815): Illuminate/Database/Connection->handleQueryException()
#3 C:/xampp/htdocs/maternal-care-system/vendor/laravel/framework/src/Illuminate/Database/Connection.php(614): Illuminate/Database/Connection->run()
#4 C:/xampp/htdocs/maternal-care-system/vendor/laravel/framework/src/Illuminate/Database/Connection.php(578): Illuminate/Database/Connection->affectingStatement()
#5 C:/xampp/htdocs/maternal-care-system/vendor/laravel/framework/src/Illuminate/Database/Query/Builder.php(4520): Illuminate/Database/Connection->delete()
#6 C:/xampp/htdocs/maternal-care-system/vendor/laravel/framework/src/Illuminate/Cache/DatabaseStore.php(450): Illuminate/Database/Query/Builder->delete()
#7 C:/xampp/htdocs/maternal-care-system/vendor/laravel/framework/src/Illuminate/Cache/Repository.php(1070): Illuminate/Cache/DatabaseStore->flush()
#8 C:/xampp/htdocs/maternal-care-system/vendor/laravel/framework/src/Illuminate/Cache/Console/ClearCommand.php(80): Illuminate/Cache/Repository->__call()
#9 C:/xampp/htdocs/maternal-care-system/vendor/laravel/framework/src/Illuminate/Container/BoundMethod.php(36): Illuminate/Cache/Console/ClearCommand->handle()
#10 C:/xampp/htdocs/maternal-care-system/vendor/laravel/framework/src/Illuminate/Container/Util.php(43): Illuminate/Container/BoundMethod::{closure:Illuminate/Container/BoundMethod::call():35}()
#11 C:/xampp/htdocs/maternal-care-system/vendor/laravel/framework/src/Illuminate/Container/BoundMethod.php(96): Illuminate/Container/Util::unwrapIfClosure()
#12 C:/xampp/htdocs/maternal-care-system/vendor/laravel/framework/src/Illuminate/Container/BoundMethod.php(35): Illuminate/Container/BoundMethod::callBoundMethod()
#13 C:/xampp/htdocs/maternal-care-system/vendor/laravel/framework/src/Illuminate/Container/Container.php(799): Illuminate/Container/BoundMethod::call()
#14 C:/xampp/htdocs/maternal-care-system/vendor/laravel/framework/src/Illuminate/Console/Command.php(280): Illuminate/Container/Container->call()
#15 C:/xampp/htdocs/maternal-care-system/vendor/symfony/console/Command/Command.php(284): Illuminate/Console/Command->execute()
#16 C:/xampp/htdocs/maternal-care-system/vendor/laravel/framework/src/Illuminate/Console/Command.php(249): Symfony/Component/Console/Command/Command->run()
#17 C:/xampp/htdocs/maternal-care-system/vendor/laravel/framework/src/Illuminate/Console/Concerns/CallsCommands.php(68): Illuminate/Console/Command->run()
#18 C:/xampp/htdocs/maternal-care-system/vendor/laravel/framework/src/Illuminate/Console/Concerns/CallsCommands.php(41): Illuminate/Console/Command->runCommand()
#19 C:/xampp/htdocs/maternal-care-system/vendor/laravel/framework/src/Illuminate/Console/Concerns/CallsCommands.php(53): Illuminate/Console/Command->callSilent()
#20 C:/xampp/htdocs/maternal-care-system/vendor/laravel/framework/src/Illuminate/Foundation/Console/OptimizeClearCommand.php(48): Illuminate/Console/Command->callSilently()
#21 C:/xampp/htdocs/maternal-care-system/vendor/laravel/framework/src/Illuminate/Console/View/Components/Task.php(43): Illuminate/Foundation/Console/OptimizeClearCommand->{closure:Illuminate/Foundation/Console/OptimizeClearCommand::handle():48}()
#22 C:/xampp/htdocs/maternal-care-system/vendor/laravel/framework/src/Illuminate/Console/View/Components/Factory.php(59): Illuminate/Console/View/Components/Task->render()
#23 C:/xampp/htdocs/maternal-care-system/vendor/laravel/framework/src/Illuminate/Foundation/Console/OptimizeClearCommand.php(48): Illuminate/Console/View/Components/Factory->__call()
#24 C:/xampp/htdocs/maternal-care-system/vendor/laravel/framework/src/Illuminate/Container/BoundMethod.php(36): Illuminate/Foundation/Console/OptimizeClearCommand->handle()
#25 C:/xampp/htdocs/maternal-care-system/vendor/laravel/framework/src/Illuminate/Container/Util.php(43): Illuminate/Container/BoundMethod::{closure:Illuminate/Container/BoundMethod::call():35}()
#26 C:/xampp/htdocs/maternal-care-system/vendor/laravel/framework/src/Illuminate/Container/BoundMethod.php(96): Illuminate/Container/Util::unwrapIfClosure()
#27 C:/xampp/htdocs/maternal-care-system/vendor/laravel/framework/src/Illuminate/Container/BoundMethod.php(35): Illuminate/Container/BoundMethod::callBoundMethod()
#28 C:/xampp/htdocs/maternal-care-system/vendor/laravel/framework/src/Illuminate/Container/Container.php(799): Illuminate/Container/BoundMethod::call()
#29 C:/xampp/htdocs/maternal-care-system/vendor/laravel/framework/src/Illuminate/Console/Command.php(280): Illuminate/Container/Container->call()
#30 C:/xampp/htdocs/maternal-care-system/vendor/symfony/console/Command/Command.php(284): Illuminate/Console/Command->execute()
#31 C:/xampp/htdocs/maternal-care-system/vendor/laravel/framework/src/Illuminate/Console/Command.php(249): Symfony/Component/Console/Command/Command->run()
#32 C:/xampp/htdocs/maternal-care-system/vendor/symfony/console/Application.php(1144): Illuminate/Console/Command->run()
#33 C:/xampp/htdocs/maternal-care-system/vendor/symfony/console/Application.php(379): Symfony/Component/Console/Application->doRunCommand()
#34 C:/xampp/htdocs/maternal-care-system/vendor/symfony/console/Application.php(218): Symfony/Component/Console/Application->doRun()
#35 C:/xampp/htdocs/maternal-care-system/vendor/laravel/framework/src/Illuminate/Foundation/Console/Kernel.php(198): Symfony/Component/Console/Application->run()
#36 C:/xampp/htdocs/maternal-care-system/vendor/laravel/framework/src/Illuminate/Foundation/Application.php(1235): Illuminate/Foundation/Console/Kernel->handle()
#37 C:/xampp/htdocs/maternal-care-system/artisan(16): Illuminate/Foundation/Application->handleCommand()
#38 {main}

[previous exception] [object] (PDOException(code: 2002): SQLSTATE[HY000] [2002] No connection could be made because the target machine actively refused it at C:/xampp/htdocs/maternal-care-system/vendor/laravel/framework/src/Illuminate/Database/Connectors/Connector.php:67)
[stacktrace]
#0 C:/xampp/htdocs/maternal-care-system/vendor/laravel/framework/src/Illuminate/Database/Connectors/Connector.php(67): PDO::connect()
#1 C:/xampp/htdocs/maternal-care-system/vendor/laravel/framework/src/Illuminate/Database/Connectors/Connector.php(85): Illuminate/Database/Connectors/Connector->createPdoConnection()
#2 C:/xampp/htdocs/maternal-care-system/vendor/laravel/framework/src/Illuminate/Database/Connectors/Connector.php(48): Illuminate/Database/Connectors/Connector->tryAgainIfCausedByLostConnection()
#3 C:/xampp/htdocs/maternal-care-system/vendor/laravel/framework/src/Illuminate/Database/Connectors/MySqlConnector.php(24): Illuminate/Database/Connectors/Connector->createConnection()
#4 C:/xampp/htdocs/maternal-care-system/vendor/laravel/framework/src/Illuminate/Database/Connectors/ConnectionFactory.php(220): Illuminate/Database/Connectors/MySqlConnector->connect()
#5 [internal function]: Illuminate/Database/Connectors/ConnectionFactory->{closure:Illuminate/Database/Connectors/ConnectionFactory::createPdoResolverWithHosts():213}()
#6 C:/xampp/htdocs/maternal-care-system/vendor/laravel/framework/src/Illuminate/Database/Connection.php(1297): call_user_func()
#7 C:/xampp/htdocs/maternal-care-system/vendor/laravel/framework/src/Illuminate/Database/Connection.php(622): Illuminate/Database/Connection->getPdo()
#8 C:/xampp/htdocs/maternal-care-system/vendor/laravel/framework/src/Illuminate/Database/Connection.php(846): Illuminate/Database/Connection->{closure:Illuminate/Database/Connection::affectingStatement():614}()
#9 C:/xampp/htdocs/maternal-care-system/vendor/laravel/framework/src/Illuminate/Database/Connection.php(1037): Illuminate/Database/Connection->runQueryCallback()
#10 C:/xampp/htdocs/maternal-care-system/vendor/laravel/framework/src/Illuminate/Database/Connection.php(1016): Illuminate/Database/Connection->tryAgainIfCausedByLostConnection()
#11 C:/xampp/htdocs/maternal-care-system/vendor/laravel/framework/src/Illuminate/Database/Connection.php(815): Illuminate/Database/Connection->handleQueryException()
#12 C:/xampp/htdocs/maternal-care-system/vendor/laravel/framework/src/Illuminate/Database/Connection.php(614): Illuminate/Database/Connection->run()
#13 C:/xampp/htdocs/maternal-care-system/vendor/laravel/framework/src/Illuminate/Database/Connection.php(578): Illuminate/Database/Connection->affectingStatement()
#14 C:/xampp/htdocs/maternal-care-system/vendor/laravel/framework/src/Illuminate/Database/Query/Builder.php(4520): Illuminate/Database/Connection->delete()
#15 C:/xampp/htdocs/maternal-care-system/vendor/laravel/framework/src/Illuminate/Cache/DatabaseStore.php(450): Illuminate/Database/Query/Builder->delete()
#16 C:/xampp/htdocs/maternal-care-system/vendor/laravel/framework/src/Illuminate/Cache/Repository.php(1070): Illuminate/Cache/DatabaseStore->flush()
#17 C:/xampp/htdocs/maternal-care-system/vendor/laravel/framework/src/Illuminate/Cache/Console/ClearCommand.php(80): Illuminate/Cache/Repository->__call()
#18 C:/xampp/htdocs/maternal-care-system/vendor/laravel/framework/src/Illuminate/Container/BoundMethod.php(36): Illuminate/Cache/Console/ClearCommand->handle()
#19 C:/xampp/htdocs/maternal-care-system/vendor/laravel/framework/src/Illuminate/Container/Util.php(43): Illuminate/Container/BoundMethod::{closure:Illuminate/Container/BoundMethod::call():35}()
#20 C:/xampp/htdocs/maternal-care-system/vendor/laravel/framework/src/Illuminate/Container/BoundMethod.php(96): Illuminate/Container/Util::unwrapIfClosure()
#21 C:/xampp/htdocs/maternal-care-system/vendor/laravel/framework/src/Illuminate/Container/BoundMethod.php(35): Illuminate/Container/BoundMethod::callBoundMethod()
#22 C:/xampp/htdocs/maternal-care-system/vendor/laravel/framework/src/Illuminate/Container/Container.php(799): Illuminate/Container/BoundMethod::call()
#23 C:/xampp/htdocs/maternal-care-system/vendor/laravel/framework/src/Illuminate/Console/Command.php(280): Illuminate/Container/Container->call()
#24 C:/xampp/htdocs/maternal-care-system/vendor/symfony/console/Command/Command.php(284): Illuminate/Console/Command->execute()
#25 C:/xampp/htdocs/maternal-care-system/vendor/laravel/framework/src/Illuminate/Console/Command.php(249): Symfony/Component/Console/Command/Command->run()
#26 C:/xampp/htdocs/maternal-care-system/vendor/laravel/framework/src/Illuminate/Console/Concerns/CallsCommands.php(68): Illuminate/Console/Command->run()
#27 C:/xampp/htdocs/maternal-care-system/vendor/laravel/framework/src/Illuminate/Console/Concerns/CallsCommands.php(41): Illuminate/Console/Command->runCommand()
#28 C:/xampp/htdocs/maternal-care-system/vendor/laravel/framework/src/Illuminate/Console/Concerns/CallsCommands.php(53): Illuminate/Console/Command->callSilent()
#29 C:/xampp/htdocs/maternal-care-system/vendor/laravel/framework/src/Illuminate/Foundation/Console/OptimizeClearCommand.php(48): Illuminate/Console/Command->callSilently()
#30 C:/xampp/htdocs/maternal-care-system/vendor/laravel/framework/src/Illuminate/Console/View/Components/Task.php(43): Illuminate/Foundation/Console/OptimizeClearCommand->{closure:Illuminate/Foundation/Console/OptimizeClearCommand::handle():48}()
#31 C:/xampp/htdocs/maternal-care-system/vendor/laravel/framework/src/Illuminate/Console/View/Components/Factory.php(59): Illuminate/Console/View/Components/Task->render()
#32 C:/xampp/htdocs/maternal-care-system/vendor/laravel/framework/src/Illuminate/Foundation/Console/OptimizeClearCommand.php(48): Illuminate/Console/View/Components/Factory->__call()
#33 C:/xampp/htdocs/maternal-care-system/vendor/laravel/framework/src/Illuminate/Container/BoundMethod.php(36): Illuminate/Foundation/Console/OptimizeClearCommand->handle()
#34 C:/xampp/htdocs/maternal-care-system/vendor/laravel/framework/src/Illuminate/Container/Util.php(43): Illuminate/Container/BoundMethod::{closure:Illuminate/Container/BoundMethod::call():35}()
#35 C:/xampp/htdocs/maternal-care-system/vendor/laravel/framework/src/Illuminate/Container/BoundMethod.php(96): Illuminate/Container/Util::unwrapIfClosure()
#36 C:/xampp/htdocs/maternal-care-system/vendor/laravel/framework/src/Illuminate/Container/BoundMethod.php(35): Illuminate/Container/BoundMethod::callBoundMethod()
#37 C:/xampp/htdocs/maternal-care-system/vendor/laravel/framework/src/Illuminate/Container/Container.php(799): Illuminate/Container/BoundMethod::call()
#38 C:/xampp/htdocs/maternal-care-system/vendor/laravel/framework/src/Illuminate/Console/Command.php(280): Illuminate/Container/Container->call()
#39 C:/xampp/htdocs/maternal-care-system/vendor/symfony/console/Command/Command.php(284): Illuminate/Console/Command->execute()
#40 C:/xampp/htdocs/maternal-care-system/vendor/laravel/framework/src/Illuminate/Console/Command.php(249): Symfony/Component/Console/Command/Command->run()
#41 C:/xampp/htdocs/maternal-care-system/vendor/symfony/console/Application.php(1144): Illuminate/Console/Command->run()
#42 C:/xampp/htdocs/maternal-care-system/vendor/symfony/console/Application.php(379): Symfony/Component/Console/Application->doRunCommand()
#43 C:/xampp/htdocs/maternal-care-system/vendor/symfony/console/Application.php(218): Symfony/Component/Console/Application->doRun()
#44 C:/xampp/htdocs/maternal-care-system/vendor/laravel/framework/src/Illuminate/Foundation/Console/Kernel.php(198): Symfony/Component/Console/Application->run()
#45 C:/xampp/htdocs/maternal-care-system/vendor/laravel/framework/src/Illuminate/Foundation/Application.php(1235): Illuminate/Foundation/Console/Kernel->handle()
#46 C:/xampp/htdocs/maternal-care-system/artisan(16): Illuminate/Foundation/Application->handleCommand()
#47 {main}
"} 
[2026-07-16 20:48:22] local.ERROR: View [admin.mothers] not found. {"exception":"[object] (InvalidArgumentException(code: 0): View [admin.mothers] not found. at C:/xampp/htdocs/maternal-care-system/vendor/laravel/framework/src/Illuminate/View/FileViewFinder.php:138)
[stacktrace]
#0 C:/xampp/htdocs/maternal-care-system/vendor/laravel/framework/src/Illuminate/View/FileViewFinder.php(78): Illuminate/View/FileViewFinder->findInPaths()
#1 C:/xampp/htdocs/maternal-care-system/vendor/laravel/framework/src/Illuminate/View/Factory.php(150): Illuminate/View/FileViewFinder->find()
#2 C:/xampp/htdocs/maternal-care-system/vendor/laravel/framework/src/Illuminate/Foundation/helpers.php(1101): Illuminate/View/Factory->make()
#3 C:/xampp/htdocs/maternal-care-system/routes/web.php(62): view()
#4 C:/xampp/htdocs/maternal-care-system/vendor/laravel/framework/src/Illuminate/Routing/CallableDispatcher.php(39): Illuminate/Routing/RouteFileRegistrar->{closure:C:/xampp/htdocs/maternal-care-system/routes/web.php:61}()
#5 C:/xampp/htdocs/maternal-care-system/vendor/laravel/framework/src/Illuminate/Routing/Route.php(254): Illuminate/Routing/CallableDispatcher->dispatch()
#6 C:/xampp/htdocs/maternal-care-system/vendor/laravel/framework/src/Illuminate/Routing/Route.php(219): Illuminate/Routing/Route->runCallable()
#7 C:/xampp/htdocs/maternal-care-system/vendor/laravel/framework/src/Illuminate/Routing/Router.php(822): Illuminate/Routing/Route->run()
#8 C:/xampp/htdocs/maternal-care-system/vendor/laravel/framework/src/Illuminate/Pipeline/Pipeline.php(180): Illuminate/Routing/Router->{closure:Illuminate/Routing/Router::runRouteWithinStack():821}()
#9 C:/xampp/htdocs/maternal-care-system/vendor/laravel/framework/src/Illuminate/Routing/Middleware/SubstituteBindings.php(52): Illuminate/Pipeline/Pipeline->{closure:Illuminate/Pipeline/Pipeline::prepareDestination():178}()
#10 C:/xampp/htdocs/maternal-care-system/vendor/laravel/framework/src/Illuminate/Pipeline/Pipeline.php(219): Illuminate/Routing/Middleware/SubstituteBindings->handle()
#11 C:/xampp/htdocs/maternal-care-system/vendor/laravel/framework/src/Illuminate/Foundation/Http/Middleware/PreventRequestForgery.php(104): Illuminate/Pipeline/Pipeline->{closure:{closure:Illuminate/Pipeline/Pipeline::carry():194}:195}()
#12 C:/xampp/htdocs/maternal-care-system/vendor/laravel/framework/src/Illuminate/Pipeline/Pipeline.php(219): Illuminate/Foundation/Http/Middleware/PreventRequestForgery->handle()
#13 C:/xampp/htdocs/maternal-care-system/vendor/laravel/framework/src/Illuminate/View/Middleware/ShareErrorsFromSession.php(48): Illuminate/Pipeline/Pipeline->{closure:{closure:Illuminate/Pipeline/Pipeline::carry():194}:195}()
#14 C:/xampp/htdocs/maternal-care-system/vendor/laravel/framework/src/Illuminate/Pipeline/Pipeline.php(219): Illuminate/View/Middleware/ShareErrorsFromSession->handle()
#15 C:/xampp/htdocs/maternal-care-system/vendor/laravel/framework/src/Illuminate/Session/Middleware/StartSession.php(120): Illuminate/Pipeline/Pipeline->{closure:{closure:Illuminate/Pipeline/Pipeline::carry():194}:195}()
#16 C:/xampp/htdocs/maternal-care-system/vendor/laravel/framework/src/Illuminate/Session/Middleware/StartSession.php(63): Illuminate/Session/Middleware/StartSession->handleStatefulRequest()
#17 C:/xampp/htdocs/maternal-care-system/vendor/laravel/framework/src/Illuminate/Pipeline/Pipeline.php(219): Illuminate/Session/Middleware/StartSession->handle()
#18 C:/xampp/htdocs/maternal-care-system/vendor/laravel/framework/src/Illuminate/Cookie/Middleware/AddQueuedCookiesToResponse.php(36): Illuminate/Pipeline/Pipeline->{closure:{closure:Illuminate/Pipeline/Pipeline::carry():194}:195}()
#19 C:/xampp/htdocs/maternal-care-system/vendor/laravel/framework/src/Illuminate/Pipeline/Pipeline.php(219): Illuminate/Cookie/Middleware/AddQueuedCookiesToResponse->handle()
#20 C:/xampp/htdocs/maternal-care-system/vendor/laravel/framework/src/Illuminate/Cookie/Middleware/EncryptCookies.php(74): Illuminate/Pipeline/Pipeline->{closure:{closure:Illuminate/Pipeline/Pipeline::carry():194}:195}()
#21 C:/xampp/htdocs/maternal-care-system/vendor/laravel/framework/src/Illuminate/Pipeline/Pipeline.php(219): Illuminate/Cookie/Middleware/EncryptCookies->handle()
#22 C:/xampp/htdocs/maternal-care-system/vendor/laravel/framework/src/Illuminate/Pipeline/Pipeline.php(137): Illuminate/Pipeline/Pipeline->{closure:{closure:Illuminate/Pipeline/Pipeline::carry():194}:195}()
#23 C:/xampp/htdocs/maternal-care-system/vendor/laravel/framework/src/Illuminate/Routing/Router.php(821): Illuminate/Pipeline/Pipeline->then()
#24 C:/xampp/htdocs/maternal-care-system/vendor/laravel/framework/src/Illuminate/Routing/Router.php(800): Illuminate/Routing/Router->runRouteWithinStack()
#25 C:/xampp/htdocs/maternal-care-system/vendor/laravel/framework/src/Illuminate/Routing/Router.php(764): Illuminate/Routing/Router->runRoute()
#26 C:/xampp/htdocs/maternal-care-system/vendor/laravel/framework/src/Illuminate/Routing/Router.php(753): Illuminate/Routing/Router->dispatchToRoute()
#27 C:/xampp/htdocs/maternal-care-system/vendor/laravel/framework/src/Illuminate/Foundation/Http/Kernel.php(200): Illuminate/Routing/Router->dispatch()
#28 C:/xampp/htdocs/maternal-care-system/vendor/laravel/framework/src/Illuminate/Pipeline/Pipeline.php(180): Illuminate/Foundation/Http/Kernel->{closure:Illuminate/Foundation/Http/Kernel::dispatchToRouter():197}()
#29 C:/xampp/htdocs/maternal-care-system/vendor/laravel/framework/src/Illuminate/Foundation/Http/Middleware/TransformsRequest.php(21): Illuminate/Pipeline/Pipeline->{closure:Illuminate/Pipeline/Pipeline::prepareDestination():178}()
#30 C:/xampp/htdocs/maternal-care-system/vendor/laravel/framework/src/Illuminate/Foundation/Http/Middleware/ConvertEmptyStringsToNull.php(31): Illuminate/Foundation/Http/Middleware/TransformsRequest->handle()
#31 C:/xampp/htdocs/maternal-care-system/vendor/laravel/framework/src/Illuminate/Pipeline/Pipeline.php(219): Illuminate/Foundation/Http/Middleware/ConvertEmptyStringsToNull->handle()
#32 C:/xampp/htdocs/maternal-care-system/vendor/laravel/framework/src/Illuminate/Foundation/Http/Middleware/TransformsRequest.php(21): Illuminate/Pipeline/Pipeline->{closure:{closure:Illuminate/Pipeline/Pipeline::carry():194}:195}()
#33 C:/xampp/htdocs/maternal-care-system/vendor/laravel/framework/src/Illuminate/Foundation/Http/Middleware/TrimStrings.php(51): Illuminate/Foundation/Http/Middleware/TransformsRequest->handle()
#34 C:/xampp/htdocs/maternal-care-system/vendor/laravel/framework/src/Illuminate/Pipeline/Pipeline.php(219): Illuminate/Foundation/Http/Middleware/TrimStrings->handle()
#35 C:/xampp/htdocs/maternal-care-system/vendor/laravel/framework/src/Illuminate/Http/Middleware/ValidatePostSize.php(27): Illuminate/Pipeline/Pipeline->{closure:{closure:Illuminate/Pipeline/Pipeline::carry():194}:195}()
#36 C:/xampp/htdocs/maternal-care-system/vendor/laravel/framework/src/Illuminate/Pipeline/Pipeline.php(219): Illuminate/Http/Middleware/ValidatePostSize->handle()
#37 C:/xampp/htdocs/maternal-care-system/vendor/laravel/framework/src/Illuminate/Foundation/Http/Middleware/PreventRequestsDuringMaintenance.php(109): Illuminate/Pipeline/Pipeline->{closure:{closure:Illuminate/Pipeline/Pipeline::carry():194}:195}()
#38 C:/xampp/htdocs/maternal-care-system/vendor/laravel/framework/src/Illuminate/Pipeline/Pipeline.php(219): Illuminate/Foundation/Http/Middleware/PreventRequestsDuringMaintenance->handle()
#39 C:/xampp/htdocs/maternal-care-system/vendor/laravel/framework/src/Illuminate/Http/Middleware/HandleCors.php(61): Illuminate/Pipeline/Pipeline->{closure:{closure:Illuminate/Pipeline/Pipeline::carry():194}:195}()
#40 C:/xampp/htdocs/maternal-care-system/vendor/laravel/framework/src/Illuminate/Pipeline/Pipeline.php(219): Illuminate/Http/Middleware/HandleCors->handle()
#41 C:/xampp/htdocs/maternal-care-system/vendor/laravel/framework/src/Illuminate/Http/Middleware/TrustProxies.php(58): Illuminate/Pipeline/Pipeline->{closure:{closure:Illuminate/Pipeline/Pipeline::carry():194}:195}()
#42 C:/xampp/htdocs/maternal-care-system/vendor/laravel/framework/src/Illuminate/Pipeline/Pipeline.php(219): Illuminate/Http/Middleware/TrustProxies->handle()
#43 C:/xampp/htdocs/maternal-care-system/vendor/laravel/framework/src/Illuminate/Foundation/Http/Middleware/InvokeDeferredCallbacks.php(22): Illuminate/Pipeline/Pipeline->{closure:{closure:Illuminate/Pipeline/Pipeline::carry():194}:195}()
#44 C:/xampp/htdocs/maternal-care-system/vendor/laravel/framework/src/Illuminate/Pipeline/Pipeline.php(219): Illuminate/Foundation/Http/Middleware/InvokeDeferredCallbacks->handle()
#45 C:/xampp/htdocs/maternal-care-system/vendor/laravel/framework/src/Illuminate/Http/Middleware/ValidatePathEncoding.php(28): Illuminate/Pipeline/Pipeline->{closure:{closure:Illuminate/Pipeline/Pipeline::carry():194}:195}()
#46 C:/xampp/htdocs/maternal-care-system/vendor/laravel/framework/src/Illuminate/Pipeline/Pipeline.php(219): Illuminate/Http/Middleware/ValidatePathEncoding->handle()
#47 C:/xampp/htdocs/maternal-care-system/vendor/laravel/framework/src/Illuminate/Pipeline/Pipeline.php(137): Illuminate/Pipeline/Pipeline->{closure:{closure:Illuminate/Pipeline/Pipeline::carry():194}:195}()
#48 C:/xampp/htdocs/maternal-care-system/vendor/laravel/framework/src/Illuminate/Foundation/Http/Kernel.php(175): Illuminate/Pipeline/Pipeline->then()
#49 C:/xampp/htdocs/maternal-care-system/vendor/laravel/framework/src/Illuminate/Foundation/Http/Kernel.php(144): Illuminate/Foundation/Http/Kernel->sendRequestThroughRouter()
#50 C:/xampp/htdocs/maternal-care-system/vendor/laravel/framework/src/Illuminate/Foundation/Application.php(1220): Illuminate/Foundation/Http/Kernel->handle()
#51 C:/xampp/htdocs/maternal-care-system/public/index.php(20): Illuminate/Foundation/Application->handleRequest()
#52 C:/xampp/htdocs/maternal-care-system/vendor/laravel/framework/src/Illuminate/Foundation/resources/server.php(23): require_once('...')
#53 {main}
"} 
[2026-07-16 20:48:34] local.ERROR: View [admin.midwives] not found. {"exception":"[object] (InvalidArgumentException(code: 0): View [admin.midwives] not found. at C:/xampp/htdocs/maternal-care-system/vendor/laravel/framework/src/Illuminate/View/FileViewFinder.php:138)
[stacktrace]
#0 C:/xampp/htdocs/maternal-care-system/vendor/laravel/framework/src/Illuminate/View/FileViewFinder.php(78): Illuminate/View/FileViewFinder->findInPaths()
#1 C:/xampp/htdocs/maternal-care-system/vendor/laravel/framework/src/Illuminate/View/Factory.php(150): Illuminate/View/FileViewFinder->find()
#2 C:/xampp/htdocs/maternal-care-system/vendor/laravel/framework/src/Illuminate/Foundation/helpers.php(1101): Illuminate/View/Factory->make()
#3 C:/xampp/htdocs/maternal-care-system/routes/web.php(66): view()
#4 C:/xampp/htdocs/maternal-care-system/vendor/laravel/framework/src/Illuminate/Routing/CallableDispatcher.php(39): Illuminate/Routing/RouteFileRegistrar->{closure:C:/xampp/htdocs/maternal-care-system/routes/web.php:65}()
#5 C:/xampp/htdocs/maternal-care-system/vendor/laravel/framework/src/Illuminate/Routing/Route.php(254): Illuminate/Routing/CallableDispatcher->dispatch()
#6 C:/xampp/htdocs/maternal-care-system/vendor/laravel/framework/src/Illuminate/Routing/Route.php(219): Illuminate/Routing/Route->runCallable()
#7 C:/xampp/htdocs/maternal-care-system/vendor/laravel/framework/src/Illuminate/Routing/Router.php(822): Illuminate/Routing/Route->run()
#8 C:/xampp/htdocs/maternal-care-system/vendor/laravel/framework/src/Illuminate/Pipeline/Pipeline.php(180): Illuminate/Routing/Router->{closure:Illuminate/Routing/Router::runRouteWithinStack():821}()
#9 C:/xampp/htdocs/maternal-care-system/vendor/laravel/framework/src/Illuminate/Routing/Middleware/SubstituteBindings.php(52): Illuminate/Pipeline/Pipeline->{closure:Illuminate/Pipeline/Pipeline::prepareDestination():178}()
#10 C:/xampp/htdocs/maternal-care-system/vendor/laravel/framework/src/Illuminate/Pipeline/Pipeline.php(219): Illuminate/Routing/Middleware/SubstituteBindings->handle()
#11 C:/xampp/htdocs/maternal-care-system/vendor/laravel/framework/src/Illuminate/Foundation/Http/Middleware/PreventRequestForgery.php(104): Illuminate/Pipeline/Pipeline->{closure:{closure:Illuminate/Pipeline/Pipeline::carry():194}:195}()
#12 C:/xampp/htdocs/maternal-care-system/vendor/laravel/framework/src/Illuminate/Pipeline/Pipeline.php(219): Illuminate/Foundation/Http/Middleware/PreventRequestForgery->handle()
#13 C:/xampp/htdocs/maternal-care-system/vendor/laravel/framework/src/Illuminate/View/Middleware/ShareErrorsFromSession.php(48): Illuminate/Pipeline/Pipeline->{closure:{closure:Illuminate/Pipeline/Pipeline::carry():194}:195}()
#14 C:/xampp/htdocs/maternal-care-system/vendor/laravel/framework/src/Illuminate/Pipeline/Pipeline.php(219): Illuminate/View/Middleware/ShareErrorsFromSession->handle()
#15 C:/xampp/htdocs/maternal-care-system/vendor/laravel/framework/src/Illuminate/Session/Middleware/StartSession.php(120): Illuminate/Pipeline/Pipeline->{closure:{closure:Illuminate/Pipeline/Pipeline::carry():194}:195}()
#16 C:/xampp/htdocs/maternal-care-system/vendor/laravel/framework/src/Illuminate/Session/Middleware/StartSession.php(63): Illuminate/Session/Middleware/StartSession->handleStatefulRequest()
#17 C:/xampp/htdocs/maternal-care-system/vendor/laravel/framework/src/Illuminate/Pipeline/Pipeline.php(219): Illuminate/Session/Middleware/StartSession->handle()
#18 C:/xampp/htdocs/maternal-care-system/vendor/laravel/framework/src/Illuminate/Cookie/Middleware/AddQueuedCookiesToResponse.php(36): Illuminate/Pipeline/Pipeline->{closure:{closure:Illuminate/Pipeline/Pipeline::carry():194}:195}()
#19 C:/xampp/htdocs/maternal-care-system/vendor/laravel/framework/src/Illuminate/Pipeline/Pipeline.php(219): Illuminate/Cookie/Middleware/AddQueuedCookiesToResponse->handle()
#20 C:/xampp/htdocs/maternal-care-system/vendor/laravel/framework/src/Illuminate/Cookie/Middleware/EncryptCookies.php(74): Illuminate/Pipeline/Pipeline->{closure:{closure:Illuminate/Pipeline/Pipeline::carry():194}:195}()
#21 C:/xampp/htdocs/maternal-care-system/vendor/laravel/framework/src/Illuminate/Pipeline/Pipeline.php(219): Illuminate/Cookie/Middleware/EncryptCookies->handle()
#22 C:/xampp/htdocs/maternal-care-system/vendor/laravel/framework/src/Illuminate/Pipeline/Pipeline.php(137): Illuminate/Pipeline/Pipeline->{closure:{closure:Illuminate/Pipeline/Pipeline::carry():194}:195}()
#23 C:/xampp/htdocs/maternal-care-system/vendor/laravel/framework/src/Illuminate/Routing/Router.php(821): Illuminate/Pipeline/Pipeline->then()
#24 C:/xampp/htdocs/maternal-care-system/vendor/laravel/framework/src/Illuminate/Routing/Router.php(800): Illuminate/Routing/Router->runRouteWithinStack()
#25 C:/xampp/htdocs/maternal-care-system/vendor/laravel/framework/src/Illuminate/Routing/Router.php(764): Illuminate/Routing/Router->runRoute()
#26 C:/xampp/htdocs/maternal-care-system/vendor/laravel/framework/src/Illuminate/Routing/Router.php(753): Illuminate/Routing/Router->dispatchToRoute()
#27 C:/xampp/htdocs/maternal-care-system/vendor/laravel/framework/src/Illuminate/Foundation/Http/Kernel.php(200): Illuminate/Routing/Router->dispatch()
#28 C:/xampp/htdocs/maternal-care-system/vendor/laravel/framework/src/Illuminate/Pipeline/Pipeline.php(180): Illuminate/Foundation/Http/Kernel->{closure:Illuminate/Foundation/Http/Kernel::dispatchToRouter():197}()
#29 C:/xampp/htdocs/maternal-care-system/vendor/laravel/framework/src/Illuminate/Foundation/Http/Middleware/TransformsRequest.php(21): Illuminate/Pipeline/Pipeline->{closure:Illuminate/Pipeline/Pipeline::prepareDestination():178}()
#30 C:/xampp/htdocs/maternal-care-system/vendor/laravel/framework/src/Illuminate/Foundation/Http/Middleware/ConvertEmptyStringsToNull.php(31): Illuminate/Foundation/Http/Middleware/TransformsRequest->handle()
#31 C:/xampp/htdocs/maternal-care-system/vendor/laravel/framework/src/Illuminate/Pipeline/Pipeline.php(219): Illuminate/Foundation/Http/Middleware/ConvertEmptyStringsToNull->handle()
#32 C:/xampp/htdocs/maternal-care-system/vendor/laravel/framework/src/Illuminate/Foundation/Http/Middleware/TransformsRequest.php(21): Illuminate/Pipeline/Pipeline->{closure:{closure:Illuminate/Pipeline/Pipeline::carry():194}:195}()
#33 C:/xampp/htdocs/maternal-care-system/vendor/laravel/framework/src/Illuminate/Foundation/Http/Middleware/TrimStrings.php(51): Illuminate/Foundation/Http/Middleware/TransformsRequest->handle()
#34 C:/xampp/htdocs/maternal-care-system/vendor/laravel/framework/src/Illuminate/Pipeline/Pipeline.php(219): Illuminate/Foundation/Http/Middleware/TrimStrings->handle()
#35 C:/xampp/htdocs/maternal-care-system/vendor/laravel/framework/src/Illuminate/Http/Middleware/ValidatePostSize.php(27): Illuminate/Pipeline/Pipeline->{closure:{closure:Illuminate/Pipeline/Pipeline::carry():194}:195}()
#36 C:/xampp/htdocs/maternal-care-system/vendor/laravel/framework/src/Illuminate/Pipeline/Pipeline.php(219): Illuminate/Http/Middleware/ValidatePostSize->handle()
#37 C:/xampp/htdocs/maternal-care-system/vendor/laravel/framework/src/Illuminate/Foundation/Http/Middleware/PreventRequestsDuringMaintenance.php(109): Illuminate/Pipeline/Pipeline->{closure:{closure:Illuminate/Pipeline/Pipeline::carry():194}:195}()
#38 C:/xampp/htdocs/maternal-care-system/vendor/laravel/framework/src/Illuminate/Pipeline/Pipeline.php(219): Illuminate/Foundation/Http/Middleware/PreventRequestsDuringMaintenance->handle()
#39 C:/xampp/htdocs/maternal-care-system/vendor/laravel/framework/src/Illuminate/Http/Middleware/HandleCors.php(61): Illuminate/Pipeline/Pipeline->{closure:{closure:Illuminate/Pipeline/Pipeline::carry():194}:195}()
#40 C:/xampp/htdocs/maternal-care-system/vendor/laravel/framework/src/Illuminate/Pipeline/Pipeline.php(219): Illuminate/Http/Middleware/HandleCors->handle()
#41 C:/xampp/htdocs/maternal-care-system/vendor/laravel/framework/src/Illuminate/Http/Middleware/TrustProxies.php(58): Illuminate/Pipeline/Pipeline->{closure:{closure:Illuminate/Pipeline/Pipeline::carry():194}:195}()
#42 C:/xampp/htdocs/maternal-care-system/vendor/laravel/framework/src/Illuminate/Pipeline/Pipeline.php(219): Illuminate/Http/Middleware/TrustProxies->handle()
#43 C:/xampp/htdocs/maternal-care-system/vendor/laravel/framework/src/Illuminate/Foundation/Http/Middleware/InvokeDeferredCallbacks.php(22): Illuminate/Pipeline/Pipeline->{closure:{closure:Illuminate/Pipeline/Pipeline::carry():194}:195}()
#44 C:/xampp/htdocs/maternal-care-system/vendor/laravel/framework/src/Illuminate/Pipeline/Pipeline.php(219): Illuminate/Foundation/Http/Middleware/InvokeDeferredCallbacks->handle()
#45 C:/xampp/htdocs/maternal-care-system/vendor/laravel/framework/src/Illuminate/Http/Middleware/ValidatePathEncoding.php(28): Illuminate/Pipeline/Pipeline->{closure:{closure:Illuminate/Pipeline/Pipeline::carry():194}:195}()
#46 C:/xampp/htdocs/maternal-care-system/vendor/laravel/framework/src/Illuminate/Pipeline/Pipeline.php(219): Illuminate/Http/Middleware/ValidatePathEncoding->handle()
#47 C:/xampp/htdocs/maternal-care-system/vendor/laravel/framework/src/Illuminate/Pipeline/Pipeline.php(137): Illuminate/Pipeline/Pipeline->{closure:{closure:Illuminate/Pipeline/Pipeline::carry():194}:195}()
#48 C:/xampp/htdocs/maternal-care-system/vendor/laravel/framework/src/Illuminate/Foundation/Http/Kernel.php(175): Illuminate/Pipeline/Pipeline->then()
#49 C:/xampp/htdocs/maternal-care-system/vendor/laravel/framework/src/Illuminate/Foundation/Http/Kernel.php(144): Illuminate/Foundation/Http/Kernel->sendRequestThroughRouter()
#50 C:/xampp/htdocs/maternal-care-system/vendor/laravel/framework/src/Illuminate/Foundation/Application.php(1220): Illuminate/Foundation/Http/Kernel->handle()
#51 C:/xampp/htdocs/maternal-care-system/public/index.php(20): Illuminate/Foundation/Application->handleRequest()
#52 C:/xampp/htdocs/maternal-care-system/vendor/laravel/framework/src/Illuminate/Foundation/resources/server.php(23): require_once('...')
#53 {main}
"} 
[2026-07-16 20:48:41] local.ERROR: View [admin.reports] not found. {"exception":"[object] (InvalidArgumentException(code: 0): View [admin.reports] not found. at C:/xampp/htdocs/maternal-care-system/vendor/laravel/framework/src/Illuminate/View/FileViewFinder.php:138)
[stacktrace]
#0 C:/xampp/htdocs/maternal-care-system/vendor/laravel/framework/src/Illuminate/View/FileViewFinder.php(78): Illuminate/View/FileViewFinder->findInPaths()
#1 C:/xampp/htdocs/maternal-care-system/vendor/laravel/framework/src/Illuminate/View/Factory.php(150): Illuminate/View/FileViewFinder->find()
#2 C:/xampp/htdocs/maternal-care-system/vendor/laravel/framework/src/Illuminate/Foundation/helpers.php(1101): Illuminate/View/Factory->make()
#3 C:/xampp/htdocs/maternal-care-system/routes/web.php(70): view()
#4 C:/xampp/htdocs/maternal-care-system/vendor/laravel/framework/src/Illuminate/Routing/CallableDispatcher.php(39): Illuminate/Routing/RouteFileRegistrar->{closure:C:/xampp/htdocs/maternal-care-system/routes/web.php:69}()
#5 C:/xampp/htdocs/maternal-care-system/vendor/laravel/framework/src/Illuminate/Routing/Route.php(254): Illuminate/Routing/CallableDispatcher->dispatch()
#6 C:/xampp/htdocs/maternal-care-system/vendor/laravel/framework/src/Illuminate/Routing/Route.php(219): Illuminate/Routing/Route->runCallable()
#7 C:/xampp/htdocs/maternal-care-system/vendor/laravel/framework/src/Illuminate/Routing/Router.php(822): Illuminate/Routing/Route->run()
#8 C:/xampp/htdocs/maternal-care-system/vendor/laravel/framework/src/Illuminate/Pipeline/Pipeline.php(180): Illuminate/Routing/Router->{closure:Illuminate/Routing/Router::runRouteWithinStack():821}()
#9 C:/xampp/htdocs/maternal-care-system/vendor/laravel/framework/src/Illuminate/Routing/Middleware/SubstituteBindings.php(52): Illuminate/Pipeline/Pipeline->{closure:Illuminate/Pipeline/Pipeline::prepareDestination():178}()
#10 C:/xampp/htdocs/maternal-care-system/vendor/laravel/framework/src/Illuminate/Pipeline/Pipeline.php(219): Illuminate/Routing/Middleware/SubstituteBindings->handle()
#11 C:/xampp/htdocs/maternal-care-system/vendor/laravel/framework/src/Illuminate/Foundation/Http/Middleware/PreventRequestForgery.php(104): Illuminate/Pipeline/Pipeline->{closure:{closure:Illuminate/Pipeline/Pipeline::carry():194}:195}()
#12 C:/xampp/htdocs/maternal-care-system/vendor/laravel/framework/src/Illuminate/Pipeline/Pipeline.php(219): Illuminate/Foundation/Http/Middleware/PreventRequestForgery->handle()
#13 C:/xampp/htdocs/maternal-care-system/vendor/laravel/framework/src/Illuminate/View/Middleware/ShareErrorsFromSession.php(48): Illuminate/Pipeline/Pipeline->{closure:{closure:Illuminate/Pipeline/Pipeline::carry():194}:195}()
#14 C:/xampp/htdocs/maternal-care-system/vendor/laravel/framework/src/Illuminate/Pipeline/Pipeline.php(219): Illuminate/View/Middleware/ShareErrorsFromSession->handle()
#15 C:/xampp/htdocs/maternal-care-system/vendor/laravel/framework/src/Illuminate/Session/Middleware/StartSession.php(120): Illuminate/Pipeline/Pipeline->{closure:{closure:Illuminate/Pipeline/Pipeline::carry():194}:195}()
#16 C:/xampp/htdocs/maternal-care-system/vendor/laravel/framework/src/Illuminate/Session/Middleware/StartSession.php(63): Illuminate/Session/Middleware/StartSession->handleStatefulRequest()
#17 C:/xampp/htdocs/maternal-care-system/vendor/laravel/framework/src/Illuminate/Pipeline/Pipeline.php(219): Illuminate/Session/Middleware/StartSession->handle()
#18 C:/xampp/htdocs/maternal-care-system/vendor/laravel/framework/src/Illuminate/Cookie/Middleware/AddQueuedCookiesToResponse.php(36): Illuminate/Pipeline/Pipeline->{closure:{closure:Illuminate/Pipeline/Pipeline::carry():194}:195}()
#19 C:/xampp/htdocs/maternal-care-system/vendor/laravel/framework/src/Illuminate/Pipeline/Pipeline.php(219): Illuminate/Cookie/Middleware/AddQueuedCookiesToResponse->handle()
#20 C:/xampp/htdocs/maternal-care-system/vendor/laravel/framework/src/Illuminate/Cookie/Middleware/EncryptCookies.php(74): Illuminate/Pipeline/Pipeline->{closure:{closure:Illuminate/Pipeline/Pipeline::carry():194}:195}()
#21 C:/xampp/htdocs/maternal-care-system/vendor/laravel/framework/src/Illuminate/Pipeline/Pipeline.php(219): Illuminate/Cookie/Middleware/EncryptCookies->handle()
#22 C:/xampp/htdocs/maternal-care-system/vendor/laravel/framework/src/Illuminate/Pipeline/Pipeline.php(137): Illuminate/Pipeline/Pipeline->{closure:{closure:Illuminate/Pipeline/Pipeline::carry():194}:195}()
#23 C:/xampp/htdocs/maternal-care-system/vendor/laravel/framework/src/Illuminate/Routing/Router.php(821): Illuminate/Pipeline/Pipeline->then()
#24 C:/xampp/htdocs/maternal-care-system/vendor/laravel/framework/src/Illuminate/Routing/Router.php(800): Illuminate/Routing/Router->runRouteWithinStack()
#25 C:/xampp/htdocs/maternal-care-system/vendor/laravel/framework/src/Illuminate/Routing/Router.php(764): Illuminate/Routing/Router->runRoute()
#26 C:/xampp/htdocs/maternal-care-system/vendor/laravel/framework/src/Illuminate/Routing/Router.php(753): Illuminate/Routing/Router->dispatchToRoute()
#27 C:/xampp/htdocs/maternal-care-system/vendor/laravel/framework/src/Illuminate/Foundation/Http/Kernel.php(200): Illuminate/Routing/Router->dispatch()
#28 C:/xampp/htdocs/maternal-care-system/vendor/laravel/framework/src/Illuminate/Pipeline/Pipeline.php(180): Illuminate/Foundation/Http/Kernel->{closure:Illuminate/Foundation/Http/Kernel::dispatchToRouter():197}()
#29 C:/xampp/htdocs/maternal-care-system/vendor/laravel/framework/src/Illuminate/Foundation/Http/Middleware/TransformsRequest.php(21): Illuminate/Pipeline/Pipeline->{closure:Illuminate/Pipeline/Pipeline::prepareDestination():178}()
#30 C:/xampp/htdocs/maternal-care-system/vendor/laravel/framework/src/Illuminate/Foundation/Http/Middleware/ConvertEmptyStringsToNull.php(31): Illuminate/Foundation/Http/Middleware/TransformsRequest->handle()
#31 C:/xampp/htdocs/maternal-care-system/vendor/laravel/framework/src/Illuminate/Pipeline/Pipeline.php(219): Illuminate/Foundation/Http/Middleware/ConvertEmptyStringsToNull->handle()
#32 C:/xampp/htdocs/maternal-care-system/vendor/laravel/framework/src/Illuminate/Foundation/Http/Middleware/TransformsRequest.php(21): Illuminate/Pipeline/Pipeline->{closure:{closure:Illuminate/Pipeline/Pipeline::carry():194}:195}()
#33 C:/xampp/htdocs/maternal-care-system/vendor/laravel/framework/src/Illuminate/Foundation/Http/Middleware/TrimStrings.php(51): Illuminate/Foundation/Http/Middleware/TransformsRequest->handle()
#34 C:/xampp/htdocs/maternal-care-system/vendor/laravel/framework/src/Illuminate/Pipeline/Pipeline.php(219): Illuminate/Foundation/Http/Middleware/TrimStrings->handle()
#35 C:/xampp/htdocs/maternal-care-system/vendor/laravel/framework/src/Illuminate/Http/Middleware/ValidatePostSize.php(27): Illuminate/Pipeline/Pipeline->{closure:{closure:Illuminate/Pipeline/Pipeline::carry():194}:195}()
#36 C:/xampp/htdocs/maternal-care-system/vendor/laravel/framework/src/Illuminate/Pipeline/Pipeline.php(219): Illuminate/Http/Middleware/ValidatePostSize->handle()
#37 C:/xampp/htdocs/maternal-care-system/vendor/laravel/framework/src/Illuminate/Foundation/Http/Middleware/PreventRequestsDuringMaintenance.php(109): Illuminate/Pipeline/Pipeline->{closure:{closure:Illuminate/Pipeline/Pipeline::carry():194}:195}()
#38 C:/xampp/htdocs/maternal-care-system/vendor/laravel/framework/src/Illuminate/Pipeline/Pipeline.php(219): Illuminate/Foundation/Http/Middleware/PreventRequestsDuringMaintenance->handle()
#39 C:/xampp/htdocs/maternal-care-system/vendor/laravel/framework/src/Illuminate/Http/Middleware/HandleCors.php(61): Illuminate/Pipeline/Pipeline->{closure:{closure:Illuminate/Pipeline/Pipeline::carry():194}:195}()
#40 C:/xampp/htdocs/maternal-care-system/vendor/laravel/framework/src/Illuminate/Pipeline/Pipeline.php(219): Illuminate/Http/Middleware/HandleCors->handle()
#41 C:/xampp/htdocs/maternal-care-system/vendor/laravel/framework/src/Illuminate/Http/Middleware/TrustProxies.php(58): Illuminate/Pipeline/Pipeline->{closure:{closure:Illuminate/Pipeline/Pipeline::carry():194}:195}()
#42 C:/xampp/htdocs/maternal-care-system/vendor/laravel/framework/src/Illuminate/Pipeline/Pipeline.php(219): Illuminate/Http/Middleware/TrustProxies->handle()
#43 C:/xampp/htdocs/maternal-care-system/vendor/laravel/framework/src/Illuminate/Foundation/Http/Middleware/InvokeDeferredCallbacks.php(22): Illuminate/Pipeline/Pipeline->{closure:{closure:Illuminate/Pipeline/Pipeline::carry():194}:195}()
#44 C:/xampp/htdocs/maternal-care-system/vendor/laravel/framework/src/Illuminate/Pipeline/Pipeline.php(219): Illuminate/Foundation/Http/Middleware/InvokeDeferredCallbacks->handle()
#45 C:/xampp/htdocs/maternal-care-system/vendor/laravel/framework/src/Illuminate/Http/Middleware/ValidatePathEncoding.php(28): Illuminate/Pipeline/Pipeline->{closure:{closure:Illuminate/Pipeline/Pipeline::carry():194}:195}()
#46 C:/xampp/htdocs/maternal-care-system/vendor/laravel/framework/src/Illuminate/Pipeline/Pipeline.php(219): Illuminate/Http/Middleware/ValidatePathEncoding->handle()
#47 C:/xampp/htdocs/maternal-care-system/vendor/laravel/framework/src/Illuminate/Pipeline/Pipeline.php(137): Illuminate/Pipeline/Pipeline->{closure:{closure:Illuminate/Pipeline/Pipeline::carry():194}:195}()
#48 C:/xampp/htdocs/maternal-care-system/vendor/laravel/framework/src/Illuminate/Foundation/Http/Kernel.php(175): Illuminate/Pipeline/Pipeline->then()
#49 C:/xampp/htdocs/maternal-care-system/vendor/laravel/framework/src/Illuminate/Foundation/Http/Kernel.php(144): Illuminate/Foundation/Http/Kernel->sendRequestThroughRouter()
#50 C:/xampp/htdocs/maternal-care-system/vendor/laravel/framework/src/Illuminate/Foundation/Application.php(1220): Illuminate/Foundation/Http/Kernel->handle()
#51 C:/xampp/htdocs/maternal-care-system/public/index.php(20): Illuminate/Foundation/Application->handleRequest()
#52 C:/xampp/htdocs/maternal-care-system/vendor/laravel/framework/src/Illuminate/Foundation/resources/server.php(23): require_once('...')
#53 {main}
"} 
[2026-07-16 21:37:07] local.ERROR: View [admin.midwives] not found. {"exception":"[object] (InvalidArgumentException(code: 0): View [admin.midwives] not found. at C:/xampp/htdocs/maternal-care-system/vendor/laravel/framework/src/Illuminate/View/FileViewFinder.php:138)
[stacktrace]
#0 C:/xampp/htdocs/maternal-care-system/vendor/laravel/framework/src/Illuminate/View/FileViewFinder.php(78): Illuminate/View/FileViewFinder->findInPaths()
#1 C:/xampp/htdocs/maternal-care-system/vendor/laravel/framework/src/Illuminate/View/Factory.php(150): Illuminate/View/FileViewFinder->find()
#2 C:/xampp/htdocs/maternal-care-system/vendor/laravel/framework/src/Illuminate/Foundation/helpers.php(1101): Illuminate/View/Factory->make()
#3 C:/xampp/htdocs/maternal-care-system/routes/web.php(66): view()
#4 C:/xampp/htdocs/maternal-care-system/vendor/laravel/framework/src/Illuminate/Routing/CallableDispatcher.php(39): Illuminate/Routing/RouteFileRegistrar->{closure:C:/xampp/htdocs/maternal-care-system/routes/web.php:65}()
#5 C:/xampp/htdocs/maternal-care-system/vendor/laravel/framework/src/Illuminate/Routing/Route.php(254): Illuminate/Routing/CallableDispatcher->dispatch()
#6 C:/xampp/htdocs/maternal-care-system/vendor/laravel/framework/src/Illuminate/Routing/Route.php(219): Illuminate/Routing/Route->runCallable()
#7 C:/xampp/htdocs/maternal-care-system/vendor/laravel/framework/src/Illuminate/Routing/Router.php(822): Illuminate/Routing/Route->run()
#8 C:/xampp/htdocs/maternal-care-system/vendor/laravel/framework/src/Illuminate/Pipeline/Pipeline.php(180): Illuminate/Routing/Router->{closure:Illuminate/Routing/Router::runRouteWithinStack():821}()
#9 C:/xampp/htdocs/maternal-care-system/vendor/laravel/framework/src/Illuminate/Routing/Middleware/SubstituteBindings.php(52): Illuminate/Pipeline/Pipeline->{closure:Illuminate/Pipeline/Pipeline::prepareDestination():178}()
#10 C:/xampp/htdocs/maternal-care-system/vendor/laravel/framework/src/Illuminate/Pipeline/Pipeline.php(219): Illuminate/Routing/Middleware/SubstituteBindings->handle()
#11 C:/xampp/htdocs/maternal-care-system/vendor/laravel/framework/src/Illuminate/Foundation/Http/Middleware/PreventRequestForgery.php(104): Illuminate/Pipeline/Pipeline->{closure:{closure:Illuminate/Pipeline/Pipeline::carry():194}:195}()
#12 C:/xampp/htdocs/maternal-care-system/vendor/laravel/framework/src/Illuminate/Pipeline/Pipeline.php(219): Illuminate/Foundation/Http/Middleware/PreventRequestForgery->handle()
#13 C:/xampp/htdocs/maternal-care-system/vendor/laravel/framework/src/Illuminate/View/Middleware/ShareErrorsFromSession.php(48): Illuminate/Pipeline/Pipeline->{closure:{closure:Illuminate/Pipeline/Pipeline::carry():194}:195}()
#14 C:/xampp/htdocs/maternal-care-system/vendor/laravel/framework/src/Illuminate/Pipeline/Pipeline.php(219): Illuminate/View/Middleware/ShareErrorsFromSession->handle()
#15 C:/xampp/htdocs/maternal-care-system/vendor/laravel/framework/src/Illuminate/Session/Middleware/StartSession.php(120): Illuminate/Pipeline/Pipeline->{closure:{closure:Illuminate/Pipeline/Pipeline::carry():194}:195}()
#16 C:/xampp/htdocs/maternal-care-system/vendor/laravel/framework/src/Illuminate/Session/Middleware/StartSession.php(63): Illuminate/Session/Middleware/StartSession->handleStatefulRequest()
#17 C:/xampp/htdocs/maternal-care-system/vendor/laravel/framework/src/Illuminate/Pipeline/Pipeline.php(219): Illuminate/Session/Middleware/StartSession->handle()
#18 C:/xampp/htdocs/maternal-care-system/vendor/laravel/framework/src/Illuminate/Cookie/Middleware/AddQueuedCookiesToResponse.php(36): Illuminate/Pipeline/Pipeline->{closure:{closure:Illuminate/Pipeline/Pipeline::carry():194}:195}()
#19 C:/xampp/htdocs/maternal-care-system/vendor/laravel/framework/src/Illuminate/Pipeline/Pipeline.php(219): Illuminate/Cookie/Middleware/AddQueuedCookiesToResponse->handle()
#20 C:/xampp/htdocs/maternal-care-system/vendor/laravel/framework/src/Illuminate/Cookie/Middleware/EncryptCookies.php(74): Illuminate/Pipeline/Pipeline->{closure:{closure:Illuminate/Pipeline/Pipeline::carry():194}:195}()
#21 C:/xampp/htdocs/maternal-care-system/vendor/laravel/framework/src/Illuminate/Pipeline/Pipeline.php(219): Illuminate/Cookie/Middleware/EncryptCookies->handle()
#22 C:/xampp/htdocs/maternal-care-system/vendor/laravel/framework/src/Illuminate/Pipeline/Pipeline.php(137): Illuminate/Pipeline/Pipeline->{closure:{closure:Illuminate/Pipeline/Pipeline::carry():194}:195}()
#23 C:/xampp/htdocs/maternal-care-system/vendor/laravel/framework/src/Illuminate/Routing/Router.php(821): Illuminate/Pipeline/Pipeline->then()
#24 C:/xampp/htdocs/maternal-care-system/vendor/laravel/framework/src/Illuminate/Routing/Router.php(800): Illuminate/Routing/Router->runRouteWithinStack()
#25 C:/xampp/htdocs/maternal-care-system/vendor/laravel/framework/src/Illuminate/Routing/Router.php(764): Illuminate/Routing/Router->runRoute()
#26 C:/xampp/htdocs/maternal-care-system/vendor/laravel/framework/src/Illuminate/Routing/Router.php(753): Illuminate/Routing/Router->dispatchToRoute()
#27 C:/xampp/htdocs/maternal-care-system/vendor/laravel/framework/src/Illuminate/Foundation/Http/Kernel.php(200): Illuminate/Routing/Router->dispatch()
#28 C:/xampp/htdocs/maternal-care-system/vendor/laravel/framework/src/Illuminate/Pipeline/Pipeline.php(180): Illuminate/Foundation/Http/Kernel->{closure:Illuminate/Foundation/Http/Kernel::dispatchToRouter():197}()
#29 C:/xampp/htdocs/maternal-care-system/vendor/laravel/framework/src/Illuminate/Foundation/Http/Middleware/TransformsRequest.php(21): Illuminate/Pipeline/Pipeline->{closure:Illuminate/Pipeline/Pipeline::prepareDestination():178}()
#30 C:/xampp/htdocs/maternal-care-system/vendor/laravel/framework/src/Illuminate/Foundation/Http/Middleware/ConvertEmptyStringsToNull.php(31): Illuminate/Foundation/Http/Middleware/TransformsRequest->handle()
#31 C:/xampp/htdocs/maternal-care-system/vendor/laravel/framework/src/Illuminate/Pipeline/Pipeline.php(219): Illuminate/Foundation/Http/Middleware/ConvertEmptyStringsToNull->handle()
#32 C:/xampp/htdocs/maternal-care-system/vendor/laravel/framework/src/Illuminate/Foundation/Http/Middleware/TransformsRequest.php(21): Illuminate/Pipeline/Pipeline->{closure:{closure:Illuminate/Pipeline/Pipeline::carry():194}:195}()
#33 C:/xampp/htdocs/maternal-care-system/vendor/laravel/framework/src/Illuminate/Foundation/Http/Middleware/TrimStrings.php(51): Illuminate/Foundation/Http/Middleware/TransformsRequest->handle()
#34 C:/xampp/htdocs/maternal-care-system/vendor/laravel/framework/src/Illuminate/Pipeline/Pipeline.php(219): Illuminate/Foundation/Http/Middleware/TrimStrings->handle()
#35 C:/xampp/htdocs/maternal-care-system/vendor/laravel/framework/src/Illuminate/Http/Middleware/ValidatePostSize.php(27): Illuminate/Pipeline/Pipeline->{closure:{closure:Illuminate/Pipeline/Pipeline::carry():194}:195}()
#36 C:/xampp/htdocs/maternal-care-system/vendor/laravel/framework/src/Illuminate/Pipeline/Pipeline.php(219): Illuminate/Http/Middleware/ValidatePostSize->handle()
#37 C:/xampp/htdocs/maternal-care-system/vendor/laravel/framework/src/Illuminate/Foundation/Http/Middleware/PreventRequestsDuringMaintenance.php(109): Illuminate/Pipeline/Pipeline->{closure:{closure:Illuminate/Pipeline/Pipeline::carry():194}:195}()
#38 C:/xampp/htdocs/maternal-care-system/vendor/laravel/framework/src/Illuminate/Pipeline/Pipeline.php(219): Illuminate/Foundation/Http/Middleware/PreventRequestsDuringMaintenance->handle()
#39 C:/xampp/htdocs/maternal-care-system/vendor/laravel/framework/src/Illuminate/Http/Middleware/HandleCors.php(61): Illuminate/Pipeline/Pipeline->{closure:{closure:Illuminate/Pipeline/Pipeline::carry():194}:195}()
#40 C:/xampp/htdocs/maternal-care-system/vendor/laravel/framework/src/Illuminate/Pipeline/Pipeline.php(219): Illuminate/Http/Middleware/HandleCors->handle()
#41 C:/xampp/htdocs/maternal-care-system/vendor/laravel/framework/src/Illuminate/Http/Middleware/TrustProxies.php(58): Illuminate/Pipeline/Pipeline->{closure:{closure:Illuminate/Pipeline/Pipeline::carry():194}:195}()
#42 C:/xampp/htdocs/maternal-care-system/vendor/laravel/framework/src/Illuminate/Pipeline/Pipeline.php(219): Illuminate/Http/Middleware/TrustProxies->handle()
#43 C:/xampp/htdocs/maternal-care-system/vendor/laravel/framework/src/Illuminate/Foundation/Http/Middleware/InvokeDeferredCallbacks.php(22): Illuminate/Pipeline/Pipeline->{closure:{closure:Illuminate/Pipeline/Pipeline::carry():194}:195}()
#44 C:/xampp/htdocs/maternal-care-system/vendor/laravel/framework/src/Illuminate/Pipeline/Pipeline.php(219): Illuminate/Foundation/Http/Middleware/InvokeDeferredCallbacks->handle()
#45 C:/xampp/htdocs/maternal-care-system/vendor/laravel/framework/src/Illuminate/Http/Middleware/ValidatePathEncoding.php(28): Illuminate/Pipeline/Pipeline->{closure:{closure:Illuminate/Pipeline/Pipeline::carry():194}:195}()
#46 C:/xampp/htdocs/maternal-care-system/vendor/laravel/framework/src/Illuminate/Pipeline/Pipeline.php(219): Illuminate/Http/Middleware/ValidatePathEncoding->handle()
#47 C:/xampp/htdocs/maternal-care-system/vendor/laravel/framework/src/Illuminate/Pipeline/Pipeline.php(137): Illuminate/Pipeline/Pipeline->{closure:{closure:Illuminate/Pipeline/Pipeline::carry():194}:195}()
#48 C:/xampp/htdocs/maternal-care-system/vendor/laravel/framework/src/Illuminate/Foundation/Http/Kernel.php(175): Illuminate/Pipeline/Pipeline->then()
#49 C:/xampp/htdocs/maternal-care-system/vendor/laravel/framework/src/Illuminate/Foundation/Http/Kernel.php(144): Illuminate/Foundation/Http/Kernel->sendRequestThroughRouter()
#50 C:/xampp/htdocs/maternal-care-system/vendor/laravel/framework/src/Illuminate/Foundation/Application.php(1220): Illuminate/Foundation/Http/Kernel->handle()
#51 C:/xampp/htdocs/maternal-care-system/public/index.php(20): Illuminate/Foundation/Application->handleRequest()
#52 C:/xampp/htdocs/maternal-care-system/vendor/laravel/framework/src/Illuminate/Foundation/resources/server.php(23): require_once('...')
#53 {main}
"} 
[2026-07-17 20:58:35] local.ERROR: View [mother.dashboard] not found. {"exception":"[object] (InvalidArgumentException(code: 0): View [mother.dashboard] not found. at C:/xampp/htdocs/maternal-care-system/vendor/laravel/framework/src/Illuminate/View/FileViewFinder.php:138)
[stacktrace]
#0 C:/xampp/htdocs/maternal-care-system/vendor/laravel/framework/src/Illuminate/View/FileViewFinder.php(78): Illuminate/View/FileViewFinder->findInPaths()
#1 C:/xampp/htdocs/maternal-care-system/vendor/laravel/framework/src/Illuminate/View/Factory.php(150): Illuminate/View/FileViewFinder->find()
#2 C:/xampp/htdocs/maternal-care-system/vendor/laravel/framework/src/Illuminate/Foundation/helpers.php(1101): Illuminate/View/Factory->make()
#3 C:/xampp/htdocs/maternal-care-system/routes/web.php(82): view()
#4 C:/xampp/htdocs/maternal-care-system/vendor/laravel/framework/src/Illuminate/Routing/CallableDispatcher.php(39): Illuminate/Routing/RouteFileRegistrar->{closure:C:/xampp/htdocs/maternal-care-system/routes/web.php:81}()
#5 C:/xampp/htdocs/maternal-care-system/vendor/laravel/framework/src/Illuminate/Routing/Route.php(254): Illuminate/Routing/CallableDispatcher->dispatch()
#6 C:/xampp/htdocs/maternal-care-system/vendor/laravel/framework/src/Illuminate/Routing/Route.php(219): Illuminate/Routing/Route->runCallable()
#7 C:/xampp/htdocs/maternal-care-system/vendor/laravel/framework/src/Illuminate/Routing/Router.php(822): Illuminate/Routing/Route->run()
#8 C:/xampp/htdocs/maternal-care-system/vendor/laravel/framework/src/Illuminate/Pipeline/Pipeline.php(180): Illuminate/Routing/Router->{closure:Illuminate/Routing/Router::runRouteWithinStack():821}()
#9 C:/xampp/htdocs/maternal-care-system/vendor/laravel/framework/src/Illuminate/Routing/Middleware/SubstituteBindings.php(52): Illuminate/Pipeline/Pipeline->{closure:Illuminate/Pipeline/Pipeline::prepareDestination():178}()
#10 C:/xampp/htdocs/maternal-care-system/vendor/laravel/framework/src/Illuminate/Pipeline/Pipeline.php(219): Illuminate/Routing/Middleware/SubstituteBindings->handle()
#11 C:/xampp/htdocs/maternal-care-system/vendor/laravel/framework/src/Illuminate/Foundation/Http/Middleware/PreventRequestForgery.php(104): Illuminate/Pipeline/Pipeline->{closure:{closure:Illuminate/Pipeline/Pipeline::carry():194}:195}()
#12 C:/xampp/htdocs/maternal-care-system/vendor/laravel/framework/src/Illuminate/Pipeline/Pipeline.php(219): Illuminate/Foundation/Http/Middleware/PreventRequestForgery->handle()
#13 C:/xampp/htdocs/maternal-care-system/vendor/laravel/framework/src/Illuminate/View/Middleware/ShareErrorsFromSession.php(48): Illuminate/Pipeline/Pipeline->{closure:{closure:Illuminate/Pipeline/Pipeline::carry():194}:195}()
#14 C:/xampp/htdocs/maternal-care-system/vendor/laravel/framework/src/Illuminate/Pipeline/Pipeline.php(219): Illuminate/View/Middleware/ShareErrorsFromSession->handle()
#15 C:/xampp/htdocs/maternal-care-system/vendor/laravel/framework/src/Illuminate/Session/Middleware/StartSession.php(120): Illuminate/Pipeline/Pipeline->{closure:{closure:Illuminate/Pipeline/Pipeline::carry():194}:195}()
#16 C:/xampp/htdocs/maternal-care-system/vendor/laravel/framework/src/Illuminate/Session/Middleware/StartSession.php(63): Illuminate/Session/Middleware/StartSession->handleStatefulRequest()
#17 C:/xampp/htdocs/maternal-care-system/vendor/laravel/framework/src/Illuminate/Pipeline/Pipeline.php(219): Illuminate/Session/Middleware/StartSession->handle()
#18 C:/xampp/htdocs/maternal-care-system/vendor/laravel/framework/src/Illuminate/Cookie/Middleware/AddQueuedCookiesToResponse.php(36): Illuminate/Pipeline/Pipeline->{closure:{closure:Illuminate/Pipeline/Pipeline::carry():194}:195}()
#19 C:/xampp/htdocs/maternal-care-system/vendor/laravel/framework/src/Illuminate/Pipeline/Pipeline.php(219): Illuminate/Cookie/Middleware/AddQueuedCookiesToResponse->handle()
#20 C:/xampp/htdocs/maternal-care-system/vendor/laravel/framework/src/Illuminate/Cookie/Middleware/EncryptCookies.php(74): Illuminate/Pipeline/Pipeline->{closure:{closure:Illuminate/Pipeline/Pipeline::carry():194}:195}()
#21 C:/xampp/htdocs/maternal-care-system/vendor/laravel/framework/src/Illuminate/Pipeline/Pipeline.php(219): Illuminate/Cookie/Middleware/EncryptCookies->handle()
#22 C:/xampp/htdocs/maternal-care-system/vendor/laravel/framework/src/Illuminate/Pipeline/Pipeline.php(137): Illuminate/Pipeline/Pipeline->{closure:{closure:Illuminate/Pipeline/Pipeline::carry():194}:195}()
#23 C:/xampp/htdocs/maternal-care-system/vendor/laravel/framework/src/Illuminate/Routing/Router.php(821): Illuminate/Pipeline/Pipeline->then()
#24 C:/xampp/htdocs/maternal-care-system/vendor/laravel/framework/src/Illuminate/Routing/Router.php(800): Illuminate/Routing/Router->runRouteWithinStack()
#25 C:/xampp/htdocs/maternal-care-system/vendor/laravel/framework/src/Illuminate/Routing/Router.php(764): Illuminate/Routing/Router->runRoute()
#26 C:/xampp/htdocs/maternal-care-system/vendor/laravel/framework/src/Illuminate/Routing/Router.php(753): Illuminate/Routing/Router->dispatchToRoute()
#27 C:/xampp/htdocs/maternal-care-system/vendor/laravel/framework/src/Illuminate/Foundation/Http/Kernel.php(200): Illuminate/Routing/Router->dispatch()
#28 C:/xampp/htdocs/maternal-care-system/vendor/laravel/framework/src/Illuminate/Pipeline/Pipeline.php(180): Illuminate/Foundation/Http/Kernel->{closure:Illuminate/Foundation/Http/Kernel::dispatchToRouter():197}()
#29 C:/xampp/htdocs/maternal-care-system/vendor/laravel/framework/src/Illuminate/Foundation/Http/Middleware/TransformsRequest.php(21): Illuminate/Pipeline/Pipeline->{closure:Illuminate/Pipeline/Pipeline::prepareDestination():178}()
#30 C:/xampp/htdocs/maternal-care-system/vendor/laravel/framework/src/Illuminate/Foundation/Http/Middleware/ConvertEmptyStringsToNull.php(31): Illuminate/Foundation/Http/Middleware/TransformsRequest->handle()
#31 C:/xampp/htdocs/maternal-care-system/vendor/laravel/framework/src/Illuminate/Pipeline/Pipeline.php(219): Illuminate/Foundation/Http/Middleware/ConvertEmptyStringsToNull->handle()
#32 C:/xampp/htdocs/maternal-care-system/vendor/laravel/framework/src/Illuminate/Foundation/Http/Middleware/TransformsRequest.php(21): Illuminate/Pipeline/Pipeline->{closure:{closure:Illuminate/Pipeline/Pipeline::carry():194}:195}()
#33 C:/xampp/htdocs/maternal-care-system/vendor/laravel/framework/src/Illuminate/Foundation/Http/Middleware/TrimStrings.php(51): Illuminate/Foundation/Http/Middleware/TransformsRequest->handle()
#34 C:/xampp/htdocs/maternal-care-system/vendor/laravel/framework/src/Illuminate/Pipeline/Pipeline.php(219): Illuminate/Foundation/Http/Middleware/TrimStrings->handle()
#35 C:/xampp/htdocs/maternal-care-system/vendor/laravel/framework/src/Illuminate/Http/Middleware/ValidatePostSize.php(27): Illuminate/Pipeline/Pipeline->{closure:{closure:Illuminate/Pipeline/Pipeline::carry():194}:195}()
#36 C:/xampp/htdocs/maternal-care-system/vendor/laravel/framework/src/Illuminate/Pipeline/Pipeline.php(219): Illuminate/Http/Middleware/ValidatePostSize->handle()
#37 C:/xampp/htdocs/maternal-care-system/vendor/laravel/framework/src/Illuminate/Foundation/Http/Middleware/PreventRequestsDuringMaintenance.php(109): Illuminate/Pipeline/Pipeline->{closure:{closure:Illuminate/Pipeline/Pipeline::carry():194}:195}()
#38 C:/xampp/htdocs/maternal-care-system/vendor/laravel/framework/src/Illuminate/Pipeline/Pipeline.php(219): Illuminate/Foundation/Http/Middleware/PreventRequestsDuringMaintenance->handle()
#39 C:/xampp/htdocs/maternal-care-system/vendor/laravel/framework/src/Illuminate/Http/Middleware/HandleCors.php(61): Illuminate/Pipeline/Pipeline->{closure:{closure:Illuminate/Pipeline/Pipeline::carry():194}:195}()
#40 C:/xampp/htdocs/maternal-care-system/vendor/laravel/framework/src/Illuminate/Pipeline/Pipeline.php(219): Illuminate/Http/Middleware/HandleCors->handle()
#41 C:/xampp/htdocs/maternal-care-system/vendor/laravel/framework/src/Illuminate/Http/Middleware/TrustProxies.php(58): Illuminate/Pipeline/Pipeline->{closure:{closure:Illuminate/Pipeline/Pipeline::carry():194}:195}()
#42 C:/xampp/htdocs/maternal-care-system/vendor/laravel/framework/src/Illuminate/Pipeline/Pipeline.php(219): Illuminate/Http/Middleware/TrustProxies->handle()
#43 C:/xampp/htdocs/maternal-care-system/vendor/laravel/framework/src/Illuminate/Foundation/Http/Middleware/InvokeDeferredCallbacks.php(22): Illuminate/Pipeline/Pipeline->{closure:{closure:Illuminate/Pipeline/Pipeline::carry():194}:195}()
#44 C:/xampp/htdocs/maternal-care-system/vendor/laravel/framework/src/Illuminate/Pipeline/Pipeline.php(219): Illuminate/Foundation/Http/Middleware/InvokeDeferredCallbacks->handle()
#45 C:/xampp/htdocs/maternal-care-system/vendor/laravel/framework/src/Illuminate/Http/Middleware/ValidatePathEncoding.php(28): Illuminate/Pipeline/Pipeline->{closure:{closure:Illuminate/Pipeline/Pipeline::carry():194}:195}()
#46 C:/xampp/htdocs/maternal-care-system/vendor/laravel/framework/src/Illuminate/Pipeline/Pipeline.php(219): Illuminate/Http/Middleware/ValidatePathEncoding->handle()
#47 C:/xampp/htdocs/maternal-care-system/vendor/laravel/framework/src/Illuminate/Pipeline/Pipeline.php(137): Illuminate/Pipeline/Pipeline->{closure:{closure:Illuminate/Pipeline/Pipeline::carry():194}:195}()
#48 C:/xampp/htdocs/maternal-care-system/vendor/laravel/framework/src/Illuminate/Foundation/Http/Kernel.php(175): Illuminate/Pipeline/Pipeline->then()
#49 C:/xampp/htdocs/maternal-care-system/vendor/laravel/framework/src/Illuminate/Foundation/Http/Kernel.php(144): Illuminate/Foundation/Http/Kernel->sendRequestThroughRouter()
#50 C:/xampp/htdocs/maternal-care-system/vendor/laravel/framework/src/Illuminate/Foundation/Application.php(1220): Illuminate/Foundation/Http/Kernel->handle()
#51 C:/xampp/htdocs/maternal-care-system/public/index.php(20): Illuminate/Foundation/Application->handleRequest()
#52 C:/xampp/htdocs/maternal-care-system/vendor/laravel/framework/src/Illuminate/Foundation/resources/server.php(23): require_once('...')
#53 {main}
"} 
[2026-07-18 12:14:22] local.ERROR: Route [midwife.add-mother] not defined. (View: C:\xampp\htdocs\maternal-care-system\resources\views\midwife\mother.blade.php) {"exception":"[object] (Illuminate\\View\\ViewException(code: 0): Route [midwife.add-mother] not defined. (View: C:\\xampp\\htdocs\\maternal-care-system\\resources\\views\\midwife\\mother.blade.php) at C:/xampp/htdocs/maternal-care-system/vendor/laravel/framework/src/Illuminate/Routing/UrlGenerator.php:540)
[stacktrace]
#0 C:/xampp/htdocs/maternal-care-system/vendor/laravel/framework/src/Illuminate/View/Engines/PhpEngine.php(59): Illuminate/View/Engines/CompilerEngine->handleViewException()
#1 C:/xampp/htdocs/maternal-care-system/vendor/laravel/framework/src/Illuminate/View/Engines/CompilerEngine.php(76): Illuminate/View/Engines/PhpEngine->evaluatePath()
#2 C:/xampp/htdocs/maternal-care-system/vendor/laravel/framework/src/Illuminate/View/View.php(208): Illuminate/View/Engines/CompilerEngine->get()
#3 C:/xampp/htdocs/maternal-care-system/vendor/laravel/framework/src/Illuminate/View/View.php(191): Illuminate/View/View->getContents()
#4 C:/xampp/htdocs/maternal-care-system/vendor/laravel/framework/src/Illuminate/View/View.php(160): Illuminate/View/View->renderContents()
#5 C:/xampp/htdocs/maternal-care-system/vendor/laravel/framework/src/Illuminate/Http/Response.php(82): Illuminate/View/View->render()
#6 C:/xampp/htdocs/maternal-care-system/vendor/laravel/framework/src/Illuminate/Http/Response.php(40): Illuminate/Http/Response->setContent()
#7 C:/xampp/htdocs/maternal-care-system/vendor/laravel/framework/src/Illuminate/Routing/Router.php(939): Illuminate/Http/Response->__construct()
#8 C:/xampp/htdocs/maternal-care-system/vendor/laravel/framework/src/Illuminate/Routing/Router.php(906): Illuminate/Routing/Router::toResponse()
#9 C:/xampp/htdocs/maternal-care-system/vendor/laravel/framework/src/Illuminate/Routing/Router.php(821): Illuminate/Routing/Router->prepareResponse()
#10 C:/xampp/htdocs/maternal-care-system/vendor/laravel/framework/src/Illuminate/Pipeline/Pipeline.php(180): Illuminate/Routing/Router->{closure:Illuminate/Routing/Router::runRouteWithinStack():821}()
#11 C:/xampp/htdocs/maternal-care-system/vendor/laravel/framework/src/Illuminate/Routing/Middleware/SubstituteBindings.php(52): Illuminate/Pipeline/Pipeline->{closure:Illuminate/Pipeline/Pipeline::prepareDestination():178}()
#12 C:/xampp/htdocs/maternal-care-system/vendor/laravel/framework/src/Illuminate/Pipeline/Pipeline.php(219): Illuminate/Routing/Middleware/SubstituteBindings->handle()
#13 C:/xampp/htdocs/maternal-care-system/vendor/laravel/framework/src/Illuminate/Foundation/Http/Middleware/PreventRequestForgery.php(104): Illuminate/Pipeline/Pipeline->{closure:{closure:Illuminate/Pipeline/Pipeline::carry():194}:195}()
#14 C:/xampp/htdocs/maternal-care-system/vendor/laravel/framework/src/Illuminate/Pipeline/Pipeline.php(219): Illuminate/Foundation/Http/Middleware/PreventRequestForgery->handle()
#15 C:/xampp/htdocs/maternal-care-system/vendor/laravel/framework/src/Illuminate/View/Middleware/ShareErrorsFromSession.php(48): Illuminate/Pipeline/Pipeline->{closure:{closure:Illuminate/Pipeline/Pipeline::carry():194}:195}()
#16 C:/xampp/htdocs/maternal-care-system/vendor/laravel/framework/src/Illuminate/Pipeline/Pipeline.php(219): Illuminate/View/Middleware/ShareErrorsFromSession->handle()
#17 C:/xampp/htdocs/maternal-care-system/vendor/laravel/framework/src/Illuminate/Session/Middleware/StartSession.php(120): Illuminate/Pipeline/Pipeline->{closure:{closure:Illuminate/Pipeline/Pipeline::carry():194}:195}()
#18 C:/xampp/htdocs/maternal-care-system/vendor/laravel/framework/src/Illuminate/Session/Middleware/StartSession.php(63): Illuminate/Session/Middleware/StartSession->handleStatefulRequest()
#19 C:/xampp/htdocs/maternal-care-system/vendor/laravel/framework/src/Illuminate/Pipeline/Pipeline.php(219): Illuminate/Session/Middleware/StartSession->handle()
#20 C:/xampp/htdocs/maternal-care-system/vendor/laravel/framework/src/Illuminate/Cookie/Middleware/AddQueuedCookiesToResponse.php(36): Illuminate/Pipeline/Pipeline->{closure:{closure:Illuminate/Pipeline/Pipeline::carry():194}:195}()
#21 C:/xampp/htdocs/maternal-care-system/vendor/laravel/framework/src/Illuminate/Pipeline/Pipeline.php(219): Illuminate/Cookie/Middleware/AddQueuedCookiesToResponse->handle()
#22 C:/xampp/htdocs/maternal-care-system/vendor/laravel/framework/src/Illuminate/Cookie/Middleware/EncryptCookies.php(74): Illuminate/Pipeline/Pipeline->{closure:{closure:Illuminate/Pipeline/Pipeline::carry():194}:195}()
#23 C:/xampp/htdocs/maternal-care-system/vendor/laravel/framework/src/Illuminate/Pipeline/Pipeline.php(219): Illuminate/Cookie/Middleware/EncryptCookies->handle()
#24 C:/xampp/htdocs/maternal-care-system/vendor/laravel/framework/src/Illuminate/Pipeline/Pipeline.php(137): Illuminate/Pipeline/Pipeline->{closure:{closure:Illuminate/Pipeline/Pipeline::carry():194}:195}()
#25 C:/xampp/htdocs/maternal-care-system/vendor/laravel/framework/src/Illuminate/Routing/Router.php(821): Illuminate/Pipeline/Pipeline->then()
#26 C:/xampp/htdocs/maternal-care-system/vendor/laravel/framework/src/Illuminate/Routing/Router.php(800): Illuminate/Routing/Router->runRouteWithinStack()
#27 C:/xampp/htdocs/maternal-care-system/vendor/laravel/framework/src/Illuminate/Routing/Router.php(764): Illuminate/Routing/Router->runRoute()
#28 C:/xampp/htdocs/maternal-care-system/vendor/laravel/framework/src/Illuminate/Routing/Router.php(753): Illuminate/Routing/Router->dispatchToRoute()
#29 C:/xampp/htdocs/maternal-care-system/vendor/laravel/framework/src/Illuminate/Foundation/Http/Kernel.php(200): Illuminate/Routing/Router->dispatch()
#30 C:/xampp/htdocs/maternal-care-system/vendor/laravel/framework/src/Illuminate/Pipeline/Pipeline.php(180): Illuminate/Foundation/Http/Kernel->{closure:Illuminate/Foundation/Http/Kernel::dispatchToRouter():197}()
#31 C:/xampp/htdocs/maternal-care-system/vendor/laravel/framework/src/Illuminate/Foundation/Http/Middleware/TransformsRequest.php(21): Illuminate/Pipeline/Pipeline->{closure:Illuminate/Pipeline/Pipeline::prepareDestination():178}()
#32 C:/xampp/htdocs/maternal-care-system/vendor/laravel/framework/src/Illuminate/Foundation/Http/Middleware/ConvertEmptyStringsToNull.php(31): Illuminate/Foundation/Http/Middleware/TransformsRequest->handle()
#33 C:/xampp/htdocs/maternal-care-system/vendor/laravel/framework/src/Illuminate/Pipeline/Pipeline.php(219): Illuminate/Foundation/Http/Middleware/ConvertEmptyStringsToNull->handle()
#34 C:/xampp/htdocs/maternal-care-system/vendor/laravel/framework/src/Illuminate/Foundation/Http/Middleware/TransformsRequest.php(21): Illuminate/Pipeline/Pipeline->{closure:{closure:Illuminate/Pipeline/Pipeline::carry():194}:195}()
#35 C:/xampp/htdocs/maternal-care-system/vendor/laravel/framework/src/Illuminate/Foundation/Http/Middleware/TrimStrings.php(51): Illuminate/Foundation/Http/Middleware/TransformsRequest->handle()
#36 C:/xampp/htdocs/maternal-care-system/vendor/laravel/framework/src/Illuminate/Pipeline/Pipeline.php(219): Illuminate/Foundation/Http/Middleware/TrimStrings->handle()
#37 C:/xampp/htdocs/maternal-care-system/vendor/laravel/framework/src/Illuminate/Http/Middleware/ValidatePostSize.php(27): Illuminate/Pipeline/Pipeline->{closure:{closure:Illuminate/Pipeline/Pipeline::carry():194}:195}()
#38 C:/xampp/htdocs/maternal-care-system/vendor/laravel/framework/src/Illuminate/Pipeline/Pipeline.php(219): Illuminate/Http/Middleware/ValidatePostSize->handle()
#39 C:/xampp/htdocs/maternal-care-system/vendor/laravel/framework/src/Illuminate/Foundation/Http/Middleware/PreventRequestsDuringMaintenance.php(109): Illuminate/Pipeline/Pipeline->{closure:{closure:Illuminate/Pipeline/Pipeline::carry():194}:195}()
#40 C:/xampp/htdocs/maternal-care-system/vendor/laravel/framework/src/Illuminate/Pipeline/Pipeline.php(219): Illuminate/Foundation/Http/Middleware/PreventRequestsDuringMaintenance->handle()
#41 C:/xampp/htdocs/maternal-care-system/vendor/laravel/framework/src/Illuminate/Http/Middleware/HandleCors.php(61): Illuminate/Pipeline/Pipeline->{closure:{closure:Illuminate/Pipeline/Pipeline::carry():194}:195}()
#42 C:/xampp/htdocs/maternal-care-system/vendor/laravel/framework/src/Illuminate/Pipeline/Pipeline.php(219): Illuminate/Http/Middleware/HandleCors->handle()
#43 C:/xampp/htdocs/maternal-care-system/vendor/laravel/framework/src/Illuminate/Http/Middleware/TrustProxies.php(58): Illuminate/Pipeline/Pipeline->{closure:{closure:Illuminate/Pipeline/Pipeline::carry():194}:195}()
#44 C:/xampp/htdocs/maternal-care-system/vendor/laravel/framework/src/Illuminate/Pipeline/Pipeline.php(219): Illuminate/Http/Middleware/TrustProxies->handle()
#45 C:/xampp/htdocs/maternal-care-system/vendor/laravel/framework/src/Illuminate/Foundation/Http/Middleware/InvokeDeferredCallbacks.php(22): Illuminate/Pipeline/Pipeline->{closure:{closure:Illuminate/Pipeline/Pipeline::carry():194}:195}()
#46 C:/xampp/htdocs/maternal-care-system/vendor/laravel/framework/src/Illuminate/Pipeline/Pipeline.php(219): Illuminate/Foundation/Http/Middleware/InvokeDeferredCallbacks->handle()
#47 C:/xampp/htdocs/maternal-care-system/vendor/laravel/framework/src/Illuminate/Http/Middleware/ValidatePathEncoding.php(28): Illuminate/Pipeline/Pipeline->{closure:{closure:Illuminate/Pipeline/Pipeline::carry():194}:195}()
#48 C:/xampp/htdocs/maternal-care-system/vendor/laravel/framework/src/Illuminate/Pipeline/Pipeline.php(219): Illuminate/Http/Middleware/ValidatePathEncoding->handle()
#49 C:/xampp/htdocs/maternal-care-system/vendor/laravel/framework/src/Illuminate/Pipeline/Pipeline.php(137): Illuminate/Pipeline/Pipeline->{closure:{closure:Illuminate/Pipeline/Pipeline::carry():194}:195}()
#50 C:/xampp/htdocs/maternal-care-system/vendor/laravel/framework/src/Illuminate/Foundation/Http/Kernel.php(175): Illuminate/Pipeline/Pipeline->then()
#51 C:/xampp/htdocs/maternal-care-system/vendor/laravel/framework/src/Illuminate/Foundation/Http/Kernel.php(144): Illuminate/Foundation/Http/Kernel->sendRequestThroughRouter()
#52 C:/xampp/htdocs/maternal-care-system/vendor/laravel/framework/src/Illuminate/Foundation/Application.php(1220): Illuminate/Foundation/Http/Kernel->handle()
#53 C:/xampp/htdocs/maternal-care-system/public/index.php(20): Illuminate/Foundation/Application->handleRequest()
#54 C:/xampp/htdocs/maternal-care-system/vendor/laravel/framework/src/Illuminate/Foundation/resources/server.php(23): require_once('...')
#55 {main}

[previous exception] [object] (Symfony\\Component\\Routing\\Exception\\RouteNotFoundException(code: 0): Route [midwife.add-mother] not defined. at C:/xampp/htdocs/maternal-care-system/vendor/laravel/framework/src/Illuminate/Routing/UrlGenerator.php:540)
[stacktrace]
#0 C:/xampp/htdocs/maternal-care-system/vendor/laravel/framework/src/Illuminate/Foundation/helpers.php(870): Illuminate/Routing/UrlGenerator->route()
#1 C:/xampp/htdocs/maternal-care-system/storage/framework/views/babc91a92e63c894251ca5077ddfe424.php(40): route()
#2 C:/xampp/htdocs/maternal-care-system/vendor/laravel/framework/src/Illuminate/Filesystem/Filesystem.php(123): require('...')
#3 C:/xampp/htdocs/maternal-care-system/vendor/laravel/framework/src/Illuminate/Filesystem/Filesystem.php(124): Illuminate/Filesystem/Filesystem::{closure:Illuminate/Filesystem/Filesystem::getRequire():120}()
#4 C:/xampp/htdocs/maternal-care-system/vendor/laravel/framework/src/Illuminate/View/Engines/PhpEngine.php(57): Illuminate/Filesystem/Filesystem->getRequire()
#5 C:/xampp/htdocs/maternal-care-system/vendor/laravel/framework/src/Illuminate/View/Engines/CompilerEngine.php(76): Illuminate/View/Engines/PhpEngine->evaluatePath()
#6 C:/xampp/htdocs/maternal-care-system/vendor/laravel/framework/src/Illuminate/View/View.php(208): Illuminate/View/Engines/CompilerEngine->get()
#7 C:/xampp/htdocs/maternal-care-system/vendor/laravel/framework/src/Illuminate/View/View.php(191): Illuminate/View/View->getContents()
#8 C:/xampp/htdocs/maternal-care-system/vendor/laravel/framework/src/Illuminate/View/View.php(160): Illuminate/View/View->renderContents()
#9 C:/xampp/htdocs/maternal-care-system/vendor/laravel/framework/src/Illuminate/Http/Response.php(82): Illuminate/View/View->render()
#10 C:/xampp/htdocs/maternal-care-system/vendor/laravel/framework/src/Illuminate/Http/Response.php(40): Illuminate/Http/Response->setContent()
#11 C:/xampp/htdocs/maternal-care-system/vendor/laravel/framework/src/Illuminate/Routing/Router.php(939): Illuminate/Http/Response->__construct()
#12 C:/xampp/htdocs/maternal-care-system/vendor/laravel/framework/src/Illuminate/Routing/Router.php(906): Illuminate/Routing/Router::toResponse()
#13 C:/xampp/htdocs/maternal-care-system/vendor/laravel/framework/src/Illuminate/Routing/Router.php(821): Illuminate/Routing/Router->prepareResponse()
#14 C:/xampp/htdocs/maternal-care-system/vendor/laravel/framework/src/Illuminate/Pipeline/Pipeline.php(180): Illuminate/Routing/Router->{closure:Illuminate/Routing/Router::runRouteWithinStack():821}()
#15 C:/xampp/htdocs/maternal-care-system/vendor/laravel/framework/src/Illuminate/Routing/Middleware/SubstituteBindings.php(52): Illuminate/Pipeline/Pipeline->{closure:Illuminate/Pipeline/Pipeline::prepareDestination():178}()
#16 C:/xampp/htdocs/maternal-care-system/vendor/laravel/framework/src/Illuminate/Pipeline/Pipeline.php(219): Illuminate/Routing/Middleware/SubstituteBindings->handle()
#17 C:/xampp/htdocs/maternal-care-system/vendor/laravel/framework/src/Illuminate/Foundation/Http/Middleware/PreventRequestForgery.php(104): Illuminate/Pipeline/Pipeline->{closure:{closure:Illuminate/Pipeline/Pipeline::carry():194}:195}()
#18 C:/xampp/htdocs/maternal-care-system/vendor/laravel/framework/src/Illuminate/Pipeline/Pipeline.php(219): Illuminate/Foundation/Http/Middleware/PreventRequestForgery->handle()
#19 C:/xampp/htdocs/maternal-care-system/vendor/laravel/framework/src/Illuminate/View/Middleware/ShareErrorsFromSession.php(48): Illuminate/Pipeline/Pipeline->{closure:{closure:Illuminate/Pipeline/Pipeline::carry():194}:195}()
#20 C:/xampp/htdocs/maternal-care-system/vendor/laravel/framework/src/Illuminate/Pipeline/Pipeline.php(219): Illuminate/View/Middleware/ShareErrorsFromSession->handle()
#21 C:/xampp/htdocs/maternal-care-system/vendor/laravel/framework/src/Illuminate/Session/Middleware/StartSession.php(120): Illuminate/Pipeline/Pipeline->{closure:{closure:Illuminate/Pipeline/Pipeline::carry():194}:195}()
#22 C:/xampp/htdocs/maternal-care-system/vendor/laravel/framework/src/Illuminate/Session/Middleware/StartSession.php(63): Illuminate/Session/Middleware/StartSession->handleStatefulRequest()
#23 C:/xampp/htdocs/maternal-care-system/vendor/laravel/framework/src/Illuminate/Pipeline/Pipeline.php(219): Illuminate/Session/Middleware/StartSession->handle()
#24 C:/xampp/htdocs/maternal-care-system/vendor/laravel/framework/src/Illuminate/Cookie/Middleware/AddQueuedCookiesToResponse.php(36): Illuminate/Pipeline/Pipeline->{closure:{closure:Illuminate/Pipeline/Pipeline::carry():194}:195}()
#25 C:/xampp/htdocs/maternal-care-system/vendor/laravel/framework/src/Illuminate/Pipeline/Pipeline.php(219): Illuminate/Cookie/Middleware/AddQueuedCookiesToResponse->handle()
#26 C:/xampp/htdocs/maternal-care-system/vendor/laravel/framework/src/Illuminate/Cookie/Middleware/EncryptCookies.php(74): Illuminate/Pipeline/Pipeline->{closure:{closure:Illuminate/Pipeline/Pipeline::carry():194}:195}()
#27 C:/xampp/htdocs/maternal-care-system/vendor/laravel/framework/src/Illuminate/Pipeline/Pipeline.php(219): Illuminate/Cookie/Middleware/EncryptCookies->handle()
#28 C:/xampp/htdocs/maternal-care-system/vendor/laravel/framework/src/Illuminate/Pipeline/Pipeline.php(137): Illuminate/Pipeline/Pipeline->{closure:{closure:Illuminate/Pipeline/Pipeline::carry():194}:195}()
#29 C:/xampp/htdocs/maternal-care-system/vendor/laravel/framework/src/Illuminate/Routing/Router.php(821): Illuminate/Pipeline/Pipeline->then()
#30 C:/xampp/htdocs/maternal-care-system/vendor/laravel/framework/src/Illuminate/Routing/Router.php(800): Illuminate/Routing/Router->runRouteWithinStack()
#31 C:/xampp/htdocs/maternal-care-system/vendor/laravel/framework/src/Illuminate/Routing/Router.php(764): Illuminate/Routing/Router->runRoute()
#32 C:/xampp/htdocs/maternal-care-system/vendor/laravel/framework/src/Illuminate/Routing/Router.php(753): Illuminate/Routing/Router->dispatchToRoute()
#33 C:/xampp/htdocs/maternal-care-system/vendor/laravel/framework/src/Illuminate/Foundation/Http/Kernel.php(200): Illuminate/Routing/Router->dispatch()
#34 C:/xampp/htdocs/maternal-care-system/vendor/laravel/framework/src/Illuminate/Pipeline/Pipeline.php(180): Illuminate/Foundation/Http/Kernel->{closure:Illuminate/Foundation/Http/Kernel::dispatchToRouter():197}()
#35 C:/xampp/htdocs/maternal-care-system/vendor/laravel/framework/src/Illuminate/Foundation/Http/Middleware/TransformsRequest.php(21): Illuminate/Pipeline/Pipeline->{closure:Illuminate/Pipeline/Pipeline::prepareDestination():178}()
#36 C:/xampp/htdocs/maternal-care-system/vendor/laravel/framework/src/Illuminate/Foundation/Http/Middleware/ConvertEmptyStringsToNull.php(31): Illuminate/Foundation/Http/Middleware/TransformsRequest->handle()
#37 C:/xampp/htdocs/maternal-care-system/vendor/laravel/framework/src/Illuminate/Pipeline/Pipeline.php(219): Illuminate/Foundation/Http/Middleware/ConvertEmptyStringsToNull->handle()
#38 C:/xampp/htdocs/maternal-care-system/vendor/laravel/framework/src/Illuminate/Foundation/Http/Middleware/TransformsRequest.php(21): Illuminate/Pipeline/Pipeline->{closure:{closure:Illuminate/Pipeline/Pipeline::carry():194}:195}()
#39 C:/xampp/htdocs/maternal-care-system/vendor/laravel/framework/src/Illuminate/Foundation/Http/Middleware/TrimStrings.php(51): Illuminate/Foundation/Http/Middleware/TransformsRequest->handle()
#40 C:/xampp/htdocs/maternal-care-system/vendor/laravel/framework/src/Illuminate/Pipeline/Pipeline.php(219): Illuminate/Foundation/Http/Middleware/TrimStrings->handle()
#41 C:/xampp/htdocs/maternal-care-system/vendor/laravel/framework/src/Illuminate/Http/Middleware/ValidatePostSize.php(27): Illuminate/Pipeline/Pipeline->{closure:{closure:Illuminate/Pipeline/Pipeline::carry():194}:195}()
#42 C:/xampp/htdocs/maternal-care-system/vendor/laravel/framework/src/Illuminate/Pipeline/Pipeline.php(219): Illuminate/Http/Middleware/ValidatePostSize->handle()
#43 C:/xampp/htdocs/maternal-care-system/vendor/laravel/framework/src/Illuminate/Foundation/Http/Middleware/PreventRequestsDuringMaintenance.php(109): Illuminate/Pipeline/Pipeline->{closure:{closure:Illuminate/Pipeline/Pipeline::carry():194}:195}()
#44 C:/xampp/htdocs/maternal-care-system/vendor/laravel/framework/src/Illuminate/Pipeline/Pipeline.php(219): Illuminate/Foundation/Http/Middleware/PreventRequestsDuringMaintenance->handle()
#45 C:/xampp/htdocs/maternal-care-system/vendor/laravel/framework/src/Illuminate/Http/Middleware/HandleCors.php(61): Illuminate/Pipeline/Pipeline->{closure:{closure:Illuminate/Pipeline/Pipeline::carry():194}:195}()
#46 C:/xampp/htdocs/maternal-care-system/vendor/laravel/framework/src/Illuminate/Pipeline/Pipeline.php(219): Illuminate/Http/Middleware/HandleCors->handle()
#47 C:/xampp/htdocs/maternal-care-system/vendor/laravel/framework/src/Illuminate/Http/Middleware/TrustProxies.php(58): Illuminate/Pipeline/Pipeline->{closure:{closure:Illuminate/Pipeline/Pipeline::carry():194}:195}()
#48 C:/xampp/htdocs/maternal-care-system/vendor/laravel/framework/src/Illuminate/Pipeline/Pipeline.php(219): Illuminate/Http/Middleware/TrustProxies->handle()
#49 C:/xampp/htdocs/maternal-care-system/vendor/laravel/framework/src/Illuminate/Foundation/Http/Middleware/InvokeDeferredCallbacks.php(22): Illuminate/Pipeline/Pipeline->{closure:{closure:Illuminate/Pipeline/Pipeline::carry():194}:195}()
#50 C:/xampp/htdocs/maternal-care-system/vendor/laravel/framework/src/Illuminate/Pipeline/Pipeline.php(219): Illuminate/Foundation/Http/Middleware/InvokeDeferredCallbacks->handle()
#51 C:/xampp/htdocs/maternal-care-system/vendor/laravel/framework/src/Illuminate/Http/Middleware/ValidatePathEncoding.php(28): Illuminate/Pipeline/Pipeline->{closure:{closure:Illuminate/Pipeline/Pipeline::carry():194}:195}()
#52 C:/xampp/htdocs/maternal-care-system/vendor/laravel/framework/src/Illuminate/Pipeline/Pipeline.php(219): Illuminate/Http/Middleware/ValidatePathEncoding->handle()
#53 C:/xampp/htdocs/maternal-care-system/vendor/laravel/framework/src/Illuminate/Pipeline/Pipeline.php(137): Illuminate/Pipeline/Pipeline->{closure:{closure:Illuminate/Pipeline/Pipeline::carry():194}:195}()
#54 C:/xampp/htdocs/maternal-care-system/vendor/laravel/framework/src/Illuminate/Foundation/Http/Kernel.php(175): Illuminate/Pipeline/Pipeline->then()
#55 C:/xampp/htdocs/maternal-care-system/vendor/laravel/framework/src/Illuminate/Foundation/Http/Kernel.php(144): Illuminate/Foundation/Http/Kernel->sendRequestThroughRouter()
#56 C:/xampp/htdocs/maternal-care-system/vendor/laravel/framework/src/Illuminate/Foundation/Application.php(1220): Illuminate/Foundation/Http/Kernel->handle()
#57 C:/xampp/htdocs/maternal-care-system/public/index.php(20): Illuminate/Foundation/Application->handleRequest()
#58 C:/xampp/htdocs/maternal-care-system/vendor/laravel/framework/src/Illuminate/Foundation/resources/server.php(23): require_once('...')
#59 {main}
"} 
[2026-07-18 12:17:43] local.ERROR: Route [midwife.add-mother] not defined. (View: C:\xampp\htdocs\maternal-care-system\resources\views\midwife\mother.blade.php) {"exception":"[object] (Illuminate\\View\\ViewException(code: 0): Route [midwife.add-mother] not defined. (View: C:\\xampp\\htdocs\\maternal-care-system\\resources\\views\\midwife\\mother.blade.php) at C:/xampp/htdocs/maternal-care-system/vendor/laravel/framework/src/Illuminate/Routing/UrlGenerator.php:540)
[stacktrace]
#0 C:/xampp/htdocs/maternal-care-system/vendor/laravel/framework/src/Illuminate/View/Engines/PhpEngine.php(59): Illuminate/View/Engines/CompilerEngine->handleViewException()
#1 C:/xampp/htdocs/maternal-care-system/vendor/laravel/framework/src/Illuminate/View/Engines/CompilerEngine.php(76): Illuminate/View/Engines/PhpEngine->evaluatePath()
#2 C:/xampp/htdocs/maternal-care-system/vendor/laravel/framework/src/Illuminate/View/View.php(208): Illuminate/View/Engines/CompilerEngine->get()
#3 C:/xampp/htdocs/maternal-care-system/vendor/laravel/framework/src/Illuminate/View/View.php(191): Illuminate/View/View->getContents()
#4 C:/xampp/htdocs/maternal-care-system/vendor/laravel/framework/src/Illuminate/View/View.php(160): Illuminate/View/View->renderContents()
#5 C:/xampp/htdocs/maternal-care-system/vendor/laravel/framework/src/Illuminate/Http/Response.php(82): Illuminate/View/View->render()
#6 C:/xampp/htdocs/maternal-care-system/vendor/laravel/framework/src/Illuminate/Http/Response.php(40): Illuminate/Http/Response->setContent()
#7 C:/xampp/htdocs/maternal-care-system/vendor/laravel/framework/src/Illuminate/Routing/Router.php(939): Illuminate/Http/Response->__construct()
#8 C:/xampp/htdocs/maternal-care-system/vendor/laravel/framework/src/Illuminate/Routing/Router.php(906): Illuminate/Routing/Router::toResponse()
#9 C:/xampp/htdocs/maternal-care-system/vendor/laravel/framework/src/Illuminate/Routing/Router.php(821): Illuminate/Routing/Router->prepareResponse()
#10 C:/xampp/htdocs/maternal-care-system/vendor/laravel/framework/src/Illuminate/Pipeline/Pipeline.php(180): Illuminate/Routing/Router->{closure:Illuminate/Routing/Router::runRouteWithinStack():821}()
#11 C:/xampp/htdocs/maternal-care-system/vendor/laravel/framework/src/Illuminate/Routing/Middleware/SubstituteBindings.php(52): Illuminate/Pipeline/Pipeline->{closure:Illuminate/Pipeline/Pipeline::prepareDestination():178}()
#12 C:/xampp/htdocs/maternal-care-system/vendor/laravel/framework/src/Illuminate/Pipeline/Pipeline.php(219): Illuminate/Routing/Middleware/SubstituteBindings->handle()
#13 C:/xampp/htdocs/maternal-care-system/vendor/laravel/framework/src/Illuminate/Foundation/Http/Middleware/PreventRequestForgery.php(104): Illuminate/Pipeline/Pipeline->{closure:{closure:Illuminate/Pipeline/Pipeline::carry():194}:195}()
#14 C:/xampp/htdocs/maternal-care-system/vendor/laravel/framework/src/Illuminate/Pipeline/Pipeline.php(219): Illuminate/Foundation/Http/Middleware/PreventRequestForgery->handle()
#15 C:/xampp/htdocs/maternal-care-system/vendor/laravel/framework/src/Illuminate/View/Middleware/ShareErrorsFromSession.php(48): Illuminate/Pipeline/Pipeline->{closure:{closure:Illuminate/Pipeline/Pipeline::carry():194}:195}()
#16 C:/xampp/htdocs/maternal-care-system/vendor/laravel/framework/src/Illuminate/Pipeline/Pipeline.php(219): Illuminate/View/Middleware/ShareErrorsFromSession->handle()
#17 C:/xampp/htdocs/maternal-care-system/vendor/laravel/framework/src/Illuminate/Session/Middleware/StartSession.php(120): Illuminate/Pipeline/Pipeline->{closure:{closure:Illuminate/Pipeline/Pipeline::carry():194}:195}()
#18 C:/xampp/htdocs/maternal-care-system/vendor/laravel/framework/src/Illuminate/Session/Middleware/StartSession.php(63): Illuminate/Session/Middleware/StartSession->handleStatefulRequest()
#19 C:/xampp/htdocs/maternal-care-system/vendor/laravel/framework/src/Illuminate/Pipeline/Pipeline.php(219): Illuminate/Session/Middleware/StartSession->handle()
#20 C:/xampp/htdocs/maternal-care-system/vendor/laravel/framework/src/Illuminate/Cookie/Middleware/AddQueuedCookiesToResponse.php(36): Illuminate/Pipeline/Pipeline->{closure:{closure:Illuminate/Pipeline/Pipeline::carry():194}:195}()
#21 C:/xampp/htdocs/maternal-care-system/vendor/laravel/framework/src/Illuminate/Pipeline/Pipeline.php(219): Illuminate/Cookie/Middleware/AddQueuedCookiesToResponse->handle()
#22 C:/xampp/htdocs/maternal-care-system/vendor/laravel/framework/src/Illuminate/Cookie/Middleware/EncryptCookies.php(74): Illuminate/Pipeline/Pipeline->{closure:{closure:Illuminate/Pipeline/Pipeline::carry():194}:195}()
#23 C:/xampp/htdocs/maternal-care-system/vendor/laravel/framework/src/Illuminate/Pipeline/Pipeline.php(219): Illuminate/Cookie/Middleware/EncryptCookies->handle()
#24 C:/xampp/htdocs/maternal-care-system/vendor/laravel/framework/src/Illuminate/Pipeline/Pipeline.php(137): Illuminate/Pipeline/Pipeline->{closure:{closure:Illuminate/Pipeline/Pipeline::carry():194}:195}()
#25 C:/xampp/htdocs/maternal-care-system/vendor/laravel/framework/src/Illuminate/Routing/Router.php(821): Illuminate/Pipeline/Pipeline->then()
#26 C:/xampp/htdocs/maternal-care-system/vendor/laravel/framework/src/Illuminate/Routing/Router.php(800): Illuminate/Routing/Router->runRouteWithinStack()
#27 C:/xampp/htdocs/maternal-care-system/vendor/laravel/framework/src/Illuminate/Routing/Router.php(764): Illuminate/Routing/Router->runRoute()
#28 C:/xampp/htdocs/maternal-care-system/vendor/laravel/framework/src/Illuminate/Routing/Router.php(753): Illuminate/Routing/Router->dispatchToRoute()
#29 C:/xampp/htdocs/maternal-care-system/vendor/laravel/framework/src/Illuminate/Foundation/Http/Kernel.php(200): Illuminate/Routing/Router->dispatch()
#30 C:/xampp/htdocs/maternal-care-system/vendor/laravel/framework/src/Illuminate/Pipeline/Pipeline.php(180): Illuminate/Foundation/Http/Kernel->{closure:Illuminate/Foundation/Http/Kernel::dispatchToRouter():197}()
#31 C:/xampp/htdocs/maternal-care-system/vendor/laravel/framework/src/Illuminate/Foundation/Http/Middleware/TransformsRequest.php(21): Illuminate/Pipeline/Pipeline->{closure:Illuminate/Pipeline/Pipeline::prepareDestination():178}()
#32 C:/xampp/htdocs/maternal-care-system/vendor/laravel/framework/src/Illuminate/Foundation/Http/Middleware/ConvertEmptyStringsToNull.php(31): Illuminate/Foundation/Http/Middleware/TransformsRequest->handle()
#33 C:/xampp/htdocs/maternal-care-system/vendor/laravel/framework/src/Illuminate/Pipeline/Pipeline.php(219): Illuminate/Foundation/Http/Middleware/ConvertEmptyStringsToNull->handle()
#34 C:/xampp/htdocs/maternal-care-system/vendor/laravel/framework/src/Illuminate/Foundation/Http/Middleware/TransformsRequest.php(21): Illuminate/Pipeline/Pipeline->{closure:{closure:Illuminate/Pipeline/Pipeline::carry():194}:195}()
#35 C:/xampp/htdocs/maternal-care-system/vendor/laravel/framework/src/Illuminate/Foundation/Http/Middleware/TrimStrings.php(51): Illuminate/Foundation/Http/Middleware/TransformsRequest->handle()
#36 C:/xampp/htdocs/maternal-care-system/vendor/laravel/framework/src/Illuminate/Pipeline/Pipeline.php(219): Illuminate/Foundation/Http/Middleware/TrimStrings->handle()
#37 C:/xampp/htdocs/maternal-care-system/vendor/laravel/framework/src/Illuminate/Http/Middleware/ValidatePostSize.php(27): Illuminate/Pipeline/Pipeline->{closure:{closure:Illuminate/Pipeline/Pipeline::carry():194}:195}()
#38 C:/xampp/htdocs/maternal-care-system/vendor/laravel/framework/src/Illuminate/Pipeline/Pipeline.php(219): Illuminate/Http/Middleware/ValidatePostSize->handle()
#39 C:/xampp/htdocs/maternal-care-system/vendor/laravel/framework/src/Illuminate/Foundation/Http/Middleware/PreventRequestsDuringMaintenance.php(109): Illuminate/Pipeline/Pipeline->{closure:{closure:Illuminate/Pipeline/Pipeline::carry():194}:195}()
#40 C:/xampp/htdocs/maternal-care-system/vendor/laravel/framework/src/Illuminate/Pipeline/Pipeline.php(219): Illuminate/Foundation/Http/Middleware/PreventRequestsDuringMaintenance->handle()
#41 C:/xampp/htdocs/maternal-care-system/vendor/laravel/framework/src/Illuminate/Http/Middleware/HandleCors.php(61): Illuminate/Pipeline/Pipeline->{closure:{closure:Illuminate/Pipeline/Pipeline::carry():194}:195}()
#42 C:/xampp/htdocs/maternal-care-system/vendor/laravel/framework/src/Illuminate/Pipeline/Pipeline.php(219): Illuminate/Http/Middleware/HandleCors->handle()
#43 C:/xampp/htdocs/maternal-care-system/vendor/laravel/framework/src/Illuminate/Http/Middleware/TrustProxies.php(58): Illuminate/Pipeline/Pipeline->{closure:{closure:Illuminate/Pipeline/Pipeline::carry():194}:195}()
#44 C:/xampp/htdocs/maternal-care-system/vendor/laravel/framework/src/Illuminate/Pipeline/Pipeline.php(219): Illuminate/Http/Middleware/TrustProxies->handle()
#45 C:/xampp/htdocs/maternal-care-system/vendor/laravel/framework/src/Illuminate/Foundation/Http/Middleware/InvokeDeferredCallbacks.php(22): Illuminate/Pipeline/Pipeline->{closure:{closure:Illuminate/Pipeline/Pipeline::carry():194}:195}()
#46 C:/xampp/htdocs/maternal-care-system/vendor/laravel/framework/src/Illuminate/Pipeline/Pipeline.php(219): Illuminate/Foundation/Http/Middleware/InvokeDeferredCallbacks->handle()
#47 C:/xampp/htdocs/maternal-care-system/vendor/laravel/framework/src/Illuminate/Http/Middleware/ValidatePathEncoding.php(28): Illuminate/Pipeline/Pipeline->{closure:{closure:Illuminate/Pipeline/Pipeline::carry():194}:195}()
#48 C:/xampp/htdocs/maternal-care-system/vendor/laravel/framework/src/Illuminate/Pipeline/Pipeline.php(219): Illuminate/Http/Middleware/ValidatePathEncoding->handle()
#49 C:/xampp/htdocs/maternal-care-system/vendor/laravel/framework/src/Illuminate/Pipeline/Pipeline.php(137): Illuminate/Pipeline/Pipeline->{closure:{closure:Illuminate/Pipeline/Pipeline::carry():194}:195}()
#50 C:/xampp/htdocs/maternal-care-system/vendor/laravel/framework/src/Illuminate/Foundation/Http/Kernel.php(175): Illuminate/Pipeline/Pipeline->then()
#51 C:/xampp/htdocs/maternal-care-system/vendor/laravel/framework/src/Illuminate/Foundation/Http/Kernel.php(144): Illuminate/Foundation/Http/Kernel->sendRequestThroughRouter()
#52 C:/xampp/htdocs/maternal-care-system/vendor/laravel/framework/src/Illuminate/Foundation/Application.php(1220): Illuminate/Foundation/Http/Kernel->handle()
#53 C:/xampp/htdocs/maternal-care-system/public/index.php(20): Illuminate/Foundation/Application->handleRequest()
#54 C:/xampp/htdocs/maternal-care-system/vendor/laravel/framework/src/Illuminate/Foundation/resources/server.php(23): require_once('...')
#55 {main}

[previous exception] [object] (Symfony\\Component\\Routing\\Exception\\RouteNotFoundException(code: 0): Route [midwife.add-mother] not defined. at C:/xampp/htdocs/maternal-care-system/vendor/laravel/framework/src/Illuminate/Routing/UrlGenerator.php:540)
[stacktrace]
#0 C:/xampp/htdocs/maternal-care-system/vendor/laravel/framework/src/Illuminate/Foundation/helpers.php(870): Illuminate/Routing/UrlGenerator->route()
#1 C:/xampp/htdocs/maternal-care-system/storage/framework/views/babc91a92e63c894251ca5077ddfe424.php(40): route()
#2 C:/xampp/htdocs/maternal-care-system/vendor/laravel/framework/src/Illuminate/Filesystem/Filesystem.php(123): require('...')
#3 C:/xampp/htdocs/maternal-care-system/vendor/laravel/framework/src/Illuminate/Filesystem/Filesystem.php(124): Illuminate/Filesystem/Filesystem::{closure:Illuminate/Filesystem/Filesystem::getRequire():120}()
#4 C:/xampp/htdocs/maternal-care-system/vendor/laravel/framework/src/Illuminate/View/Engines/PhpEngine.php(57): Illuminate/Filesystem/Filesystem->getRequire()
#5 C:/xampp/htdocs/maternal-care-system/vendor/laravel/framework/src/Illuminate/View/Engines/CompilerEngine.php(76): Illuminate/View/Engines/PhpEngine->evaluatePath()
#6 C:/xampp/htdocs/maternal-care-system/vendor/laravel/framework/src/Illuminate/View/View.php(208): Illuminate/View/Engines/CompilerEngine->get()
#7 C:/xampp/htdocs/maternal-care-system/vendor/laravel/framework/src/Illuminate/View/View.php(191): Illuminate/View/View->getContents()
#8 C:/xampp/htdocs/maternal-care-system/vendor/laravel/framework/src/Illuminate/View/View.php(160): Illuminate/View/View->renderContents()
#9 C:/xampp/htdocs/maternal-care-system/vendor/laravel/framework/src/Illuminate/Http/Response.php(82): Illuminate/View/View->render()
#10 C:/xampp/htdocs/maternal-care-system/vendor/laravel/framework/src/Illuminate/Http/Response.php(40): Illuminate/Http/Response->setContent()
#11 C:/xampp/htdocs/maternal-care-system/vendor/laravel/framework/src/Illuminate/Routing/Router.php(939): Illuminate/Http/Response->__construct()
#12 C:/xampp/htdocs/maternal-care-system/vendor/laravel/framework/src/Illuminate/Routing/Router.php(906): Illuminate/Routing/Router::toResponse()
#13 C:/xampp/htdocs/maternal-care-system/vendor/laravel/framework/src/Illuminate/Routing/Router.php(821): Illuminate/Routing/Router->prepareResponse()
#14 C:/xampp/htdocs/maternal-care-system/vendor/laravel/framework/src/Illuminate/Pipeline/Pipeline.php(180): Illuminate/Routing/Router->{closure:Illuminate/Routing/Router::runRouteWithinStack():821}()
#15 C:/xampp/htdocs/maternal-care-system/vendor/laravel/framework/src/Illuminate/Routing/Middleware/SubstituteBindings.php(52): Illuminate/Pipeline/Pipeline->{closure:Illuminate/Pipeline/Pipeline::prepareDestination():178}()
#16 C:/xampp/htdocs/maternal-care-system/vendor/laravel/framework/src/Illuminate/Pipeline/Pipeline.php(219): Illuminate/Routing/Middleware/SubstituteBindings->handle()
#17 C:/xampp/htdocs/maternal-care-system/vendor/laravel/framework/src/Illuminate/Foundation/Http/Middleware/PreventRequestForgery.php(104): Illuminate/Pipeline/Pipeline->{closure:{closure:Illuminate/Pipeline/Pipeline::carry():194}:195}()
#18 C:/xampp/htdocs/maternal-care-system/vendor/laravel/framework/src/Illuminate/Pipeline/Pipeline.php(219): Illuminate/Foundation/Http/Middleware/PreventRequestForgery->handle()
#19 C:/xampp/htdocs/maternal-care-system/vendor/laravel/framework/src/Illuminate/View/Middleware/ShareErrorsFromSession.php(48): Illuminate/Pipeline/Pipeline->{closure:{closure:Illuminate/Pipeline/Pipeline::carry():194}:195}()
#20 C:/xampp/htdocs/maternal-care-system/vendor/laravel/framework/src/Illuminate/Pipeline/Pipeline.php(219): Illuminate/View/Middleware/ShareErrorsFromSession->handle()
#21 C:/xampp/htdocs/maternal-care-system/vendor/laravel/framework/src/Illuminate/Session/Middleware/StartSession.php(120): Illuminate/Pipeline/Pipeline->{closure:{closure:Illuminate/Pipeline/Pipeline::carry():194}:195}()
#22 C:/xampp/htdocs/maternal-care-system/vendor/laravel/framework/src/Illuminate/Session/Middleware/StartSession.php(63): Illuminate/Session/Middleware/StartSession->handleStatefulRequest()
#23 C:/xampp/htdocs/maternal-care-system/vendor/laravel/framework/src/Illuminate/Pipeline/Pipeline.php(219): Illuminate/Session/Middleware/StartSession->handle()
#24 C:/xampp/htdocs/maternal-care-system/vendor/laravel/framework/src/Illuminate/Cookie/Middleware/AddQueuedCookiesToResponse.php(36): Illuminate/Pipeline/Pipeline->{closure:{closure:Illuminate/Pipeline/Pipeline::carry():194}:195}()
#25 C:/xampp/htdocs/maternal-care-system/vendor/laravel/framework/src/Illuminate/Pipeline/Pipeline.php(219): Illuminate/Cookie/Middleware/AddQueuedCookiesToResponse->handle()
#26 C:/xampp/htdocs/maternal-care-system/vendor/laravel/framework/src/Illuminate/Cookie/Middleware/EncryptCookies.php(74): Illuminate/Pipeline/Pipeline->{closure:{closure:Illuminate/Pipeline/Pipeline::carry():194}:195}()
#27 C:/xampp/htdocs/maternal-care-system/vendor/laravel/framework/src/Illuminate/Pipeline/Pipeline.php(219): Illuminate/Cookie/Middleware/EncryptCookies->handle()
#28 C:/xampp/htdocs/maternal-care-system/vendor/laravel/framework/src/Illuminate/Pipeline/Pipeline.php(137): Illuminate/Pipeline/Pipeline->{closure:{closure:Illuminate/Pipeline/Pipeline::carry():194}:195}()
#29 C:/xampp/htdocs/maternal-care-system/vendor/laravel/framework/src/Illuminate/Routing/Router.php(821): Illuminate/Pipeline/Pipeline->then()
#30 C:/xampp/htdocs/maternal-care-system/vendor/laravel/framework/src/Illuminate/Routing/Router.php(800): Illuminate/Routing/Router->runRouteWithinStack()
#31 C:/xampp/htdocs/maternal-care-system/vendor/laravel/framework/src/Illuminate/Routing/Router.php(764): Illuminate/Routing/Router->runRoute()
#32 C:/xampp/htdocs/maternal-care-system/vendor/laravel/framework/src/Illuminate/Routing/Router.php(753): Illuminate/Routing/Router->dispatchToRoute()
#33 C:/xampp/htdocs/maternal-care-system/vendor/laravel/framework/src/Illuminate/Foundation/Http/Kernel.php(200): Illuminate/Routing/Router->dispatch()
#34 C:/xampp/htdocs/maternal-care-system/vendor/laravel/framework/src/Illuminate/Pipeline/Pipeline.php(180): Illuminate/Foundation/Http/Kernel->{closure:Illuminate/Foundation/Http/Kernel::dispatchToRouter():197}()
#35 C:/xampp/htdocs/maternal-care-system/vendor/laravel/framework/src/Illuminate/Foundation/Http/Middleware/TransformsRequest.php(21): Illuminate/Pipeline/Pipeline->{closure:Illuminate/Pipeline/Pipeline::prepareDestination():178}()
#36 C:/xampp/htdocs/maternal-care-system/vendor/laravel/framework/src/Illuminate/Foundation/Http/Middleware/ConvertEmptyStringsToNull.php(31): Illuminate/Foundation/Http/Middleware/TransformsRequest->handle()
#37 C:/xampp/htdocs/maternal-care-system/vendor/laravel/framework/src/Illuminate/Pipeline/Pipeline.php(219): Illuminate/Foundation/Http/Middleware/ConvertEmptyStringsToNull->handle()
#38 C:/xampp/htdocs/maternal-care-system/vendor/laravel/framework/src/Illuminate/Foundation/Http/Middleware/TransformsRequest.php(21): Illuminate/Pipeline/Pipeline->{closure:{closure:Illuminate/Pipeline/Pipeline::carry():194}:195}()
#39 C:/xampp/htdocs/maternal-care-system/vendor/laravel/framework/src/Illuminate/Foundation/Http/Middleware/TrimStrings.php(51): Illuminate/Foundation/Http/Middleware/TransformsRequest->handle()
#40 C:/xampp/htdocs/maternal-care-system/vendor/laravel/framework/src/Illuminate/Pipeline/Pipeline.php(219): Illuminate/Foundation/Http/Middleware/TrimStrings->handle()
#41 C:/xampp/htdocs/maternal-care-system/vendor/laravel/framework/src/Illuminate/Http/Middleware/ValidatePostSize.php(27): Illuminate/Pipeline/Pipeline->{closure:{closure:Illuminate/Pipeline/Pipeline::carry():194}:195}()
#42 C:/xampp/htdocs/maternal-care-system/vendor/laravel/framework/src/Illuminate/Pipeline/Pipeline.php(219): Illuminate/Http/Middleware/ValidatePostSize->handle()
#43 C:/xampp/htdocs/maternal-care-system/vendor/laravel/framework/src/Illuminate/Foundation/Http/Middleware/PreventRequestsDuringMaintenance.php(109): Illuminate/Pipeline/Pipeline->{closure:{closure:Illuminate/Pipeline/Pipeline::carry():194}:195}()
#44 C:/xampp/htdocs/maternal-care-system/vendor/laravel/framework/src/Illuminate/Pipeline/Pipeline.php(219): Illuminate/Foundation/Http/Middleware/PreventRequestsDuringMaintenance->handle()
#45 C:/xampp/htdocs/maternal-care-system/vendor/laravel/framework/src/Illuminate/Http/Middleware/HandleCors.php(61): Illuminate/Pipeline/Pipeline->{closure:{closure:Illuminate/Pipeline/Pipeline::carry():194}:195}()
#46 C:/xampp/htdocs/maternal-care-system/vendor/laravel/framework/src/Illuminate/Pipeline/Pipeline.php(219): Illuminate/Http/Middleware/HandleCors->handle()
#47 C:/xampp/htdocs/maternal-care-system/vendor/laravel/framework/src/Illuminate/Http/Middleware/TrustProxies.php(58): Illuminate/Pipeline/Pipeline->{closure:{closure:Illuminate/Pipeline/Pipeline::carry():194}:195}()
#48 C:/xampp/htdocs/maternal-care-system/vendor/laravel/framework/src/Illuminate/Pipeline/Pipeline.php(219): Illuminate/Http/Middleware/TrustProxies->handle()
#49 C:/xampp/htdocs/maternal-care-system/vendor/laravel/framework/src/Illuminate/Foundation/Http/Middleware/InvokeDeferredCallbacks.php(22): Illuminate/Pipeline/Pipeline->{closure:{closure:Illuminate/Pipeline/Pipeline::carry():194}:195}()
#50 C:/xampp/htdocs/maternal-care-system/vendor/laravel/framework/src/Illuminate/Pipeline/Pipeline.php(219): Illuminate/Foundation/Http/Middleware/InvokeDeferredCallbacks->handle()
#51 C:/xampp/htdocs/maternal-care-system/vendor/laravel/framework/src/Illuminate/Http/Middleware/ValidatePathEncoding.php(28): Illuminate/Pipeline/Pipeline->{closure:{closure:Illuminate/Pipeline/Pipeline::carry():194}:195}()
#52 C:/xampp/htdocs/maternal-care-system/vendor/laravel/framework/src/Illuminate/Pipeline/Pipeline.php(219): Illuminate/Http/Middleware/ValidatePathEncoding->handle()
#53 C:/xampp/htdocs/maternal-care-system/vendor/laravel/framework/src/Illuminate/Pipeline/Pipeline.php(137): Illuminate/Pipeline/Pipeline->{closure:{closure:Illuminate/Pipeline/Pipeline::carry():194}:195}()
#54 C:/xampp/htdocs/maternal-care-system/vendor/laravel/framework/src/Illuminate/Foundation/Http/Kernel.php(175): Illuminate/Pipeline/Pipeline->then()
#55 C:/xampp/htdocs/maternal-care-system/vendor/laravel/framework/src/Illuminate/Foundation/Http/Kernel.php(144): Illuminate/Foundation/Http/Kernel->sendRequestThroughRouter()
#56 C:/xampp/htdocs/maternal-care-system/vendor/laravel/framework/src/Illuminate/Foundation/Application.php(1220): Illuminate/Foundation/Http/Kernel->handle()
#57 C:/xampp/htdocs/maternal-care-system/public/index.php(20): Illuminate/Foundation/Application->handleRequest()
#58 C:/xampp/htdocs/maternal-care-system/vendor/laravel/framework/src/Illuminate/Foundation/resources/server.php(23): require_once('...')
#59 {main}
"} 
[2026-07-18 16:45:12] local.ERROR: Maximum execution time of 30 seconds exceeded {"exception":"[object] (Symfony\\Component\\ErrorHandler\\Error\\FatalError(code: 0): Maximum execution time of 30 seconds exceeded at C:/xampp/htdocs/maternal-care-system/vendor/doctrine/inflector/src/Rules/Transformations.php:9)
[stacktrace]
#0 {main}
"} 
[2026-07-18 18:15:38] local.ERROR: Route [midwife.add-mother] not defined. (View: C:\xampp\htdocs\maternal-care-system\resources\views\midwife\mother.blade.php) {"exception":"[object] (Illuminate\\View\\ViewException(code: 0): Route [midwife.add-mother] not defined. (View: C:\\xampp\\htdocs\\maternal-care-system\\resources\\views\\midwife\\mother.blade.php) at C:/xampp/htdocs/maternal-care-system/vendor/laravel/framework/src/Illuminate/Routing/UrlGenerator.php:540)
[stacktrace]
#0 C:/xampp/htdocs/maternal-care-system/vendor/laravel/framework/src/Illuminate/View/Engines/PhpEngine.php(59): Illuminate/View/Engines/CompilerEngine->handleViewException()
#1 C:/xampp/htdocs/maternal-care-system/vendor/laravel/framework/src/Illuminate/View/Engines/CompilerEngine.php(76): Illuminate/View/Engines/PhpEngine->evaluatePath()
#2 C:/xampp/htdocs/maternal-care-system/vendor/laravel/framework/src/Illuminate/View/View.php(208): Illuminate/View/Engines/CompilerEngine->get()
#3 C:/xampp/htdocs/maternal-care-system/vendor/laravel/framework/src/Illuminate/View/View.php(191): Illuminate/View/View->getContents()
#4 C:/xampp/htdocs/maternal-care-system/vendor/laravel/framework/src/Illuminate/View/View.php(160): Illuminate/View/View->renderContents()
#5 C:/xampp/htdocs/maternal-care-system/vendor/laravel/framework/src/Illuminate/Http/Response.php(82): Illuminate/View/View->render()
#6 C:/xampp/htdocs/maternal-care-system/vendor/laravel/framework/src/Illuminate/Http/Response.php(40): Illuminate/Http/Response->setContent()
#7 C:/xampp/htdocs/maternal-care-system/vendor/laravel/framework/src/Illuminate/Routing/Router.php(939): Illuminate/Http/Response->__construct()
#8 C:/xampp/htdocs/maternal-care-system/vendor/laravel/framework/src/Illuminate/Routing/Router.php(906): Illuminate/Routing/Router::toResponse()
#9 C:/xampp/htdocs/maternal-care-system/vendor/laravel/framework/src/Illuminate/Routing/Router.php(821): Illuminate/Routing/Router->prepareResponse()
#10 C:/xampp/htdocs/maternal-care-system/vendor/laravel/framework/src/Illuminate/Pipeline/Pipeline.php(180): Illuminate/Routing/Router->{closure:Illuminate/Routing/Router::runRouteWithinStack():821}()
#11 C:/xampp/htdocs/maternal-care-system/vendor/laravel/framework/src/Illuminate/Routing/Middleware/SubstituteBindings.php(52): Illuminate/Pipeline/Pipeline->{closure:Illuminate/Pipeline/Pipeline::prepareDestination():178}()
#12 C:/xampp/htdocs/maternal-care-system/vendor/laravel/framework/src/Illuminate/Pipeline/Pipeline.php(219): Illuminate/Routing/Middleware/SubstituteBindings->handle()
#13 C:/xampp/htdocs/maternal-care-system/vendor/laravel/framework/src/Illuminate/Foundation/Http/Middleware/PreventRequestForgery.php(104): Illuminate/Pipeline/Pipeline->{closure:{closure:Illuminate/Pipeline/Pipeline::carry():194}:195}()
#14 C:/xampp/htdocs/maternal-care-system/vendor/laravel/framework/src/Illuminate/Pipeline/Pipeline.php(219): Illuminate/Foundation/Http/Middleware/PreventRequestForgery->handle()
#15 C:/xampp/htdocs/maternal-care-system/vendor/laravel/framework/src/Illuminate/View/Middleware/ShareErrorsFromSession.php(48): Illuminate/Pipeline/Pipeline->{closure:{closure:Illuminate/Pipeline/Pipeline::carry():194}:195}()
#16 C:/xampp/htdocs/maternal-care-system/vendor/laravel/framework/src/Illuminate/Pipeline/Pipeline.php(219): Illuminate/View/Middleware/ShareErrorsFromSession->handle()
#17 C:/xampp/htdocs/maternal-care-system/vendor/laravel/framework/src/Illuminate/Session/Middleware/StartSession.php(120): Illuminate/Pipeline/Pipeline->{closure:{closure:Illuminate/Pipeline/Pipeline::carry():194}:195}()
#18 C:/xampp/htdocs/maternal-care-system/vendor/laravel/framework/src/Illuminate/Session/Middleware/StartSession.php(63): Illuminate/Session/Middleware/StartSession->handleStatefulRequest()
#19 C:/xampp/htdocs/maternal-care-system/vendor/laravel/framework/src/Illuminate/Pipeline/Pipeline.php(219): Illuminate/Session/Middleware/StartSession->handle()
#20 C:/xampp/htdocs/maternal-care-system/vendor/laravel/framework/src/Illuminate/Cookie/Middleware/AddQueuedCookiesToResponse.php(36): Illuminate/Pipeline/Pipeline->{closure:{closure:Illuminate/Pipeline/Pipeline::carry():194}:195}()
#21 C:/xampp/htdocs/maternal-care-system/vendor/laravel/framework/src/Illuminate/Pipeline/Pipeline.php(219): Illuminate/Cookie/Middleware/AddQueuedCookiesToResponse->handle()
#22 C:/xampp/htdocs/maternal-care-system/vendor/laravel/framework/src/Illuminate/Cookie/Middleware/EncryptCookies.php(74): Illuminate/Pipeline/Pipeline->{closure:{closure:Illuminate/Pipeline/Pipeline::carry():194}:195}()
#23 C:/xampp/htdocs/maternal-care-system/vendor/laravel/framework/src/Illuminate/Pipeline/Pipeline.php(219): Illuminate/Cookie/Middleware/EncryptCookies->handle()
#24 C:/xampp/htdocs/maternal-care-system/vendor/laravel/framework/src/Illuminate/Pipeline/Pipeline.php(137): Illuminate/Pipeline/Pipeline->{closure:{closure:Illuminate/Pipeline/Pipeline::carry():194}:195}()
#25 C:/xampp/htdocs/maternal-care-system/vendor/laravel/framework/src/Illuminate/Routing/Router.php(821): Illuminate/Pipeline/Pipeline->then()
#26 C:/xampp/htdocs/maternal-care-system/vendor/laravel/framework/src/Illuminate/Routing/Router.php(800): Illuminate/Routing/Router->runRouteWithinStack()
#27 C:/xampp/htdocs/maternal-care-system/vendor/laravel/framework/src/Illuminate/Routing/Router.php(764): Illuminate/Routing/Router->runRoute()
#28 C:/xampp/htdocs/maternal-care-system/vendor/laravel/framework/src/Illuminate/Routing/Router.php(753): Illuminate/Routing/Router->dispatchToRoute()
#29 C:/xampp/htdocs/maternal-care-system/vendor/laravel/framework/src/Illuminate/Foundation/Http/Kernel.php(200): Illuminate/Routing/Router->dispatch()
#30 C:/xampp/htdocs/maternal-care-system/vendor/laravel/framework/src/Illuminate/Pipeline/Pipeline.php(180): Illuminate/Foundation/Http/Kernel->{closure:Illuminate/Foundation/Http/Kernel::dispatchToRouter():197}()
#31 C:/xampp/htdocs/maternal-care-system/vendor/laravel/framework/src/Illuminate/Foundation/Http/Middleware/TransformsRequest.php(21): Illuminate/Pipeline/Pipeline->{closure:Illuminate/Pipeline/Pipeline::prepareDestination():178}()
#32 C:/xampp/htdocs/maternal-care-system/vendor/laravel/framework/src/Illuminate/Foundation/Http/Middleware/ConvertEmptyStringsToNull.php(31): Illuminate/Foundation/Http/Middleware/TransformsRequest->handle()
#33 C:/xampp/htdocs/maternal-care-system/vendor/laravel/framework/src/Illuminate/Pipeline/Pipeline.php(219): Illuminate/Foundation/Http/Middleware/ConvertEmptyStringsToNull->handle()
#34 C:/xampp/htdocs/maternal-care-system/vendor/laravel/framework/src/Illuminate/Foundation/Http/Middleware/TransformsRequest.php(21): Illuminate/Pipeline/Pipeline->{closure:{closure:Illuminate/Pipeline/Pipeline::carry():194}:195}()
#35 C:/xampp/htdocs/maternal-care-system/vendor/laravel/framework/src/Illuminate/Foundation/Http/Middleware/TrimStrings.php(51): Illuminate/Foundation/Http/Middleware/TransformsRequest->handle()
#36 C:/xampp/htdocs/maternal-care-system/vendor/laravel/framework/src/Illuminate/Pipeline/Pipeline.php(219): Illuminate/Foundation/Http/Middleware/TrimStrings->handle()
#37 C:/xampp/htdocs/maternal-care-system/vendor/laravel/framework/src/Illuminate/Http/Middleware/ValidatePostSize.php(27): Illuminate/Pipeline/Pipeline->{closure:{closure:Illuminate/Pipeline/Pipeline::carry():194}:195}()
#38 C:/xampp/htdocs/maternal-care-system/vendor/laravel/framework/src/Illuminate/Pipeline/Pipeline.php(219): Illuminate/Http/Middleware/ValidatePostSize->handle()
#39 C:/xampp/htdocs/maternal-care-system/vendor/laravel/framework/src/Illuminate/Foundation/Http/Middleware/PreventRequestsDuringMaintenance.php(109): Illuminate/Pipeline/Pipeline->{closure:{closure:Illuminate/Pipeline/Pipeline::carry():194}:195}()
#40 C:/xampp/htdocs/maternal-care-system/vendor/laravel/framework/src/Illuminate/Pipeline/Pipeline.php(219): Illuminate/Foundation/Http/Middleware/PreventRequestsDuringMaintenance->handle()
#41 C:/xampp/htdocs/maternal-care-system/vendor/laravel/framework/src/Illuminate/Http/Middleware/HandleCors.php(61): Illuminate/Pipeline/Pipeline->{closure:{closure:Illuminate/Pipeline/Pipeline::carry():194}:195}()
#42 C:/xampp/htdocs/maternal-care-system/vendor/laravel/framework/src/Illuminate/Pipeline/Pipeline.php(219): Illuminate/Http/Middleware/HandleCors->handle()
#43 C:/xampp/htdocs/maternal-care-system/vendor/laravel/framework/src/Illuminate/Http/Middleware/TrustProxies.php(58): Illuminate/Pipeline/Pipeline->{closure:{closure:Illuminate/Pipeline/Pipeline::carry():194}:195}()
#44 C:/xampp/htdocs/maternal-care-system/vendor/laravel/framework/src/Illuminate/Pipeline/Pipeline.php(219): Illuminate/Http/Middleware/TrustProxies->handle()
#45 C:/xampp/htdocs/maternal-care-system/vendor/laravel/framework/src/Illuminate/Foundation/Http/Middleware/InvokeDeferredCallbacks.php(22): Illuminate/Pipeline/Pipeline->{closure:{closure:Illuminate/Pipeline/Pipeline::carry():194}:195}()
#46 C:/xampp/htdocs/maternal-care-system/vendor/laravel/framework/src/Illuminate/Pipeline/Pipeline.php(219): Illuminate/Foundation/Http/Middleware/InvokeDeferredCallbacks->handle()
#47 C:/xampp/htdocs/maternal-care-system/vendor/laravel/framework/src/Illuminate/Http/Middleware/ValidatePathEncoding.php(28): Illuminate/Pipeline/Pipeline->{closure:{closure:Illuminate/Pipeline/Pipeline::carry():194}:195}()
#48 C:/xampp/htdocs/maternal-care-system/vendor/laravel/framework/src/Illuminate/Pipeline/Pipeline.php(219): Illuminate/Http/Middleware/ValidatePathEncoding->handle()
#49 C:/xampp/htdocs/maternal-care-system/vendor/laravel/framework/src/Illuminate/Pipeline/Pipeline.php(137): Illuminate/Pipeline/Pipeline->{closure:{closure:Illuminate/Pipeline/Pipeline::carry():194}:195}()
#50 C:/xampp/htdocs/maternal-care-system/vendor/laravel/framework/src/Illuminate/Foundation/Http/Kernel.php(175): Illuminate/Pipeline/Pipeline->then()
#51 C:/xampp/htdocs/maternal-care-system/vendor/laravel/framework/src/Illuminate/Foundation/Http/Kernel.php(144): Illuminate/Foundation/Http/Kernel->sendRequestThroughRouter()
#52 C:/xampp/htdocs/maternal-care-system/vendor/laravel/framework/src/Illuminate/Foundation/Application.php(1220): Illuminate/Foundation/Http/Kernel->handle()
#53 C:/xampp/htdocs/maternal-care-system/public/index.php(20): Illuminate/Foundation/Application->handleRequest()
#54 C:/xampp/htdocs/maternal-care-system/vendor/laravel/framework/src/Illuminate/Foundation/resources/server.php(23): require_once('...')
#55 {main}

[previous exception] [object] (Symfony\\Component\\Routing\\Exception\\RouteNotFoundException(code: 0): Route [midwife.add-mother] not defined. at C:/xampp/htdocs/maternal-care-system/vendor/laravel/framework/src/Illuminate/Routing/UrlGenerator.php:540)
[stacktrace]
#0 C:/xampp/htdocs/maternal-care-system/vendor/laravel/framework/src/Illuminate/Foundation/helpers.php(870): Illuminate/Routing/UrlGenerator->route()
#1 C:/xampp/htdocs/maternal-care-system/storage/framework/views/babc91a92e63c894251ca5077ddfe424.php(40): route()
#2 C:/xampp/htdocs/maternal-care-system/vendor/laravel/framework/src/Illuminate/Filesystem/Filesystem.php(123): require('...')
#3 C:/xampp/htdocs/maternal-care-system/vendor/laravel/framework/src/Illuminate/Filesystem/Filesystem.php(124): Illuminate/Filesystem/Filesystem::{closure:Illuminate/Filesystem/Filesystem::getRequire():120}()
#4 C:/xampp/htdocs/maternal-care-system/vendor/laravel/framework/src/Illuminate/View/Engines/PhpEngine.php(57): Illuminate/Filesystem/Filesystem->getRequire()
#5 C:/xampp/htdocs/maternal-care-system/vendor/laravel/framework/src/Illuminate/View/Engines/CompilerEngine.php(76): Illuminate/View/Engines/PhpEngine->evaluatePath()
#6 C:/xampp/htdocs/maternal-care-system/vendor/laravel/framework/src/Illuminate/View/View.php(208): Illuminate/View/Engines/CompilerEngine->get()
#7 C:/xampp/htdocs/maternal-care-system/vendor/laravel/framework/src/Illuminate/View/View.php(191): Illuminate/View/View->getContents()
#8 C:/xampp/htdocs/maternal-care-system/vendor/laravel/framework/src/Illuminate/View/View.php(160): Illuminate/View/View->renderContents()
#9 C:/xampp/htdocs/maternal-care-system/vendor/laravel/framework/src/Illuminate/Http/Response.php(82): Illuminate/View/View->render()
#10 C:/xampp/htdocs/maternal-care-system/vendor/laravel/framework/src/Illuminate/Http/Response.php(40): Illuminate/Http/Response->setContent()
#11 C:/xampp/htdocs/maternal-care-system/vendor/laravel/framework/src/Illuminate/Routing/Router.php(939): Illuminate/Http/Response->__construct()
#12 C:/xampp/htdocs/maternal-care-system/vendor/laravel/framework/src/Illuminate/Routing/Router.php(906): Illuminate/Routing/Router::toResponse()
#13 C:/xampp/htdocs/maternal-care-system/vendor/laravel/framework/src/Illuminate/Routing/Router.php(821): Illuminate/Routing/Router->prepareResponse()
#14 C:/xampp/htdocs/maternal-care-system/vendor/laravel/framework/src/Illuminate/Pipeline/Pipeline.php(180): Illuminate/Routing/Router->{closure:Illuminate/Routing/Router::runRouteWithinStack():821}()
#15 C:/xampp/htdocs/maternal-care-system/vendor/laravel/framework/src/Illuminate/Routing/Middleware/SubstituteBindings.php(52): Illuminate/Pipeline/Pipeline->{closure:Illuminate/Pipeline/Pipeline::prepareDestination():178}()
#16 C:/xampp/htdocs/maternal-care-system/vendor/laravel/framework/src/Illuminate/Pipeline/Pipeline.php(219): Illuminate/Routing/Middleware/SubstituteBindings->handle()
#17 C:/xampp/htdocs/maternal-care-system/vendor/laravel/framework/src/Illuminate/Foundation/Http/Middleware/PreventRequestForgery.php(104): Illuminate/Pipeline/Pipeline->{closure:{closure:Illuminate/Pipeline/Pipeline::carry():194}:195}()
#18 C:/xampp/htdocs/maternal-care-system/vendor/laravel/framework/src/Illuminate/Pipeline/Pipeline.php(219): Illuminate/Foundation/Http/Middleware/PreventRequestForgery->handle()
#19 C:/xampp/htdocs/maternal-care-system/vendor/laravel/framework/src/Illuminate/View/Middleware/ShareErrorsFromSession.php(48): Illuminate/Pipeline/Pipeline->{closure:{closure:Illuminate/Pipeline/Pipeline::carry():194}:195}()
#20 C:/xampp/htdocs/maternal-care-system/vendor/laravel/framework/src/Illuminate/Pipeline/Pipeline.php(219): Illuminate/View/Middleware/ShareErrorsFromSession->handle()
#21 C:/xampp/htdocs/maternal-care-system/vendor/laravel/framework/src/Illuminate/Session/Middleware/StartSession.php(120): Illuminate/Pipeline/Pipeline->{closure:{closure:Illuminate/Pipeline/Pipeline::carry():194}:195}()
#22 C:/xampp/htdocs/maternal-care-system/vendor/laravel/framework/src/Illuminate/Session/Middleware/StartSession.php(63): Illuminate/Session/Middleware/StartSession->handleStatefulRequest()
#23 C:/xampp/htdocs/maternal-care-system/vendor/laravel/framework/src/Illuminate/Pipeline/Pipeline.php(219): Illuminate/Session/Middleware/StartSession->handle()
#24 C:/xampp/htdocs/maternal-care-system/vendor/laravel/framework/src/Illuminate/Cookie/Middleware/AddQueuedCookiesToResponse.php(36): Illuminate/Pipeline/Pipeline->{closure:{closure:Illuminate/Pipeline/Pipeline::carry():194}:195}()
#25 C:/xampp/htdocs/maternal-care-system/vendor/laravel/framework/src/Illuminate/Pipeline/Pipeline.php(219): Illuminate/Cookie/Middleware/AddQueuedCookiesToResponse->handle()
#26 C:/xampp/htdocs/maternal-care-system/vendor/laravel/framework/src/Illuminate/Cookie/Middleware/EncryptCookies.php(74): Illuminate/Pipeline/Pipeline->{closure:{closure:Illuminate/Pipeline/Pipeline::carry():194}:195}()
#27 C:/xampp/htdocs/maternal-care-system/vendor/laravel/framework/src/Illuminate/Pipeline/Pipeline.php(219): Illuminate/Cookie/Middleware/EncryptCookies->handle()
#28 C:/xampp/htdocs/maternal-care-system/vendor/laravel/framework/src/Illuminate/Pipeline/Pipeline.php(137): Illuminate/Pipeline/Pipeline->{closure:{closure:Illuminate/Pipeline/Pipeline::carry():194}:195}()
#29 C:/xampp/htdocs/maternal-care-system/vendor/laravel/framework/src/Illuminate/Routing/Router.php(821): Illuminate/Pipeline/Pipeline->then()
#30 C:/xampp/htdocs/maternal-care-system/vendor/laravel/framework/src/Illuminate/Routing/Router.php(800): Illuminate/Routing/Router->runRouteWithinStack()
#31 C:/xampp/htdocs/maternal-care-system/vendor/laravel/framework/src/Illuminate/Routing/Router.php(764): Illuminate/Routing/Router->runRoute()
#32 C:/xampp/htdocs/maternal-care-system/vendor/laravel/framework/src/Illuminate/Routing/Router.php(753): Illuminate/Routing/Router->dispatchToRoute()
#33 C:/xampp/htdocs/maternal-care-system/vendor/laravel/framework/src/Illuminate/Foundation/Http/Kernel.php(200): Illuminate/Routing/Router->dispatch()
#34 C:/xampp/htdocs/maternal-care-system/vendor/laravel/framework/src/Illuminate/Pipeline/Pipeline.php(180): Illuminate/Foundation/Http/Kernel->{closure:Illuminate/Foundation/Http/Kernel::dispatchToRouter():197}()
#35 C:/xampp/htdocs/maternal-care-system/vendor/laravel/framework/src/Illuminate/Foundation/Http/Middleware/TransformsRequest.php(21): Illuminate/Pipeline/Pipeline->{closure:Illuminate/Pipeline/Pipeline::prepareDestination():178}()
#36 C:/xampp/htdocs/maternal-care-system/vendor/laravel/framework/src/Illuminate/Foundation/Http/Middleware/ConvertEmptyStringsToNull.php(31): Illuminate/Foundation/Http/Middleware/TransformsRequest->handle()
#37 C:/xampp/htdocs/maternal-care-system/vendor/laravel/framework/src/Illuminate/Pipeline/Pipeline.php(219): Illuminate/Foundation/Http/Middleware/ConvertEmptyStringsToNull->handle()
#38 C:/xampp/htdocs/maternal-care-system/vendor/laravel/framework/src/Illuminate/Foundation/Http/Middleware/TransformsRequest.php(21): Illuminate/Pipeline/Pipeline->{closure:{closure:Illuminate/Pipeline/Pipeline::carry():194}:195}()
#39 C:/xampp/htdocs/maternal-care-system/vendor/laravel/framework/src/Illuminate/Foundation/Http/Middleware/TrimStrings.php(51): Illuminate/Foundation/Http/Middleware/TransformsRequest->handle()
#40 C:/xampp/htdocs/maternal-care-system/vendor/laravel/framework/src/Illuminate/Pipeline/Pipeline.php(219): Illuminate/Foundation/Http/Middleware/TrimStrings->handle()
#41 C:/xampp/htdocs/maternal-care-system/vendor/laravel/framework/src/Illuminate/Http/Middleware/ValidatePostSize.php(27): Illuminate/Pipeline/Pipeline->{closure:{closure:Illuminate/Pipeline/Pipeline::carry():194}:195}()
#42 C:/xampp/htdocs/maternal-care-system/vendor/laravel/framework/src/Illuminate/Pipeline/Pipeline.php(219): Illuminate/Http/Middleware/ValidatePostSize->handle()
#43 C:/xampp/htdocs/maternal-care-system/vendor/laravel/framework/src/Illuminate/Foundation/Http/Middleware/PreventRequestsDuringMaintenance.php(109): Illuminate/Pipeline/Pipeline->{closure:{closure:Illuminate/Pipeline/Pipeline::carry():194}:195}()
#44 C:/xampp/htdocs/maternal-care-system/vendor/laravel/framework/src/Illuminate/Pipeline/Pipeline.php(219): Illuminate/Foundation/Http/Middleware/PreventRequestsDuringMaintenance->handle()
#45 C:/xampp/htdocs/maternal-care-system/vendor/laravel/framework/src/Illuminate/Http/Middleware/HandleCors.php(61): Illuminate/Pipeline/Pipeline->{closure:{closure:Illuminate/Pipeline/Pipeline::carry():194}:195}()
#46 C:/xampp/htdocs/maternal-care-system/vendor/laravel/framework/src/Illuminate/Pipeline/Pipeline.php(219): Illuminate/Http/Middleware/HandleCors->handle()
#47 C:/xampp/htdocs/maternal-care-system/vendor/laravel/framework/src/Illuminate/Http/Middleware/TrustProxies.php(58): Illuminate/Pipeline/Pipeline->{closure:{closure:Illuminate/Pipeline/Pipeline::carry():194}:195}()
#48 C:/xampp/htdocs/maternal-care-system/vendor/laravel/framework/src/Illuminate/Pipeline/Pipeline.php(219): Illuminate/Http/Middleware/TrustProxies->handle()
#49 C:/xampp/htdocs/maternal-care-system/vendor/laravel/framework/src/Illuminate/Foundation/Http/Middleware/InvokeDeferredCallbacks.php(22): Illuminate/Pipeline/Pipeline->{closure:{closure:Illuminate/Pipeline/Pipeline::carry():194}:195}()
#50 C:/xampp/htdocs/maternal-care-system/vendor/laravel/framework/src/Illuminate/Pipeline/Pipeline.php(219): Illuminate/Foundation/Http/Middleware/InvokeDeferredCallbacks->handle()
#51 C:/xampp/htdocs/maternal-care-system/vendor/laravel/framework/src/Illuminate/Http/Middleware/ValidatePathEncoding.php(28): Illuminate/Pipeline/Pipeline->{closure:{closure:Illuminate/Pipeline/Pipeline::carry():194}:195}()
#52 C:/xampp/htdocs/maternal-care-system/vendor/laravel/framework/src/Illuminate/Pipeline/Pipeline.php(219): Illuminate/Http/Middleware/ValidatePathEncoding->handle()
#53 C:/xampp/htdocs/maternal-care-system/vendor/laravel/framework/src/Illuminate/Pipeline/Pipeline.php(137): Illuminate/Pipeline/Pipeline->{closure:{closure:Illuminate/Pipeline/Pipeline::carry():194}:195}()
#54 C:/xampp/htdocs/maternal-care-system/vendor/laravel/framework/src/Illuminate/Foundation/Http/Kernel.php(175): Illuminate/Pipeline/Pipeline->then()
#55 C:/xampp/htdocs/maternal-care-system/vendor/laravel/framework/src/Illuminate/Foundation/Http/Kernel.php(144): Illuminate/Foundation/Http/Kernel->sendRequestThroughRouter()
#56 C:/xampp/htdocs/maternal-care-system/vendor/laravel/framework/src/Illuminate/Foundation/Application.php(1220): Illuminate/Foundation/Http/Kernel->handle()
#57 C:/xampp/htdocs/maternal-care-system/public/index.php(20): Illuminate/Foundation/Application->handleRequest()
#58 C:/xampp/htdocs/maternal-care-system/vendor/laravel/framework/src/Illuminate/Foundation/resources/server.php(23): require_once('...')
#59 {main}
"} 
[2026-07-18 18:20:53] local.ERROR: Route [midwife.add-mother] not defined. (View: C:\xampp\htdocs\maternal-care-system\resources\views\midwife\mother.blade.php) {"exception":"[object] (Illuminate\\View\\ViewException(code: 0): Route [midwife.add-mother] not defined. (View: C:\\xampp\\htdocs\\maternal-care-system\\resources\\views\\midwife\\mother.blade.php) at C:/xampp/htdocs/maternal-care-system/vendor/laravel/framework/src/Illuminate/Routing/UrlGenerator.php:540)
[stacktrace]
#0 C:/xampp/htdocs/maternal-care-system/vendor/laravel/framework/src/Illuminate/View/Engines/PhpEngine.php(59): Illuminate/View/Engines/CompilerEngine->handleViewException()
#1 C:/xampp/htdocs/maternal-care-system/vendor/laravel/framework/src/Illuminate/View/Engines/CompilerEngine.php(76): Illuminate/View/Engines/PhpEngine->evaluatePath()
#2 C:/xampp/htdocs/maternal-care-system/vendor/laravel/framework/src/Illuminate/View/View.php(208): Illuminate/View/Engines/CompilerEngine->get()
#3 C:/xampp/htdocs/maternal-care-system/vendor/laravel/framework/src/Illuminate/View/View.php(191): Illuminate/View/View->getContents()
#4 C:/xampp/htdocs/maternal-care-system/vendor/laravel/framework/src/Illuminate/View/View.php(160): Illuminate/View/View->renderContents()
#5 C:/xampp/htdocs/maternal-care-system/vendor/laravel/framework/src/Illuminate/Http/Response.php(82): Illuminate/View/View->render()
#6 C:/xampp/htdocs/maternal-care-system/vendor/laravel/framework/src/Illuminate/Http/Response.php(40): Illuminate/Http/Response->setContent()
#7 C:/xampp/htdocs/maternal-care-system/vendor/laravel/framework/src/Illuminate/Routing/Router.php(939): Illuminate/Http/Response->__construct()
#8 C:/xampp/htdocs/maternal-care-system/vendor/laravel/framework/src/Illuminate/Routing/Router.php(906): Illuminate/Routing/Router::toResponse()
#9 C:/xampp/htdocs/maternal-care-system/vendor/laravel/framework/src/Illuminate/Routing/Router.php(821): Illuminate/Routing/Router->prepareResponse()
#10 C:/xampp/htdocs/maternal-care-system/vendor/laravel/framework/src/Illuminate/Pipeline/Pipeline.php(180): Illuminate/Routing/Router->{closure:Illuminate/Routing/Router::runRouteWithinStack():821}()
#11 C:/xampp/htdocs/maternal-care-system/vendor/laravel/framework/src/Illuminate/Routing/Middleware/SubstituteBindings.php(52): Illuminate/Pipeline/Pipeline->{closure:Illuminate/Pipeline/Pipeline::prepareDestination():178}()
#12 C:/xampp/htdocs/maternal-care-system/vendor/laravel/framework/src/Illuminate/Pipeline/Pipeline.php(219): Illuminate/Routing/Middleware/SubstituteBindings->handle()
#13 C:/xampp/htdocs/maternal-care-system/vendor/laravel/framework/src/Illuminate/Foundation/Http/Middleware/PreventRequestForgery.php(104): Illuminate/Pipeline/Pipeline->{closure:{closure:Illuminate/Pipeline/Pipeline::carry():194}:195}()
#14 C:/xampp/htdocs/maternal-care-system/vendor/laravel/framework/src/Illuminate/Pipeline/Pipeline.php(219): Illuminate/Foundation/Http/Middleware/PreventRequestForgery->handle()
#15 C:/xampp/htdocs/maternal-care-system/vendor/laravel/framework/src/Illuminate/View/Middleware/ShareErrorsFromSession.php(48): Illuminate/Pipeline/Pipeline->{closure:{closure:Illuminate/Pipeline/Pipeline::carry():194}:195}()
#16 C:/xampp/htdocs/maternal-care-system/vendor/laravel/framework/src/Illuminate/Pipeline/Pipeline.php(219): Illuminate/View/Middleware/ShareErrorsFromSession->handle()
#17 C:/xampp/htdocs/maternal-care-system/vendor/laravel/framework/src/Illuminate/Session/Middleware/StartSession.php(120): Illuminate/Pipeline/Pipeline->{closure:{closure:Illuminate/Pipeline/Pipeline::carry():194}:195}()
#18 C:/xampp/htdocs/maternal-care-system/vendor/laravel/framework/src/Illuminate/Session/Middleware/StartSession.php(63): Illuminate/Session/Middleware/StartSession->handleStatefulRequest()
#19 C:/xampp/htdocs/maternal-care-system/vendor/laravel/framework/src/Illuminate/Pipeline/Pipeline.php(219): Illuminate/Session/Middleware/StartSession->handle()
#20 C:/xampp/htdocs/maternal-care-system/vendor/laravel/framework/src/Illuminate/Cookie/Middleware/AddQueuedCookiesToResponse.php(36): Illuminate/Pipeline/Pipeline->{closure:{closure:Illuminate/Pipeline/Pipeline::carry():194}:195}()
#21 C:/xampp/htdocs/maternal-care-system/vendor/laravel/framework/src/Illuminate/Pipeline/Pipeline.php(219): Illuminate/Cookie/Middleware/AddQueuedCookiesToResponse->handle()
#22 C:/xampp/htdocs/maternal-care-system/vendor/laravel/framework/src/Illuminate/Cookie/Middleware/EncryptCookies.php(74): Illuminate/Pipeline/Pipeline->{closure:{closure:Illuminate/Pipeline/Pipeline::carry():194}:195}()
#23 C:/xampp/htdocs/maternal-care-system/vendor/laravel/framework/src/Illuminate/Pipeline/Pipeline.php(219): Illuminate/Cookie/Middleware/EncryptCookies->handle()
#24 C:/xampp/htdocs/maternal-care-system/vendor/laravel/framework/src/Illuminate/Pipeline/Pipeline.php(137): Illuminate/Pipeline/Pipeline->{closure:{closure:Illuminate/Pipeline/Pipeline::carry():194}:195}()
#25 C:/xampp/htdocs/maternal-care-system/vendor/laravel/framework/src/Illuminate/Routing/Router.php(821): Illuminate/Pipeline/Pipeline->then()
#26 C:/xampp/htdocs/maternal-care-system/vendor/laravel/framework/src/Illuminate/Routing/Router.php(800): Illuminate/Routing/Router->runRouteWithinStack()
#27 C:/xampp/htdocs/maternal-care-system/vendor/laravel/framework/src/Illuminate/Routing/Router.php(764): Illuminate/Routing/Router->runRoute()
#28 C:/xampp/htdocs/maternal-care-system/vendor/laravel/framework/src/Illuminate/Routing/Router.php(753): Illuminate/Routing/Router->dispatchToRoute()
#29 C:/xampp/htdocs/maternal-care-system/vendor/laravel/framework/src/Illuminate/Foundation/Http/Kernel.php(200): Illuminate/Routing/Router->dispatch()
#30 C:/xampp/htdocs/maternal-care-system/vendor/laravel/framework/src/Illuminate/Pipeline/Pipeline.php(180): Illuminate/Foundation/Http/Kernel->{closure:Illuminate/Foundation/Http/Kernel::dispatchToRouter():197}()
#31 C:/xampp/htdocs/maternal-care-system/vendor/laravel/framework/src/Illuminate/Foundation/Http/Middleware/TransformsRequest.php(21): Illuminate/Pipeline/Pipeline->{closure:Illuminate/Pipeline/Pipeline::prepareDestination():178}()
#32 C:/xampp/htdocs/maternal-care-system/vendor/laravel/framework/src/Illuminate/Foundation/Http/Middleware/ConvertEmptyStringsToNull.php(31): Illuminate/Foundation/Http/Middleware/TransformsRequest->handle()
#33 C:/xampp/htdocs/maternal-care-system/vendor/laravel/framework/src/Illuminate/Pipeline/Pipeline.php(219): Illuminate/Foundation/Http/Middleware/ConvertEmptyStringsToNull->handle()
#34 C:/xampp/htdocs/maternal-care-system/vendor/laravel/framework/src/Illuminate/Foundation/Http/Middleware/TransformsRequest.php(21): Illuminate/Pipeline/Pipeline->{closure:{closure:Illuminate/Pipeline/Pipeline::carry():194}:195}()
#35 C:/xampp/htdocs/maternal-care-system/vendor/laravel/framework/src/Illuminate/Foundation/Http/Middleware/TrimStrings.php(51): Illuminate/Foundation/Http/Middleware/TransformsRequest->handle()
#36 C:/xampp/htdocs/maternal-care-system/vendor/laravel/framework/src/Illuminate/Pipeline/Pipeline.php(219): Illuminate/Foundation/Http/Middleware/TrimStrings->handle()
#37 C:/xampp/htdocs/maternal-care-system/vendor/laravel/framework/src/Illuminate/Http/Middleware/ValidatePostSize.php(27): Illuminate/Pipeline/Pipeline->{closure:{closure:Illuminate/Pipeline/Pipeline::carry():194}:195}()
#38 C:/xampp/htdocs/maternal-care-system/vendor/laravel/framework/src/Illuminate/Pipeline/Pipeline.php(219): Illuminate/Http/Middleware/ValidatePostSize->handle()
#39 C:/xampp/htdocs/maternal-care-system/vendor/laravel/framework/src/Illuminate/Foundation/Http/Middleware/PreventRequestsDuringMaintenance.php(109): Illuminate/Pipeline/Pipeline->{closure:{closure:Illuminate/Pipeline/Pipeline::carry():194}:195}()
#40 C:/xampp/htdocs/maternal-care-system/vendor/laravel/framework/src/Illuminate/Pipeline/Pipeline.php(219): Illuminate/Foundation/Http/Middleware/PreventRequestsDuringMaintenance->handle()
#41 C:/xampp/htdocs/maternal-care-system/vendor/laravel/framework/src/Illuminate/Http/Middleware/HandleCors.php(61): Illuminate/Pipeline/Pipeline->{closure:{closure:Illuminate/Pipeline/Pipeline::carry():194}:195}()
#42 C:/xampp/htdocs/maternal-care-system/vendor/laravel/framework/src/Illuminate/Pipeline/Pipeline.php(219): Illuminate/Http/Middleware/HandleCors->handle()
#43 C:/xampp/htdocs/maternal-care-system/vendor/laravel/framework/src/Illuminate/Http/Middleware/TrustProxies.php(58): Illuminate/Pipeline/Pipeline->{closure:{closure:Illuminate/Pipeline/Pipeline::carry():194}:195}()
#44 C:/xampp/htdocs/maternal-care-system/vendor/laravel/framework/src/Illuminate/Pipeline/Pipeline.php(219): Illuminate/Http/Middleware/TrustProxies->handle()
#45 C:/xampp/htdocs/maternal-care-system/vendor/laravel/framework/src/Illuminate/Foundation/Http/Middleware/InvokeDeferredCallbacks.php(22): Illuminate/Pipeline/Pipeline->{closure:{closure:Illuminate/Pipeline/Pipeline::carry():194}:195}()
#46 C:/xampp/htdocs/maternal-care-system/vendor/laravel/framework/src/Illuminate/Pipeline/Pipeline.php(219): Illuminate/Foundation/Http/Middleware/InvokeDeferredCallbacks->handle()
#47 C:/xampp/htdocs/maternal-care-system/vendor/laravel/framework/src/Illuminate/Http/Middleware/ValidatePathEncoding.php(28): Illuminate/Pipeline/Pipeline->{closure:{closure:Illuminate/Pipeline/Pipeline::carry():194}:195}()
#48 C:/xampp/htdocs/maternal-care-system/vendor/laravel/framework/src/Illuminate/Pipeline/Pipeline.php(219): Illuminate/Http/Middleware/ValidatePathEncoding->handle()
#49 C:/xampp/htdocs/maternal-care-system/vendor/laravel/framework/src/Illuminate/Pipeline/Pipeline.php(137): Illuminate/Pipeline/Pipeline->{closure:{closure:Illuminate/Pipeline/Pipeline::carry():194}:195}()
#50 C:/xampp/htdocs/maternal-care-system/vendor/laravel/framework/src/Illuminate/Foundation/Http/Kernel.php(175): Illuminate/Pipeline/Pipeline->then()
#51 C:/xampp/htdocs/maternal-care-system/vendor/laravel/framework/src/Illuminate/Foundation/Http/Kernel.php(144): Illuminate/Foundation/Http/Kernel->sendRequestThroughRouter()
#52 C:/xampp/htdocs/maternal-care-system/vendor/laravel/framework/src/Illuminate/Foundation/Application.php(1220): Illuminate/Foundation/Http/Kernel->handle()
#53 C:/xampp/htdocs/maternal-care-system/public/index.php(20): Illuminate/Foundation/Application->handleRequest()
#54 C:/xampp/htdocs/maternal-care-system/vendor/laravel/framework/src/Illuminate/Foundation/resources/server.php(23): require_once('...')
#55 {main}

[previous exception] [object] (Symfony\\Component\\Routing\\Exception\\RouteNotFoundException(code: 0): Route [midwife.add-mother] not defined. at C:/xampp/htdocs/maternal-care-system/vendor/laravel/framework/src/Illuminate/Routing/UrlGenerator.php:540)
[stacktrace]
#0 C:/xampp/htdocs/maternal-care-system/vendor/laravel/framework/src/Illuminate/Foundation/helpers.php(870): Illuminate/Routing/UrlGenerator->route()
#1 C:/xampp/htdocs/maternal-care-system/storage/framework/views/babc91a92e63c894251ca5077ddfe424.php(142): route()
#2 C:/xampp/htdocs/maternal-care-system/vendor/laravel/framework/src/Illuminate/Filesystem/Filesystem.php(123): require('...')
#3 C:/xampp/htdocs/maternal-care-system/vendor/laravel/framework/src/Illuminate/Filesystem/Filesystem.php(124): Illuminate/Filesystem/Filesystem::{closure:Illuminate/Filesystem/Filesystem::getRequire():120}()
#4 C:/xampp/htdocs/maternal-care-system/vendor/laravel/framework/src/Illuminate/View/Engines/PhpEngine.php(57): Illuminate/Filesystem/Filesystem->getRequire()
#5 C:/xampp/htdocs/maternal-care-system/vendor/laravel/framework/src/Illuminate/View/Engines/CompilerEngine.php(76): Illuminate/View/Engines/PhpEngine->evaluatePath()
#6 C:/xampp/htdocs/maternal-care-system/vendor/laravel/framework/src/Illuminate/View/View.php(208): Illuminate/View/Engines/CompilerEngine->get()
#7 C:/xampp/htdocs/maternal-care-system/vendor/laravel/framework/src/Illuminate/View/View.php(191): Illuminate/View/View->getContents()
#8 C:/xampp/htdocs/maternal-care-system/vendor/laravel/framework/src/Illuminate/View/View.php(160): Illuminate/View/View->renderContents()
#9 C:/xampp/htdocs/maternal-care-system/vendor/laravel/framework/src/Illuminate/Http/Response.php(82): Illuminate/View/View->render()
#10 C:/xampp/htdocs/maternal-care-system/vendor/laravel/framework/src/Illuminate/Http/Response.php(40): Illuminate/Http/Response->setContent()
#11 C:/xampp/htdocs/maternal-care-system/vendor/laravel/framework/src/Illuminate/Routing/Router.php(939): Illuminate/Http/Response->__construct()
#12 C:/xampp/htdocs/maternal-care-system/vendor/laravel/framework/src/Illuminate/Routing/Router.php(906): Illuminate/Routing/Router::toResponse()
#13 C:/xampp/htdocs/maternal-care-system/vendor/laravel/framework/src/Illuminate/Routing/Router.php(821): Illuminate/Routing/Router->prepareResponse()
#14 C:/xampp/htdocs/maternal-care-system/vendor/laravel/framework/src/Illuminate/Pipeline/Pipeline.php(180): Illuminate/Routing/Router->{closure:Illuminate/Routing/Router::runRouteWithinStack():821}()
#15 C:/xampp/htdocs/maternal-care-system/vendor/laravel/framework/src/Illuminate/Routing/Middleware/SubstituteBindings.php(52): Illuminate/Pipeline/Pipeline->{closure:Illuminate/Pipeline/Pipeline::prepareDestination():178}()
#16 C:/xampp/htdocs/maternal-care-system/vendor/laravel/framework/src/Illuminate/Pipeline/Pipeline.php(219): Illuminate/Routing/Middleware/SubstituteBindings->handle()
#17 C:/xampp/htdocs/maternal-care-system/vendor/laravel/framework/src/Illuminate/Foundation/Http/Middleware/PreventRequestForgery.php(104): Illuminate/Pipeline/Pipeline->{closure:{closure:Illuminate/Pipeline/Pipeline::carry():194}:195}()
#18 C:/xampp/htdocs/maternal-care-system/vendor/laravel/framework/src/Illuminate/Pipeline/Pipeline.php(219): Illuminate/Foundation/Http/Middleware/PreventRequestForgery->handle()
#19 C:/xampp/htdocs/maternal-care-system/vendor/laravel/framework/src/Illuminate/View/Middleware/ShareErrorsFromSession.php(48): Illuminate/Pipeline/Pipeline->{closure:{closure:Illuminate/Pipeline/Pipeline::carry():194}:195}()
#20 C:/xampp/htdocs/maternal-care-system/vendor/laravel/framework/src/Illuminate/Pipeline/Pipeline.php(219): Illuminate/View/Middleware/ShareErrorsFromSession->handle()
#21 C:/xampp/htdocs/maternal-care-system/vendor/laravel/framework/src/Illuminate/Session/Middleware/StartSession.php(120): Illuminate/Pipeline/Pipeline->{closure:{closure:Illuminate/Pipeline/Pipeline::carry():194}:195}()
#22 C:/xampp/htdocs/maternal-care-system/vendor/laravel/framework/src/Illuminate/Session/Middleware/StartSession.php(63): Illuminate/Session/Middleware/StartSession->handleStatefulRequest()
#23 C:/xampp/htdocs/maternal-care-system/vendor/laravel/framework/src/Illuminate/Pipeline/Pipeline.php(219): Illuminate/Session/Middleware/StartSession->handle()
#24 C:/xampp/htdocs/maternal-care-system/vendor/laravel/framework/src/Illuminate/Cookie/Middleware/AddQueuedCookiesToResponse.php(36): Illuminate/Pipeline/Pipeline->{closure:{closure:Illuminate/Pipeline/Pipeline::carry():194}:195}()
#25 C:/xampp/htdocs/maternal-care-system/vendor/laravel/framework/src/Illuminate/Pipeline/Pipeline.php(219): Illuminate/Cookie/Middleware/AddQueuedCookiesToResponse->handle()
#26 C:/xampp/htdocs/maternal-care-system/vendor/laravel/framework/src/Illuminate/Cookie/Middleware/EncryptCookies.php(74): Illuminate/Pipeline/Pipeline->{closure:{closure:Illuminate/Pipeline/Pipeline::carry():194}:195}()
#27 C:/xampp/htdocs/maternal-care-system/vendor/laravel/framework/src/Illuminate/Pipeline/Pipeline.php(219): Illuminate/Cookie/Middleware/EncryptCookies->handle()
#28 C:/xampp/htdocs/maternal-care-system/vendor/laravel/framework/src/Illuminate/Pipeline/Pipeline.php(137): Illuminate/Pipeline/Pipeline->{closure:{closure:Illuminate/Pipeline/Pipeline::carry():194}:195}()
#29 C:/xampp/htdocs/maternal-care-system/vendor/laravel/framework/src/Illuminate/Routing/Router.php(821): Illuminate/Pipeline/Pipeline->then()
#30 C:/xampp/htdocs/maternal-care-system/vendor/laravel/framework/src/Illuminate/Routing/Router.php(800): Illuminate/Routing/Router->runRouteWithinStack()
#31 C:/xampp/htdocs/maternal-care-system/vendor/laravel/framework/src/Illuminate/Routing/Router.php(764): Illuminate/Routing/Router->runRoute()
#32 C:/xampp/htdocs/maternal-care-system/vendor/laravel/framework/src/Illuminate/Routing/Router.php(753): Illuminate/Routing/Router->dispatchToRoute()
#33 C:/xampp/htdocs/maternal-care-system/vendor/laravel/framework/src/Illuminate/Foundation/Http/Kernel.php(200): Illuminate/Routing/Router->dispatch()
#34 C:/xampp/htdocs/maternal-care-system/vendor/laravel/framework/src/Illuminate/Pipeline/Pipeline.php(180): Illuminate/Foundation/Http/Kernel->{closure:Illuminate/Foundation/Http/Kernel::dispatchToRouter():197}()
#35 C:/xampp/htdocs/maternal-care-system/vendor/laravel/framework/src/Illuminate/Foundation/Http/Middleware/TransformsRequest.php(21): Illuminate/Pipeline/Pipeline->{closure:Illuminate/Pipeline/Pipeline::prepareDestination():178}()
#36 C:/xampp/htdocs/maternal-care-system/vendor/laravel/framework/src/Illuminate/Foundation/Http/Middleware/ConvertEmptyStringsToNull.php(31): Illuminate/Foundation/Http/Middleware/TransformsRequest->handle()
#37 C:/xampp/htdocs/maternal-care-system/vendor/laravel/framework/src/Illuminate/Pipeline/Pipeline.php(219): Illuminate/Foundation/Http/Middleware/ConvertEmptyStringsToNull->handle()
#38 C:/xampp/htdocs/maternal-care-system/vendor/laravel/framework/src/Illuminate/Foundation/Http/Middleware/TransformsRequest.php(21): Illuminate/Pipeline/Pipeline->{closure:{closure:Illuminate/Pipeline/Pipeline::carry():194}:195}()
#39 C:/xampp/htdocs/maternal-care-system/vendor/laravel/framework/src/Illuminate/Foundation/Http/Middleware/TrimStrings.php(51): Illuminate/Foundation/Http/Middleware/TransformsRequest->handle()
#40 C:/xampp/htdocs/maternal-care-system/vendor/laravel/framework/src/Illuminate/Pipeline/Pipeline.php(219): Illuminate/Foundation/Http/Middleware/TrimStrings->handle()
#41 C:/xampp/htdocs/maternal-care-system/vendor/laravel/framework/src/Illuminate/Http/Middleware/ValidatePostSize.php(27): Illuminate/Pipeline/Pipeline->{closure:{closure:Illuminate/Pipeline/Pipeline::carry():194}:195}()
#42 C:/xampp/htdocs/maternal-care-system/vendor/laravel/framework/src/Illuminate/Pipeline/Pipeline.php(219): Illuminate/Http/Middleware/ValidatePostSize->handle()
#43 C:/xampp/htdocs/maternal-care-system/vendor/laravel/framework/src/Illuminate/Foundation/Http/Middleware/PreventRequestsDuringMaintenance.php(109): Illuminate/Pipeline/Pipeline->{closure:{closure:Illuminate/Pipeline/Pipeline::carry():194}:195}()
#44 C:/xampp/htdocs/maternal-care-system/vendor/laravel/framework/src/Illuminate/Pipeline/Pipeline.php(219): Illuminate/Foundation/Http/Middleware/PreventRequestsDuringMaintenance->handle()
#45 C:/xampp/htdocs/maternal-care-system/vendor/laravel/framework/src/Illuminate/Http/Middleware/HandleCors.php(61): Illuminate/Pipeline/Pipeline->{closure:{closure:Illuminate/Pipeline/Pipeline::carry():194}:195}()
#46 C:/xampp/htdocs/maternal-care-system/vendor/laravel/framework/src/Illuminate/Pipeline/Pipeline.php(219): Illuminate/Http/Middleware/HandleCors->handle()
#47 C:/xampp/htdocs/maternal-care-system/vendor/laravel/framework/src/Illuminate/Http/Middleware/TrustProxies.php(58): Illuminate/Pipeline/Pipeline->{closure:{closure:Illuminate/Pipeline/Pipeline::carry():194}:195}()
#48 C:/xampp/htdocs/maternal-care-system/vendor/laravel/framework/src/Illuminate/Pipeline/Pipeline.php(219): Illuminate/Http/Middleware/TrustProxies->handle()
#49 C:/xampp/htdocs/maternal-care-system/vendor/laravel/framework/src/Illuminate/Foundation/Http/Middleware/InvokeDeferredCallbacks.php(22): Illuminate/Pipeline/Pipeline->{closure:{closure:Illuminate/Pipeline/Pipeline::carry():194}:195}()
#50 C:/xampp/htdocs/maternal-care-system/vendor/laravel/framework/src/Illuminate/Pipeline/Pipeline.php(219): Illuminate/Foundation/Http/Middleware/InvokeDeferredCallbacks->handle()
#51 C:/xampp/htdocs/maternal-care-system/vendor/laravel/framework/src/Illuminate/Http/Middleware/ValidatePathEncoding.php(28): Illuminate/Pipeline/Pipeline->{closure:{closure:Illuminate/Pipeline/Pipeline::carry():194}:195}()
#52 C:/xampp/htdocs/maternal-care-system/vendor/laravel/framework/src/Illuminate/Pipeline/Pipeline.php(219): Illuminate/Http/Middleware/ValidatePathEncoding->handle()
#53 C:/xampp/htdocs/maternal-care-system/vendor/laravel/framework/src/Illuminate/Pipeline/Pipeline.php(137): Illuminate/Pipeline/Pipeline->{closure:{closure:Illuminate/Pipeline/Pipeline::carry():194}:195}()
#54 C:/xampp/htdocs/maternal-care-system/vendor/laravel/framework/src/Illuminate/Foundation/Http/Kernel.php(175): Illuminate/Pipeline/Pipeline->then()
#55 C:/xampp/htdocs/maternal-care-system/vendor/laravel/framework/src/Illuminate/Foundation/Http/Kernel.php(144): Illuminate/Foundation/Http/Kernel->sendRequestThroughRouter()
#56 C:/xampp/htdocs/maternal-care-system/vendor/laravel/framework/src/Illuminate/Foundation/Application.php(1220): Illuminate/Foundation/Http/Kernel->handle()
#57 C:/xampp/htdocs/maternal-care-system/public/index.php(20): Illuminate/Foundation/Application->handleRequest()
#58 C:/xampp/htdocs/maternal-care-system/vendor/laravel/framework/src/Illuminate/Foundation/resources/server.php(23): require_once('...')
#59 {main}
"} 
[2026-07-18 18:21:09] local.ERROR: Route [midwife.add-mother] not defined. (View: C:\xampp\htdocs\maternal-care-system\resources\views\midwife\mother.blade.php) {"exception":"[object] (Illuminate\\View\\ViewException(code: 0): Route [midwife.add-mother] not defined. (View: C:\\xampp\\htdocs\\maternal-care-system\\resources\\views\\midwife\\mother.blade.php) at C:/xampp/htdocs/maternal-care-system/vendor/laravel/framework/src/Illuminate/Routing/UrlGenerator.php:540)
[stacktrace]
#0 C:/xampp/htdocs/maternal-care-system/vendor/laravel/framework/src/Illuminate/View/Engines/PhpEngine.php(59): Illuminate/View/Engines/CompilerEngine->handleViewException()
#1 C:/xampp/htdocs/maternal-care-system/vendor/laravel/framework/src/Illuminate/View/Engines/CompilerEngine.php(76): Illuminate/View/Engines/PhpEngine->evaluatePath()
#2 C:/xampp/htdocs/maternal-care-system/vendor/laravel/framework/src/Illuminate/View/View.php(208): Illuminate/View/Engines/CompilerEngine->get()
#3 C:/xampp/htdocs/maternal-care-system/vendor/laravel/framework/src/Illuminate/View/View.php(191): Illuminate/View/View->getContents()
#4 C:/xampp/htdocs/maternal-care-system/vendor/laravel/framework/src/Illuminate/View/View.php(160): Illuminate/View/View->renderContents()
#5 C:/xampp/htdocs/maternal-care-system/vendor/laravel/framework/src/Illuminate/Http/Response.php(82): Illuminate/View/View->render()
#6 C:/xampp/htdocs/maternal-care-system/vendor/laravel/framework/src/Illuminate/Http/Response.php(40): Illuminate/Http/Response->setContent()
#7 C:/xampp/htdocs/maternal-care-system/vendor/laravel/framework/src/Illuminate/Routing/Router.php(939): Illuminate/Http/Response->__construct()
#8 C:/xampp/htdocs/maternal-care-system/vendor/laravel/framework/src/Illuminate/Routing/Router.php(906): Illuminate/Routing/Router::toResponse()
#9 C:/xampp/htdocs/maternal-care-system/vendor/laravel/framework/src/Illuminate/Routing/Router.php(821): Illuminate/Routing/Router->prepareResponse()
#10 C:/xampp/htdocs/maternal-care-system/vendor/laravel/framework/src/Illuminate/Pipeline/Pipeline.php(180): Illuminate/Routing/Router->{closure:Illuminate/Routing/Router::runRouteWithinStack():821}()
#11 C:/xampp/htdocs/maternal-care-system/vendor/laravel/framework/src/Illuminate/Routing/Middleware/SubstituteBindings.php(52): Illuminate/Pipeline/Pipeline->{closure:Illuminate/Pipeline/Pipeline::prepareDestination():178}()
#12 C:/xampp/htdocs/maternal-care-system/vendor/laravel/framework/src/Illuminate/Pipeline/Pipeline.php(219): Illuminate/Routing/Middleware/SubstituteBindings->handle()
#13 C:/xampp/htdocs/maternal-care-system/vendor/laravel/framework/src/Illuminate/Foundation/Http/Middleware/PreventRequestForgery.php(104): Illuminate/Pipeline/Pipeline->{closure:{closure:Illuminate/Pipeline/Pipeline::carry():194}:195}()
#14 C:/xampp/htdocs/maternal-care-system/vendor/laravel/framework/src/Illuminate/Pipeline/Pipeline.php(219): Illuminate/Foundation/Http/Middleware/PreventRequestForgery->handle()
#15 C:/xampp/htdocs/maternal-care-system/vendor/laravel/framework/src/Illuminate/View/Middleware/ShareErrorsFromSession.php(48): Illuminate/Pipeline/Pipeline->{closure:{closure:Illuminate/Pipeline/Pipeline::carry():194}:195}()
#16 C:/xampp/htdocs/maternal-care-system/vendor/laravel/framework/src/Illuminate/Pipeline/Pipeline.php(219): Illuminate/View/Middleware/ShareErrorsFromSession->handle()
#17 C:/xampp/htdocs/maternal-care-system/vendor/laravel/framework/src/Illuminate/Session/Middleware/StartSession.php(120): Illuminate/Pipeline/Pipeline->{closure:{closure:Illuminate/Pipeline/Pipeline::carry():194}:195}()
#18 C:/xampp/htdocs/maternal-care-system/vendor/laravel/framework/src/Illuminate/Session/Middleware/StartSession.php(63): Illuminate/Session/Middleware/StartSession->handleStatefulRequest()
#19 C:/xampp/htdocs/maternal-care-system/vendor/laravel/framework/src/Illuminate/Pipeline/Pipeline.php(219): Illuminate/Session/Middleware/StartSession->handle()
#20 C:/xampp/htdocs/maternal-care-system/vendor/laravel/framework/src/Illuminate/Cookie/Middleware/AddQueuedCookiesToResponse.php(36): Illuminate/Pipeline/Pipeline->{closure:{closure:Illuminate/Pipeline/Pipeline::carry():194}:195}()
#21 C:/xampp/htdocs/maternal-care-system/vendor/laravel/framework/src/Illuminate/Pipeline/Pipeline.php(219): Illuminate/Cookie/Middleware/AddQueuedCookiesToResponse->handle()
#22 C:/xampp/htdocs/maternal-care-system/vendor/laravel/framework/src/Illuminate/Cookie/Middleware/EncryptCookies.php(74): Illuminate/Pipeline/Pipeline->{closure:{closure:Illuminate/Pipeline/Pipeline::carry():194}:195}()
#23 C:/xampp/htdocs/maternal-care-system/vendor/laravel/framework/src/Illuminate/Pipeline/Pipeline.php(219): Illuminate/Cookie/Middleware/EncryptCookies->handle()
#24 C:/xampp/htdocs/maternal-care-system/vendor/laravel/framework/src/Illuminate/Pipeline/Pipeline.php(137): Illuminate/Pipeline/Pipeline->{closure:{closure:Illuminate/Pipeline/Pipeline::carry():194}:195}()
#25 C:/xampp/htdocs/maternal-care-system/vendor/laravel/framework/src/Illuminate/Routing/Router.php(821): Illuminate/Pipeline/Pipeline->then()
#26 C:/xampp/htdocs/maternal-care-system/vendor/laravel/framework/src/Illuminate/Routing/Router.php(800): Illuminate/Routing/Router->runRouteWithinStack()
#27 C:/xampp/htdocs/maternal-care-system/vendor/laravel/framework/src/Illuminate/Routing/Router.php(764): Illuminate/Routing/Router->runRoute()
#28 C:/xampp/htdocs/maternal-care-system/vendor/laravel/framework/src/Illuminate/Routing/Router.php(753): Illuminate/Routing/Router->dispatchToRoute()
#29 C:/xampp/htdocs/maternal-care-system/vendor/laravel/framework/src/Illuminate/Foundation/Http/Kernel.php(200): Illuminate/Routing/Router->dispatch()
#30 C:/xampp/htdocs/maternal-care-system/vendor/laravel/framework/src/Illuminate/Pipeline/Pipeline.php(180): Illuminate/Foundation/Http/Kernel->{closure:Illuminate/Foundation/Http/Kernel::dispatchToRouter():197}()
#31 C:/xampp/htdocs/maternal-care-system/vendor/laravel/framework/src/Illuminate/Foundation/Http/Middleware/TransformsRequest.php(21): Illuminate/Pipeline/Pipeline->{closure:Illuminate/Pipeline/Pipeline::prepareDestination():178}()
#32 C:/xampp/htdocs/maternal-care-system/vendor/laravel/framework/src/Illuminate/Foundation/Http/Middleware/ConvertEmptyStringsToNull.php(31): Illuminate/Foundation/Http/Middleware/TransformsRequest->handle()
#33 C:/xampp/htdocs/maternal-care-system/vendor/laravel/framework/src/Illuminate/Pipeline/Pipeline.php(219): Illuminate/Foundation/Http/Middleware/ConvertEmptyStringsToNull->handle()
#34 C:/xampp/htdocs/maternal-care-system/vendor/laravel/framework/src/Illuminate/Foundation/Http/Middleware/TransformsRequest.php(21): Illuminate/Pipeline/Pipeline->{closure:{closure:Illuminate/Pipeline/Pipeline::carry():194}:195}()
#35 C:/xampp/htdocs/maternal-care-system/vendor/laravel/framework/src/Illuminate/Foundation/Http/Middleware/TrimStrings.php(51): Illuminate/Foundation/Http/Middleware/TransformsRequest->handle()
#36 C:/xampp/htdocs/maternal-care-system/vendor/laravel/framework/src/Illuminate/Pipeline/Pipeline.php(219): Illuminate/Foundation/Http/Middleware/TrimStrings->handle()
#37 C:/xampp/htdocs/maternal-care-system/vendor/laravel/framework/src/Illuminate/Http/Middleware/ValidatePostSize.php(27): Illuminate/Pipeline/Pipeline->{closure:{closure:Illuminate/Pipeline/Pipeline::carry():194}:195}()
#38 C:/xampp/htdocs/maternal-care-system/vendor/laravel/framework/src/Illuminate/Pipeline/Pipeline.php(219): Illuminate/Http/Middleware/ValidatePostSize->handle()
#39 C:/xampp/htdocs/maternal-care-system/vendor/laravel/framework/src/Illuminate/Foundation/Http/Middleware/PreventRequestsDuringMaintenance.php(109): Illuminate/Pipeline/Pipeline->{closure:{closure:Illuminate/Pipeline/Pipeline::carry():194}:195}()
#40 C:/xampp/htdocs/maternal-care-system/vendor/laravel/framework/src/Illuminate/Pipeline/Pipeline.php(219): Illuminate/Foundation/Http/Middleware/PreventRequestsDuringMaintenance->handle()
#41 C:/xampp/htdocs/maternal-care-system/vendor/laravel/framework/src/Illuminate/Http/Middleware/HandleCors.php(61): Illuminate/Pipeline/Pipeline->{closure:{closure:Illuminate/Pipeline/Pipeline::carry():194}:195}()
#42 C:/xampp/htdocs/maternal-care-system/vendor/laravel/framework/src/Illuminate/Pipeline/Pipeline.php(219): Illuminate/Http/Middleware/HandleCors->handle()
#43 C:/xampp/htdocs/maternal-care-system/vendor/laravel/framework/src/Illuminate/Http/Middleware/TrustProxies.php(58): Illuminate/Pipeline/Pipeline->{closure:{closure:Illuminate/Pipeline/Pipeline::carry():194}:195}()
#44 C:/xampp/htdocs/maternal-care-system/vendor/laravel/framework/src/Illuminate/Pipeline/Pipeline.php(219): Illuminate/Http/Middleware/TrustProxies->handle()
#45 C:/xampp/htdocs/maternal-care-system/vendor/laravel/framework/src/Illuminate/Foundation/Http/Middleware/InvokeDeferredCallbacks.php(22): Illuminate/Pipeline/Pipeline->{closure:{closure:Illuminate/Pipeline/Pipeline::carry():194}:195}()
#46 C:/xampp/htdocs/maternal-care-system/vendor/laravel/framework/src/Illuminate/Pipeline/Pipeline.php(219): Illuminate/Foundation/Http/Middleware/InvokeDeferredCallbacks->handle()
#47 C:/xampp/htdocs/maternal-care-system/vendor/laravel/framework/src/Illuminate/Http/Middleware/ValidatePathEncoding.php(28): Illuminate/Pipeline/Pipeline->{closure:{closure:Illuminate/Pipeline/Pipeline::carry():194}:195}()
#48 C:/xampp/htdocs/maternal-care-system/vendor/laravel/framework/src/Illuminate/Pipeline/Pipeline.php(219): Illuminate/Http/Middleware/ValidatePathEncoding->handle()
#49 C:/xampp/htdocs/maternal-care-system/vendor/laravel/framework/src/Illuminate/Pipeline/Pipeline.php(137): Illuminate/Pipeline/Pipeline->{closure:{closure:Illuminate/Pipeline/Pipeline::carry():194}:195}()
#50 C:/xampp/htdocs/maternal-care-system/vendor/laravel/framework/src/Illuminate/Foundation/Http/Kernel.php(175): Illuminate/Pipeline/Pipeline->then()
#51 C:/xampp/htdocs/maternal-care-system/vendor/laravel/framework/src/Illuminate/Foundation/Http/Kernel.php(144): Illuminate/Foundation/Http/Kernel->sendRequestThroughRouter()
#52 C:/xampp/htdocs/maternal-care-system/vendor/laravel/framework/src/Illuminate/Foundation/Application.php(1220): Illuminate/Foundation/Http/Kernel->handle()
#53 C:/xampp/htdocs/maternal-care-system/public/index.php(20): Illuminate/Foundation/Application->handleRequest()
#54 C:/xampp/htdocs/maternal-care-system/vendor/laravel/framework/src/Illuminate/Foundation/resources/server.php(23): require_once('...')
#55 {main}

[previous exception] [object] (Symfony\\Component\\Routing\\Exception\\RouteNotFoundException(code: 0): Route [midwife.add-mother] not defined. at C:/xampp/htdocs/maternal-care-system/vendor/laravel/framework/src/Illuminate/Routing/UrlGenerator.php:540)
[stacktrace]
#0 C:/xampp/htdocs/maternal-care-system/vendor/laravel/framework/src/Illuminate/Foundation/helpers.php(870): Illuminate/Routing/UrlGenerator->route()
#1 C:/xampp/htdocs/maternal-care-system/storage/framework/views/babc91a92e63c894251ca5077ddfe424.php(142): route()
#2 C:/xampp/htdocs/maternal-care-system/vendor/laravel/framework/src/Illuminate/Filesystem/Filesystem.php(123): require('...')
#3 C:/xampp/htdocs/maternal-care-system/vendor/laravel/framework/src/Illuminate/Filesystem/Filesystem.php(124): Illuminate/Filesystem/Filesystem::{closure:Illuminate/Filesystem/Filesystem::getRequire():120}()
#4 C:/xampp/htdocs/maternal-care-system/vendor/laravel/framework/src/Illuminate/View/Engines/PhpEngine.php(57): Illuminate/Filesystem/Filesystem->getRequire()
#5 C:/xampp/htdocs/maternal-care-system/vendor/laravel/framework/src/Illuminate/View/Engines/CompilerEngine.php(76): Illuminate/View/Engines/PhpEngine->evaluatePath()
#6 C:/xampp/htdocs/maternal-care-system/vendor/laravel/framework/src/Illuminate/View/View.php(208): Illuminate/View/Engines/CompilerEngine->get()
#7 C:/xampp/htdocs/maternal-care-system/vendor/laravel/framework/src/Illuminate/View/View.php(191): Illuminate/View/View->getContents()
#8 C:/xampp/htdocs/maternal-care-system/vendor/laravel/framework/src/Illuminate/View/View.php(160): Illuminate/View/View->renderContents()
#9 C:/xampp/htdocs/maternal-care-system/vendor/laravel/framework/src/Illuminate/Http/Response.php(82): Illuminate/View/View->render()
#10 C:/xampp/htdocs/maternal-care-system/vendor/laravel/framework/src/Illuminate/Http/Response.php(40): Illuminate/Http/Response->setContent()
#11 C:/xampp/htdocs/maternal-care-system/vendor/laravel/framework/src/Illuminate/Routing/Router.php(939): Illuminate/Http/Response->__construct()
#12 C:/xampp/htdocs/maternal-care-system/vendor/laravel/framework/src/Illuminate/Routing/Router.php(906): Illuminate/Routing/Router::toResponse()
#13 C:/xampp/htdocs/maternal-care-system/vendor/laravel/framework/src/Illuminate/Routing/Router.php(821): Illuminate/Routing/Router->prepareResponse()
#14 C:/xampp/htdocs/maternal-care-system/vendor/laravel/framework/src/Illuminate/Pipeline/Pipeline.php(180): Illuminate/Routing/Router->{closure:Illuminate/Routing/Router::runRouteWithinStack():821}()
#15 C:/xampp/htdocs/maternal-care-system/vendor/laravel/framework/src/Illuminate/Routing/Middleware/SubstituteBindings.php(52): Illuminate/Pipeline/Pipeline->{closure:Illuminate/Pipeline/Pipeline::prepareDestination():178}()
#16 C:/xampp/htdocs/maternal-care-system/vendor/laravel/framework/src/Illuminate/Pipeline/Pipeline.php(219): Illuminate/Routing/Middleware/SubstituteBindings->handle()
#17 C:/xampp/htdocs/maternal-care-system/vendor/laravel/framework/src/Illuminate/Foundation/Http/Middleware/PreventRequestForgery.php(104): Illuminate/Pipeline/Pipeline->{closure:{closure:Illuminate/Pipeline/Pipeline::carry():194}:195}()
#18 C:/xampp/htdocs/maternal-care-system/vendor/laravel/framework/src/Illuminate/Pipeline/Pipeline.php(219): Illuminate/Foundation/Http/Middleware/PreventRequestForgery->handle()
#19 C:/xampp/htdocs/maternal-care-system/vendor/laravel/framework/src/Illuminate/View/Middleware/ShareErrorsFromSession.php(48): Illuminate/Pipeline/Pipeline->{closure:{closure:Illuminate/Pipeline/Pipeline::carry():194}:195}()
#20 C:/xampp/htdocs/maternal-care-system/vendor/laravel/framework/src/Illuminate/Pipeline/Pipeline.php(219): Illuminate/View/Middleware/ShareErrorsFromSession->handle()
#21 C:/xampp/htdocs/maternal-care-system/vendor/laravel/framework/src/Illuminate/Session/Middleware/StartSession.php(120): Illuminate/Pipeline/Pipeline->{closure:{closure:Illuminate/Pipeline/Pipeline::carry():194}:195}()
#22 C:/xampp/htdocs/maternal-care-system/vendor/laravel/framework/src/Illuminate/Session/Middleware/StartSession.php(63): Illuminate/Session/Middleware/StartSession->handleStatefulRequest()
#23 C:/xampp/htdocs/maternal-care-system/vendor/laravel/framework/src/Illuminate/Pipeline/Pipeline.php(219): Illuminate/Session/Middleware/StartSession->handle()
#24 C:/xampp/htdocs/maternal-care-system/vendor/laravel/framework/src/Illuminate/Cookie/Middleware/AddQueuedCookiesToResponse.php(36): Illuminate/Pipeline/Pipeline->{closure:{closure:Illuminate/Pipeline/Pipeline::carry():194}:195}()
#25 C:/xampp/htdocs/maternal-care-system/vendor/laravel/framework/src/Illuminate/Pipeline/Pipeline.php(219): Illuminate/Cookie/Middleware/AddQueuedCookiesToResponse->handle()
#26 C:/xampp/htdocs/maternal-care-system/vendor/laravel/framework/src/Illuminate/Cookie/Middleware/EncryptCookies.php(74): Illuminate/Pipeline/Pipeline->{closure:{closure:Illuminate/Pipeline/Pipeline::carry():194}:195}()
#27 C:/xampp/htdocs/maternal-care-system/vendor/laravel/framework/src/Illuminate/Pipeline/Pipeline.php(219): Illuminate/Cookie/Middleware/EncryptCookies->handle()
#28 C:/xampp/htdocs/maternal-care-system/vendor/laravel/framework/src/Illuminate/Pipeline/Pipeline.php(137): Illuminate/Pipeline/Pipeline->{closure:{closure:Illuminate/Pipeline/Pipeline::carry():194}:195}()
#29 C:/xampp/htdocs/maternal-care-system/vendor/laravel/framework/src/Illuminate/Routing/Router.php(821): Illuminate/Pipeline/Pipeline->then()
#30 C:/xampp/htdocs/maternal-care-system/vendor/laravel/framework/src/Illuminate/Routing/Router.php(800): Illuminate/Routing/Router->runRouteWithinStack()
#31 C:/xampp/htdocs/maternal-care-system/vendor/laravel/framework/src/Illuminate/Routing/Router.php(764): Illuminate/Routing/Router->runRoute()
#32 C:/xampp/htdocs/maternal-care-system/vendor/laravel/framework/src/Illuminate/Routing/Router.php(753): Illuminate/Routing/Router->dispatchToRoute()
#33 C:/xampp/htdocs/maternal-care-system/vendor/laravel/framework/src/Illuminate/Foundation/Http/Kernel.php(200): Illuminate/Routing/Router->dispatch()
#34 C:/xampp/htdocs/maternal-care-system/vendor/laravel/framework/src/Illuminate/Pipeline/Pipeline.php(180): Illuminate/Foundation/Http/Kernel->{closure:Illuminate/Foundation/Http/Kernel::dispatchToRouter():197}()
#35 C:/xampp/htdocs/maternal-care-system/vendor/laravel/framework/src/Illuminate/Foundation/Http/Middleware/TransformsRequest.php(21): Illuminate/Pipeline/Pipeline->{closure:Illuminate/Pipeline/Pipeline::prepareDestination():178}()
#36 C:/xampp/htdocs/maternal-care-system/vendor/laravel/framework/src/Illuminate/Foundation/Http/Middleware/ConvertEmptyStringsToNull.php(31): Illuminate/Foundation/Http/Middleware/TransformsRequest->handle()
#37 C:/xampp/htdocs/maternal-care-system/vendor/laravel/framework/src/Illuminate/Pipeline/Pipeline.php(219): Illuminate/Foundation/Http/Middleware/ConvertEmptyStringsToNull->handle()
#38 C:/xampp/htdocs/maternal-care-system/vendor/laravel/framework/src/Illuminate/Foundation/Http/Middleware/TransformsRequest.php(21): Illuminate/Pipeline/Pipeline->{closure:{closure:Illuminate/Pipeline/Pipeline::carry():194}:195}()
#39 C:/xampp/htdocs/maternal-care-system/vendor/laravel/framework/src/Illuminate/Foundation/Http/Middleware/TrimStrings.php(51): Illuminate/Foundation/Http/Middleware/TransformsRequest->handle()
#40 C:/xampp/htdocs/maternal-care-system/vendor/laravel/framework/src/Illuminate/Pipeline/Pipeline.php(219): Illuminate/Foundation/Http/Middleware/TrimStrings->handle()
#41 C:/xampp/htdocs/maternal-care-system/vendor/laravel/framework/src/Illuminate/Http/Middleware/ValidatePostSize.php(27): Illuminate/Pipeline/Pipeline->{closure:{closure:Illuminate/Pipeline/Pipeline::carry():194}:195}()
#42 C:/xampp/htdocs/maternal-care-system/vendor/laravel/framework/src/Illuminate/Pipeline/Pipeline.php(219): Illuminate/Http/Middleware/ValidatePostSize->handle()
#43 C:/xampp/htdocs/maternal-care-system/vendor/laravel/framework/src/Illuminate/Foundation/Http/Middleware/PreventRequestsDuringMaintenance.php(109): Illuminate/Pipeline/Pipeline->{closure:{closure:Illuminate/Pipeline/Pipeline::carry():194}:195}()
#44 C:/xampp/htdocs/maternal-care-system/vendor/laravel/framework/src/Illuminate/Pipeline/Pipeline.php(219): Illuminate/Foundation/Http/Middleware/PreventRequestsDuringMaintenance->handle()
#45 C:/xampp/htdocs/maternal-care-system/vendor/laravel/framework/src/Illuminate/Http/Middleware/HandleCors.php(61): Illuminate/Pipeline/Pipeline->{closure:{closure:Illuminate/Pipeline/Pipeline::carry():194}:195}()
#46 C:/xampp/htdocs/maternal-care-system/vendor/laravel/framework/src/Illuminate/Pipeline/Pipeline.php(219): Illuminate/Http/Middleware/HandleCors->handle()
#47 C:/xampp/htdocs/maternal-care-system/vendor/laravel/framework/src/Illuminate/Http/Middleware/TrustProxies.php(58): Illuminate/Pipeline/Pipeline->{closure:{closure:Illuminate/Pipeline/Pipeline::carry():194}:195}()
#48 C:/xampp/htdocs/maternal-care-system/vendor/laravel/framework/src/Illuminate/Pipeline/Pipeline.php(219): Illuminate/Http/Middleware/TrustProxies->handle()
#49 C:/xampp/htdocs/maternal-care-system/vendor/laravel/framework/src/Illuminate/Foundation/Http/Middleware/InvokeDeferredCallbacks.php(22): Illuminate/Pipeline/Pipeline->{closure:{closure:Illuminate/Pipeline/Pipeline::carry():194}:195}()
#50 C:/xampp/htdocs/maternal-care-system/vendor/laravel/framework/src/Illuminate/Pipeline/Pipeline.php(219): Illuminate/Foundation/Http/Middleware/InvokeDeferredCallbacks->handle()
#51 C:/xampp/htdocs/maternal-care-system/vendor/laravel/framework/src/Illuminate/Http/Middleware/ValidatePathEncoding.php(28): Illuminate/Pipeline/Pipeline->{closure:{closure:Illuminate/Pipeline/Pipeline::carry():194}:195}()
#52 C:/xampp/htdocs/maternal-care-system/vendor/laravel/framework/src/Illuminate/Pipeline/Pipeline.php(219): Illuminate/Http/Middleware/ValidatePathEncoding->handle()
#53 C:/xampp/htdocs/maternal-care-system/vendor/laravel/framework/src/Illuminate/Pipeline/Pipeline.php(137): Illuminate/Pipeline/Pipeline->{closure:{closure:Illuminate/Pipeline/Pipeline::carry():194}:195}()
#54 C:/xampp/htdocs/maternal-care-system/vendor/laravel/framework/src/Illuminate/Foundation/Http/Kernel.php(175): Illuminate/Pipeline/Pipeline->then()
#55 C:/xampp/htdocs/maternal-care-system/vendor/laravel/framework/src/Illuminate/Foundation/Http/Kernel.php(144): Illuminate/Foundation/Http/Kernel->sendRequestThroughRouter()
#56 C:/xampp/htdocs/maternal-care-system/vendor/laravel/framework/src/Illuminate/Foundation/Application.php(1220): Illuminate/Foundation/Http/Kernel->handle()
#57 C:/xampp/htdocs/maternal-care-system/public/index.php(20): Illuminate/Foundation/Application->handleRequest()
#58 C:/xampp/htdocs/maternal-care-system/vendor/laravel/framework/src/Illuminate/Foundation/resources/server.php(23): require_once('...')
#59 {main}
"} 
[2026-07-18 18:23:58] local.ERROR: Route [midwife.add-mother] not defined. (View: C:\xampp\htdocs\maternal-care-system\resources\views\midwife\mother.blade.php) {"exception":"[object] (Illuminate\\View\\ViewException(code: 0): Route [midwife.add-mother] not defined. (View: C:\\xampp\\htdocs\\maternal-care-system\\resources\\views\\midwife\\mother.blade.php) at C:/xampp/htdocs/maternal-care-system/vendor/laravel/framework/src/Illuminate/Routing/UrlGenerator.php:540)
[stacktrace]
#0 C:/xampp/htdocs/maternal-care-system/vendor/laravel/framework/src/Illuminate/View/Engines/PhpEngine.php(59): Illuminate/View/Engines/CompilerEngine->handleViewException()
#1 C:/xampp/htdocs/maternal-care-system/vendor/laravel/framework/src/Illuminate/View/Engines/CompilerEngine.php(76): Illuminate/View/Engines/PhpEngine->evaluatePath()
#2 C:/xampp/htdocs/maternal-care-system/vendor/laravel/framework/src/Illuminate/View/View.php(208): Illuminate/View/Engines/CompilerEngine->get()
#3 C:/xampp/htdocs/maternal-care-system/vendor/laravel/framework/src/Illuminate/View/View.php(191): Illuminate/View/View->getContents()
#4 C:/xampp/htdocs/maternal-care-system/vendor/laravel/framework/src/Illuminate/View/View.php(160): Illuminate/View/View->renderContents()
#5 C:/xampp/htdocs/maternal-care-system/vendor/laravel/framework/src/Illuminate/Http/Response.php(82): Illuminate/View/View->render()
#6 C:/xampp/htdocs/maternal-care-system/vendor/laravel/framework/src/Illuminate/Http/Response.php(40): Illuminate/Http/Response->setContent()
#7 C:/xampp/htdocs/maternal-care-system/vendor/laravel/framework/src/Illuminate/Routing/Router.php(939): Illuminate/Http/Response->__construct()
#8 C:/xampp/htdocs/maternal-care-system/vendor/laravel/framework/src/Illuminate/Routing/Router.php(906): Illuminate/Routing/Router::toResponse()
#9 C:/xampp/htdocs/maternal-care-system/vendor/laravel/framework/src/Illuminate/Routing/Router.php(821): Illuminate/Routing/Router->prepareResponse()
#10 C:/xampp/htdocs/maternal-care-system/vendor/laravel/framework/src/Illuminate/Pipeline/Pipeline.php(180): Illuminate/Routing/Router->{closure:Illuminate/Routing/Router::runRouteWithinStack():821}()
#11 C:/xampp/htdocs/maternal-care-system/vendor/laravel/framework/src/Illuminate/Routing/Middleware/SubstituteBindings.php(52): Illuminate/Pipeline/Pipeline->{closure:Illuminate/Pipeline/Pipeline::prepareDestination():178}()
#12 C:/xampp/htdocs/maternal-care-system/vendor/laravel/framework/src/Illuminate/Pipeline/Pipeline.php(219): Illuminate/Routing/Middleware/SubstituteBindings->handle()
#13 C:/xampp/htdocs/maternal-care-system/vendor/laravel/framework/src/Illuminate/Foundation/Http/Middleware/PreventRequestForgery.php(104): Illuminate/Pipeline/Pipeline->{closure:{closure:Illuminate/Pipeline/Pipeline::carry():194}:195}()
#14 C:/xampp/htdocs/maternal-care-system/vendor/laravel/framework/src/Illuminate/Pipeline/Pipeline.php(219): Illuminate/Foundation/Http/Middleware/PreventRequestForgery->handle()
#15 C:/xampp/htdocs/maternal-care-system/vendor/laravel/framework/src/Illuminate/View/Middleware/ShareErrorsFromSession.php(48): Illuminate/Pipeline/Pipeline->{closure:{closure:Illuminate/Pipeline/Pipeline::carry():194}:195}()
#16 C:/xampp/htdocs/maternal-care-system/vendor/laravel/framework/src/Illuminate/Pipeline/Pipeline.php(219): Illuminate/View/Middleware/ShareErrorsFromSession->handle()
#17 C:/xampp/htdocs/maternal-care-system/vendor/laravel/framework/src/Illuminate/Session/Middleware/StartSession.php(120): Illuminate/Pipeline/Pipeline->{closure:{closure:Illuminate/Pipeline/Pipeline::carry():194}:195}()
#18 C:/xampp/htdocs/maternal-care-system/vendor/laravel/framework/src/Illuminate/Session/Middleware/StartSession.php(63): Illuminate/Session/Middleware/StartSession->handleStatefulRequest()
#19 C:/xampp/htdocs/maternal-care-system/vendor/laravel/framework/src/Illuminate/Pipeline/Pipeline.php(219): Illuminate/Session/Middleware/StartSession->handle()
#20 C:/xampp/htdocs/maternal-care-system/vendor/laravel/framework/src/Illuminate/Cookie/Middleware/AddQueuedCookiesToResponse.php(36): Illuminate/Pipeline/Pipeline->{closure:{closure:Illuminate/Pipeline/Pipeline::carry():194}:195}()
#21 C:/xampp/htdocs/maternal-care-system/vendor/laravel/framework/src/Illuminate/Pipeline/Pipeline.php(219): Illuminate/Cookie/Middleware/AddQueuedCookiesToResponse->handle()
#22 C:/xampp/htdocs/maternal-care-system/vendor/laravel/framework/src/Illuminate/Cookie/Middleware/EncryptCookies.php(74): Illuminate/Pipeline/Pipeline->{closure:{closure:Illuminate/Pipeline/Pipeline::carry():194}:195}()
#23 C:/xampp/htdocs/maternal-care-system/vendor/laravel/framework/src/Illuminate/Pipeline/Pipeline.php(219): Illuminate/Cookie/Middleware/EncryptCookies->handle()
#24 C:/xampp/htdocs/maternal-care-system/vendor/laravel/framework/src/Illuminate/Pipeline/Pipeline.php(137): Illuminate/Pipeline/Pipeline->{closure:{closure:Illuminate/Pipeline/Pipeline::carry():194}:195}()
#25 C:/xampp/htdocs/maternal-care-system/vendor/laravel/framework/src/Illuminate/Routing/Router.php(821): Illuminate/Pipeline/Pipeline->then()
#26 C:/xampp/htdocs/maternal-care-system/vendor/laravel/framework/src/Illuminate/Routing/Router.php(800): Illuminate/Routing/Router->runRouteWithinStack()
#27 C:/xampp/htdocs/maternal-care-system/vendor/laravel/framework/src/Illuminate/Routing/Router.php(764): Illuminate/Routing/Router->runRoute()
#28 C:/xampp/htdocs/maternal-care-system/vendor/laravel/framework/src/Illuminate/Routing/Router.php(753): Illuminate/Routing/Router->dispatchToRoute()
#29 C:/xampp/htdocs/maternal-care-system/vendor/laravel/framework/src/Illuminate/Foundation/Http/Kernel.php(200): Illuminate/Routing/Router->dispatch()
#30 C:/xampp/htdocs/maternal-care-system/vendor/laravel/framework/src/Illuminate/Pipeline/Pipeline.php(180): Illuminate/Foundation/Http/Kernel->{closure:Illuminate/Foundation/Http/Kernel::dispatchToRouter():197}()
#31 C:/xampp/htdocs/maternal-care-system/vendor/laravel/framework/src/Illuminate/Foundation/Http/Middleware/TransformsRequest.php(21): Illuminate/Pipeline/Pipeline->{closure:Illuminate/Pipeline/Pipeline::prepareDestination():178}()
#32 C:/xampp/htdocs/maternal-care-system/vendor/laravel/framework/src/Illuminate/Foundation/Http/Middleware/ConvertEmptyStringsToNull.php(31): Illuminate/Foundation/Http/Middleware/TransformsRequest->handle()
#33 C:/xampp/htdocs/maternal-care-system/vendor/laravel/framework/src/Illuminate/Pipeline/Pipeline.php(219): Illuminate/Foundation/Http/Middleware/ConvertEmptyStringsToNull->handle()
#34 C:/xampp/htdocs/maternal-care-system/vendor/laravel/framework/src/Illuminate/Foundation/Http/Middleware/TransformsRequest.php(21): Illuminate/Pipeline/Pipeline->{closure:{closure:Illuminate/Pipeline/Pipeline::carry():194}:195}()
#35 C:/xampp/htdocs/maternal-care-system/vendor/laravel/framework/src/Illuminate/Foundation/Http/Middleware/TrimStrings.php(51): Illuminate/Foundation/Http/Middleware/TransformsRequest->handle()
#36 C:/xampp/htdocs/maternal-care-system/vendor/laravel/framework/src/Illuminate/Pipeline/Pipeline.php(219): Illuminate/Foundation/Http/Middleware/TrimStrings->handle()
#37 C:/xampp/htdocs/maternal-care-system/vendor/laravel/framework/src/Illuminate/Http/Middleware/ValidatePostSize.php(27): Illuminate/Pipeline/Pipeline->{closure:{closure:Illuminate/Pipeline/Pipeline::carry():194}:195}()
#38 C:/xampp/htdocs/maternal-care-system/vendor/laravel/framework/src/Illuminate/Pipeline/Pipeline.php(219): Illuminate/Http/Middleware/ValidatePostSize->handle()
#39 C:/xampp/htdocs/maternal-care-system/vendor/laravel/framework/src/Illuminate/Foundation/Http/Middleware/PreventRequestsDuringMaintenance.php(109): Illuminate/Pipeline/Pipeline->{closure:{closure:Illuminate/Pipeline/Pipeline::carry():194}:195}()
#40 C:/xampp/htdocs/maternal-care-system/vendor/laravel/framework/src/Illuminate/Pipeline/Pipeline.php(219): Illuminate/Foundation/Http/Middleware/PreventRequestsDuringMaintenance->handle()
#41 C:/xampp/htdocs/maternal-care-system/vendor/laravel/framework/src/Illuminate/Http/Middleware/HandleCors.php(61): Illuminate/Pipeline/Pipeline->{closure:{closure:Illuminate/Pipeline/Pipeline::carry():194}:195}()
#42 C:/xampp/htdocs/maternal-care-system/vendor/laravel/framework/src/Illuminate/Pipeline/Pipeline.php(219): Illuminate/Http/Middleware/HandleCors->handle()
#43 C:/xampp/htdocs/maternal-care-system/vendor/laravel/framework/src/Illuminate/Http/Middleware/TrustProxies.php(58): Illuminate/Pipeline/Pipeline->{closure:{closure:Illuminate/Pipeline/Pipeline::carry():194}:195}()
#44 C:/xampp/htdocs/maternal-care-system/vendor/laravel/framework/src/Illuminate/Pipeline/Pipeline.php(219): Illuminate/Http/Middleware/TrustProxies->handle()
#45 C:/xampp/htdocs/maternal-care-system/vendor/laravel/framework/src/Illuminate/Foundation/Http/Middleware/InvokeDeferredCallbacks.php(22): Illuminate/Pipeline/Pipeline->{closure:{closure:Illuminate/Pipeline/Pipeline::carry():194}:195}()
#46 C:/xampp/htdocs/maternal-care-system/vendor/laravel/framework/src/Illuminate/Pipeline/Pipeline.php(219): Illuminate/Foundation/Http/Middleware/InvokeDeferredCallbacks->handle()
#47 C:/xampp/htdocs/maternal-care-system/vendor/laravel/framework/src/Illuminate/Http/Middleware/ValidatePathEncoding.php(28): Illuminate/Pipeline/Pipeline->{closure:{closure:Illuminate/Pipeline/Pipeline::carry():194}:195}()
#48 C:/xampp/htdocs/maternal-care-system/vendor/laravel/framework/src/Illuminate/Pipeline/Pipeline.php(219): Illuminate/Http/Middleware/ValidatePathEncoding->handle()
#49 C:/xampp/htdocs/maternal-care-system/vendor/laravel/framework/src/Illuminate/Pipeline/Pipeline.php(137): Illuminate/Pipeline/Pipeline->{closure:{closure:Illuminate/Pipeline/Pipeline::carry():194}:195}()
#50 C:/xampp/htdocs/maternal-care-system/vendor/laravel/framework/src/Illuminate/Foundation/Http/Kernel.php(175): Illuminate/Pipeline/Pipeline->then()
#51 C:/xampp/htdocs/maternal-care-system/vendor/laravel/framework/src/Illuminate/Foundation/Http/Kernel.php(144): Illuminate/Foundation/Http/Kernel->sendRequestThroughRouter()
#52 C:/xampp/htdocs/maternal-care-system/vendor/laravel/framework/src/Illuminate/Foundation/Application.php(1220): Illuminate/Foundation/Http/Kernel->handle()
#53 C:/xampp/htdocs/maternal-care-system/public/index.php(20): Illuminate/Foundation/Application->handleRequest()
#54 C:/xampp/htdocs/maternal-care-system/vendor/laravel/framework/src/Illuminate/Foundation/resources/server.php(23): require_once('...')
#55 {main}

[previous exception] [object] (Symfony\\Component\\Routing\\Exception\\RouteNotFoundException(code: 0): Route [midwife.add-mother] not defined. at C:/xampp/htdocs/maternal-care-system/vendor/laravel/framework/src/Illuminate/Routing/UrlGenerator.php:540)
[stacktrace]
#0 C:/xampp/htdocs/maternal-care-system/vendor/laravel/framework/src/Illuminate/Foundation/helpers.php(870): Illuminate/Routing/UrlGenerator->route()
#1 C:/xampp/htdocs/maternal-care-system/storage/framework/views/babc91a92e63c894251ca5077ddfe424.php(142): route()
#2 C:/xampp/htdocs/maternal-care-system/vendor/laravel/framework/src/Illuminate/Filesystem/Filesystem.php(123): require('...')
#3 C:/xampp/htdocs/maternal-care-system/vendor/laravel/framework/src/Illuminate/Filesystem/Filesystem.php(124): Illuminate/Filesystem/Filesystem::{closure:Illuminate/Filesystem/Filesystem::getRequire():120}()
#4 C:/xampp/htdocs/maternal-care-system/vendor/laravel/framework/src/Illuminate/View/Engines/PhpEngine.php(57): Illuminate/Filesystem/Filesystem->getRequire()
#5 C:/xampp/htdocs/maternal-care-system/vendor/laravel/framework/src/Illuminate/View/Engines/CompilerEngine.php(76): Illuminate/View/Engines/PhpEngine->evaluatePath()
#6 C:/xampp/htdocs/maternal-care-system/vendor/laravel/framework/src/Illuminate/View/View.php(208): Illuminate/View/Engines/CompilerEngine->get()
#7 C:/xampp/htdocs/maternal-care-system/vendor/laravel/framework/src/Illuminate/View/View.php(191): Illuminate/View/View->getContents()
#8 C:/xampp/htdocs/maternal-care-system/vendor/laravel/framework/src/Illuminate/View/View.php(160): Illuminate/View/View->renderContents()
#9 C:/xampp/htdocs/maternal-care-system/vendor/laravel/framework/src/Illuminate/Http/Response.php(82): Illuminate/View/View->render()
#10 C:/xampp/htdocs/maternal-care-system/vendor/laravel/framework/src/Illuminate/Http/Response.php(40): Illuminate/Http/Response->setContent()
#11 C:/xampp/htdocs/maternal-care-system/vendor/laravel/framework/src/Illuminate/Routing/Router.php(939): Illuminate/Http/Response->__construct()
#12 C:/xampp/htdocs/maternal-care-system/vendor/laravel/framework/src/Illuminate/Routing/Router.php(906): Illuminate/Routing/Router::toResponse()
#13 C:/xampp/htdocs/maternal-care-system/vendor/laravel/framework/src/Illuminate/Routing/Router.php(821): Illuminate/Routing/Router->prepareResponse()
#14 C:/xampp/htdocs/maternal-care-system/vendor/laravel/framework/src/Illuminate/Pipeline/Pipeline.php(180): Illuminate/Routing/Router->{closure:Illuminate/Routing/Router::runRouteWithinStack():821}()
#15 C:/xampp/htdocs/maternal-care-system/vendor/laravel/framework/src/Illuminate/Routing/Middleware/SubstituteBindings.php(52): Illuminate/Pipeline/Pipeline->{closure:Illuminate/Pipeline/Pipeline::prepareDestination():178}()
#16 C:/xampp/htdocs/maternal-care-system/vendor/laravel/framework/src/Illuminate/Pipeline/Pipeline.php(219): Illuminate/Routing/Middleware/SubstituteBindings->handle()
#17 C:/xampp/htdocs/maternal-care-system/vendor/laravel/framework/src/Illuminate/Foundation/Http/Middleware/PreventRequestForgery.php(104): Illuminate/Pipeline/Pipeline->{closure:{closure:Illuminate/Pipeline/Pipeline::carry():194}:195}()
#18 C:/xampp/htdocs/maternal-care-system/vendor/laravel/framework/src/Illuminate/Pipeline/Pipeline.php(219): Illuminate/Foundation/Http/Middleware/PreventRequestForgery->handle()
#19 C:/xampp/htdocs/maternal-care-system/vendor/laravel/framework/src/Illuminate/View/Middleware/ShareErrorsFromSession.php(48): Illuminate/Pipeline/Pipeline->{closure:{closure:Illuminate/Pipeline/Pipeline::carry():194}:195}()
#20 C:/xampp/htdocs/maternal-care-system/vendor/laravel/framework/src/Illuminate/Pipeline/Pipeline.php(219): Illuminate/View/Middleware/ShareErrorsFromSession->handle()
#21 C:/xampp/htdocs/maternal-care-system/vendor/laravel/framework/src/Illuminate/Session/Middleware/StartSession.php(120): Illuminate/Pipeline/Pipeline->{closure:{closure:Illuminate/Pipeline/Pipeline::carry():194}:195}()
#22 C:/xampp/htdocs/maternal-care-system/vendor/laravel/framework/src/Illuminate/Session/Middleware/StartSession.php(63): Illuminate/Session/Middleware/StartSession->handleStatefulRequest()
#23 C:/xampp/htdocs/maternal-care-system/vendor/laravel/framework/src/Illuminate/Pipeline/Pipeline.php(219): Illuminate/Session/Middleware/StartSession->handle()
#24 C:/xampp/htdocs/maternal-care-system/vendor/laravel/framework/src/Illuminate/Cookie/Middleware/AddQueuedCookiesToResponse.php(36): Illuminate/Pipeline/Pipeline->{closure:{closure:Illuminate/Pipeline/Pipeline::carry():194}:195}()
#25 C:/xampp/htdocs/maternal-care-system/vendor/laravel/framework/src/Illuminate/Pipeline/Pipeline.php(219): Illuminate/Cookie/Middleware/AddQueuedCookiesToResponse->handle()
#26 C:/xampp/htdocs/maternal-care-system/vendor/laravel/framework/src/Illuminate/Cookie/Middleware/EncryptCookies.php(74): Illuminate/Pipeline/Pipeline->{closure:{closure:Illuminate/Pipeline/Pipeline::carry():194}:195}()
#27 C:/xampp/htdocs/maternal-care-system/vendor/laravel/framework/src/Illuminate/Pipeline/Pipeline.php(219): Illuminate/Cookie/Middleware/EncryptCookies->handle()
#28 C:/xampp/htdocs/maternal-care-system/vendor/laravel/framework/src/Illuminate/Pipeline/Pipeline.php(137): Illuminate/Pipeline/Pipeline->{closure:{closure:Illuminate/Pipeline/Pipeline::carry():194}:195}()
#29 C:/xampp/htdocs/maternal-care-system/vendor/laravel/framework/src/Illuminate/Routing/Router.php(821): Illuminate/Pipeline/Pipeline->then()
#30 C:/xampp/htdocs/maternal-care-system/vendor/laravel/framework/src/Illuminate/Routing/Router.php(800): Illuminate/Routing/Router->runRouteWithinStack()
#31 C:/xampp/htdocs/maternal-care-system/vendor/laravel/framework/src/Illuminate/Routing/Router.php(764): Illuminate/Routing/Router->runRoute()
#32 C:/xampp/htdocs/maternal-care-system/vendor/laravel/framework/src/Illuminate/Routing/Router.php(753): Illuminate/Routing/Router->dispatchToRoute()
#33 C:/xampp/htdocs/maternal-care-system/vendor/laravel/framework/src/Illuminate/Foundation/Http/Kernel.php(200): Illuminate/Routing/Router->dispatch()
#34 C:/xampp/htdocs/maternal-care-system/vendor/laravel/framework/src/Illuminate/Pipeline/Pipeline.php(180): Illuminate/Foundation/Http/Kernel->{closure:Illuminate/Foundation/Http/Kernel::dispatchToRouter():197}()
#35 C:/xampp/htdocs/maternal-care-system/vendor/laravel/framework/src/Illuminate/Foundation/Http/Middleware/TransformsRequest.php(21): Illuminate/Pipeline/Pipeline->{closure:Illuminate/Pipeline/Pipeline::prepareDestination():178}()
#36 C:/xampp/htdocs/maternal-care-system/vendor/laravel/framework/src/Illuminate/Foundation/Http/Middleware/ConvertEmptyStringsToNull.php(31): Illuminate/Foundation/Http/Middleware/TransformsRequest->handle()
#37 C:/xampp/htdocs/maternal-care-system/vendor/laravel/framework/src/Illuminate/Pipeline/Pipeline.php(219): Illuminate/Foundation/Http/Middleware/ConvertEmptyStringsToNull->handle()
#38 C:/xampp/htdocs/maternal-care-system/vendor/laravel/framework/src/Illuminate/Foundation/Http/Middleware/TransformsRequest.php(21): Illuminate/Pipeline/Pipeline->{closure:{closure:Illuminate/Pipeline/Pipeline::carry():194}:195}()
#39 C:/xampp/htdocs/maternal-care-system/vendor/laravel/framework/src/Illuminate/Foundation/Http/Middleware/TrimStrings.php(51): Illuminate/Foundation/Http/Middleware/TransformsRequest->handle()
#40 C:/xampp/htdocs/maternal-care-system/vendor/laravel/framework/src/Illuminate/Pipeline/Pipeline.php(219): Illuminate/Foundation/Http/Middleware/TrimStrings->handle()
#41 C:/xampp/htdocs/maternal-care-system/vendor/laravel/framework/src/Illuminate/Http/Middleware/ValidatePostSize.php(27): Illuminate/Pipeline/Pipeline->{closure:{closure:Illuminate/Pipeline/Pipeline::carry():194}:195}()
#42 C:/xampp/htdocs/maternal-care-system/vendor/laravel/framework/src/Illuminate/Pipeline/Pipeline.php(219): Illuminate/Http/Middleware/ValidatePostSize->handle()
#43 C:/xampp/htdocs/maternal-care-system/vendor/laravel/framework/src/Illuminate/Foundation/Http/Middleware/PreventRequestsDuringMaintenance.php(109): Illuminate/Pipeline/Pipeline->{closure:{closure:Illuminate/Pipeline/Pipeline::carry():194}:195}()
#44 C:/xampp/htdocs/maternal-care-system/vendor/laravel/framework/src/Illuminate/Pipeline/Pipeline.php(219): Illuminate/Foundation/Http/Middleware/PreventRequestsDuringMaintenance->handle()
#45 C:/xampp/htdocs/maternal-care-system/vendor/laravel/framework/src/Illuminate/Http/Middleware/HandleCors.php(61): Illuminate/Pipeline/Pipeline->{closure:{closure:Illuminate/Pipeline/Pipeline::carry():194}:195}()
#46 C:/xampp/htdocs/maternal-care-system/vendor/laravel/framework/src/Illuminate/Pipeline/Pipeline.php(219): Illuminate/Http/Middleware/HandleCors->handle()
#47 C:/xampp/htdocs/maternal-care-system/vendor/laravel/framework/src/Illuminate/Http/Middleware/TrustProxies.php(58): Illuminate/Pipeline/Pipeline->{closure:{closure:Illuminate/Pipeline/Pipeline::carry():194}:195}()
#48 C:/xampp/htdocs/maternal-care-system/vendor/laravel/framework/src/Illuminate/Pipeline/Pipeline.php(219): Illuminate/Http/Middleware/TrustProxies->handle()
#49 C:/xampp/htdocs/maternal-care-system/vendor/laravel/framework/src/Illuminate/Foundation/Http/Middleware/InvokeDeferredCallbacks.php(22): Illuminate/Pipeline/Pipeline->{closure:{closure:Illuminate/Pipeline/Pipeline::carry():194}:195}()
#50 C:/xampp/htdocs/maternal-care-system/vendor/laravel/framework/src/Illuminate/Pipeline/Pipeline.php(219): Illuminate/Foundation/Http/Middleware/InvokeDeferredCallbacks->handle()
#51 C:/xampp/htdocs/maternal-care-system/vendor/laravel/framework/src/Illuminate/Http/Middleware/ValidatePathEncoding.php(28): Illuminate/Pipeline/Pipeline->{closure:{closure:Illuminate/Pipeline/Pipeline::carry():194}:195}()
#52 C:/xampp/htdocs/maternal-care-system/vendor/laravel/framework/src/Illuminate/Pipeline/Pipeline.php(219): Illuminate/Http/Middleware/ValidatePathEncoding->handle()
#53 C:/xampp/htdocs/maternal-care-system/vendor/laravel/framework/src/Illuminate/Pipeline/Pipeline.php(137): Illuminate/Pipeline/Pipeline->{closure:{closure:Illuminate/Pipeline/Pipeline::carry():194}:195}()
#54 C:/xampp/htdocs/maternal-care-system/vendor/laravel/framework/src/Illuminate/Foundation/Http/Kernel.php(175): Illuminate/Pipeline/Pipeline->then()
#55 C:/xampp/htdocs/maternal-care-system/vendor/laravel/framework/src/Illuminate/Foundation/Http/Kernel.php(144): Illuminate/Foundation/Http/Kernel->sendRequestThroughRouter()
#56 C:/xampp/htdocs/maternal-care-system/vendor/laravel/framework/src/Illuminate/Foundation/Application.php(1220): Illuminate/Foundation/Http/Kernel->handle()
#57 C:/xampp/htdocs/maternal-care-system/public/index.php(20): Illuminate/Foundation/Application->handleRequest()
#58 C:/xampp/htdocs/maternal-care-system/vendor/laravel/framework/src/Illuminate/Foundation/resources/server.php(23): require_once('...')
#59 {main}
"} 
[2026-07-20 09:20:04] local.ERROR: SQLSTATE[HY000] [2002] No connection could be made because the target machine actively refused it (Connection: mysql, Host: 127.0.0.1, Port: 3306, Database: maternal_care_system, SQL: select exists (select 1 from information_schema.tables where table_schema = schema() and table_name = 'migrations' and table_type in ('BASE TABLE', 'SYSTEM VERSIONED')) as `exists`) {"exception":"[object] (Illuminate\\Database\\QueryException(code: 2002): SQLSTATE[HY000] [2002] No connection could be made because the target machine actively refused it (Connection: mysql, Host: 127.0.0.1, Port: 3306, Database: maternal_care_system, SQL: select exists (select 1 from information_schema.tables where table_schema = schema() and table_name = 'migrations' and table_type in ('BASE TABLE', 'SYSTEM VERSIONED')) as `exists`) at C:/xampp/htdocs/maternal-care-system/vendor/laravel/framework/src/Illuminate/Database/Connection.php:857)
[stacktrace]
#0 C:/xampp/htdocs/maternal-care-system/vendor/laravel/framework/src/Illuminate/Database/Connection.php(1037): Illuminate/Database/Connection->runQueryCallback()
#1 C:/xampp/htdocs/maternal-care-system/vendor/laravel/framework/src/Illuminate/Database/Connection.php(1016): Illuminate/Database/Connection->tryAgainIfCausedByLostConnection()
#2 C:/xampp/htdocs/maternal-care-system/vendor/laravel/framework/src/Illuminate/Database/Connection.php(815): Illuminate/Database/Connection->handleQueryException()
#3 C:/xampp/htdocs/maternal-care-system/vendor/laravel/framework/src/Illuminate/Database/Connection.php(426): Illuminate/Database/Connection->run()
#4 C:/xampp/htdocs/maternal-care-system/vendor/laravel/framework/src/Illuminate/Database/Connection.php(371): Illuminate/Database/Connection->select()
#5 C:/xampp/htdocs/maternal-care-system/vendor/laravel/framework/src/Illuminate/Database/Connection.php(388): Illuminate/Database/Connection->selectOne()
#6 C:/xampp/htdocs/maternal-care-system/vendor/laravel/framework/src/Illuminate/Database/Schema/Builder.php(176): Illuminate/Database/Connection->scalar()
#7 C:/xampp/htdocs/maternal-care-system/vendor/laravel/framework/src/Illuminate/Database/Migrations/DatabaseMigrationRepository.php(185): Illuminate/Database/Schema/Builder->hasTable()
#8 C:/xampp/htdocs/maternal-care-system/vendor/laravel/framework/src/Illuminate/Database/Migrations/Migrator.php(797): Illuminate/Database/Migrations/DatabaseMigrationRepository->repositoryExists()
#9 C:/xampp/htdocs/maternal-care-system/vendor/laravel/framework/src/Illuminate/Database/Console/Migrations/MigrateCommand.php(166): Illuminate/Database/Migrations/Migrator->repositoryExists()
#10 C:/xampp/htdocs/maternal-care-system/vendor/laravel/framework/src/Illuminate/Support/helpers.php(328): Illuminate/Database/Console/Migrations/MigrateCommand->{closure:Illuminate/Database/Console/Migrations/MigrateCommand::repositoryExists():166}()
#11 C:/xampp/htdocs/maternal-care-system/vendor/laravel/framework/src/Illuminate/Database/Console/Migrations/MigrateCommand.php(166): retry()
#12 C:/xampp/htdocs/maternal-care-system/vendor/laravel/framework/src/Illuminate/Database/Console/Migrations/MigrateCommand.php(142): Illuminate/Database/Console/Migrations/MigrateCommand->repositoryExists()
#13 C:/xampp/htdocs/maternal-care-system/vendor/laravel/framework/src/Illuminate/Database/Console/Migrations/MigrateCommand.php(112): Illuminate/Database/Console/Migrations/MigrateCommand->prepareDatabase()
#14 C:/xampp/htdocs/maternal-care-system/vendor/laravel/framework/src/Illuminate/Database/Migrations/Migrator.php(672): Illuminate/Database/Console/Migrations/MigrateCommand->{closure:Illuminate/Database/Console/Migrations/MigrateCommand::runMigrations():111}()
#15 C:/xampp/htdocs/maternal-care-system/vendor/laravel/framework/src/Illuminate/Database/Console/Migrations/MigrateCommand.php(111): Illuminate/Database/Migrations/Migrator->usingConnection()
#16 C:/xampp/htdocs/maternal-care-system/vendor/laravel/framework/src/Illuminate/Database/Console/Migrations/MigrateCommand.php(90): Illuminate/Database/Console/Migrations/MigrateCommand->runMigrations()
#17 C:/xampp/htdocs/maternal-care-system/vendor/laravel/framework/src/Illuminate/Container/BoundMethod.php(36): Illuminate/Database/Console/Migrations/MigrateCommand->handle()
#18 C:/xampp/htdocs/maternal-care-system/vendor/laravel/framework/src/Illuminate/Container/Util.php(43): Illuminate/Container/BoundMethod::{closure:Illuminate/Container/BoundMethod::call():35}()
#19 C:/xampp/htdocs/maternal-care-system/vendor/laravel/framework/src/Illuminate/Container/BoundMethod.php(96): Illuminate/Container/Util::unwrapIfClosure()
#20 C:/xampp/htdocs/maternal-care-system/vendor/laravel/framework/src/Illuminate/Container/BoundMethod.php(35): Illuminate/Container/BoundMethod::callBoundMethod()
#21 C:/xampp/htdocs/maternal-care-system/vendor/laravel/framework/src/Illuminate/Container/Container.php(799): Illuminate/Container/BoundMethod::call()
#22 C:/xampp/htdocs/maternal-care-system/vendor/laravel/framework/src/Illuminate/Console/Command.php(280): Illuminate/Container/Container->call()
#23 C:/xampp/htdocs/maternal-care-system/vendor/symfony/console/Command/Command.php(284): Illuminate/Console/Command->execute()
#24 C:/xampp/htdocs/maternal-care-system/vendor/laravel/framework/src/Illuminate/Console/Command.php(249): Symfony/Component/Console/Command/Command->run()
#25 C:/xampp/htdocs/maternal-care-system/vendor/laravel/framework/src/Illuminate/Console/Concerns/CallsCommands.php(68): Illuminate/Console/Command->run()
#26 C:/xampp/htdocs/maternal-care-system/vendor/laravel/framework/src/Illuminate/Console/Concerns/CallsCommands.php(29): Illuminate/Console/Command->runCommand()
#27 C:/xampp/htdocs/maternal-care-system/vendor/laravel/framework/src/Illuminate/Database/Console/Migrations/FreshCommand.php(88): Illuminate/Console/Command->call()
#28 C:/xampp/htdocs/maternal-care-system/vendor/laravel/framework/src/Illuminate/Container/BoundMethod.php(36): Illuminate/Database/Console/Migrations/FreshCommand->handle()
#29 C:/xampp/htdocs/maternal-care-system/vendor/laravel/framework/src/Illuminate/Container/Util.php(43): Illuminate/Container/BoundMethod::{closure:Illuminate/Container/BoundMethod::call():35}()
#30 C:/xampp/htdocs/maternal-care-system/vendor/laravel/framework/src/Illuminate/Container/BoundMethod.php(96): Illuminate/Container/Util::unwrapIfClosure()
#31 C:/xampp/htdocs/maternal-care-system/vendor/laravel/framework/src/Illuminate/Container/BoundMethod.php(35): Illuminate/Container/BoundMethod::callBoundMethod()
#32 C:/xampp/htdocs/maternal-care-system/vendor/laravel/framework/src/Illuminate/Container/Container.php(799): Illuminate/Container/BoundMethod::call()
#33 C:/xampp/htdocs/maternal-care-system/vendor/laravel/framework/src/Illuminate/Console/Command.php(280): Illuminate/Container/Container->call()
#34 C:/xampp/htdocs/maternal-care-system/vendor/symfony/console/Command/Command.php(284): Illuminate/Console/Command->execute()
#35 C:/xampp/htdocs/maternal-care-system/vendor/laravel/framework/src/Illuminate/Console/Command.php(249): Symfony/Component/Console/Command/Command->run()
#36 C:/xampp/htdocs/maternal-care-system/vendor/symfony/console/Application.php(1144): Illuminate/Console/Command->run()
#37 C:/xampp/htdocs/maternal-care-system/vendor/symfony/console/Application.php(379): Symfony/Component/Console/Application->doRunCommand()
#38 C:/xampp/htdocs/maternal-care-system/vendor/symfony/console/Application.php(218): Symfony/Component/Console/Application->doRun()
#39 C:/xampp/htdocs/maternal-care-system/vendor/laravel/framework/src/Illuminate/Foundation/Console/Kernel.php(198): Symfony/Component/Console/Application->run()
#40 C:/xampp/htdocs/maternal-care-system/vendor/laravel/framework/src/Illuminate/Foundation/Application.php(1235): Illuminate/Foundation/Console/Kernel->handle()
#41 C:/xampp/htdocs/maternal-care-system/artisan(16): Illuminate/Foundation/Application->handleCommand()
#42 {main}

[previous exception] [object] (PDOException(code: 2002): SQLSTATE[HY000] [2002] No connection could be made because the target machine actively refused it at C:/xampp/htdocs/maternal-care-system/vendor/laravel/framework/src/Illuminate/Database/Connectors/Connector.php:67)
[stacktrace]
#0 C:/xampp/htdocs/maternal-care-system/vendor/laravel/framework/src/Illuminate/Database/Connectors/Connector.php(67): PDO::connect()
#1 C:/xampp/htdocs/maternal-care-system/vendor/laravel/framework/src/Illuminate/Database/Connectors/Connector.php(85): Illuminate/Database/Connectors/Connector->createPdoConnection()
#2 C:/xampp/htdocs/maternal-care-system/vendor/laravel/framework/src/Illuminate/Database/Connectors/Connector.php(48): Illuminate/Database/Connectors/Connector->tryAgainIfCausedByLostConnection()
#3 C:/xampp/htdocs/maternal-care-system/vendor/laravel/framework/src/Illuminate/Database/Connectors/MySqlConnector.php(24): Illuminate/Database/Connectors/Connector->createConnection()
#4 C:/xampp/htdocs/maternal-care-system/vendor/laravel/framework/src/Illuminate/Database/Connectors/ConnectionFactory.php(220): Illuminate/Database/Connectors/MySqlConnector->connect()
#5 [internal function]: Illuminate/Database/Connectors/ConnectionFactory->{closure:Illuminate/Database/Connectors/ConnectionFactory::createPdoResolverWithHosts():213}()
#6 C:/xampp/htdocs/maternal-care-system/vendor/laravel/framework/src/Illuminate/Database/Connection.php(1297): call_user_func()
#7 C:/xampp/htdocs/maternal-care-system/vendor/laravel/framework/src/Illuminate/Database/Connection.php(1335): Illuminate/Database/Connection->getPdo()
#8 C:/xampp/htdocs/maternal-care-system/vendor/laravel/framework/src/Illuminate/Database/Connection.php(542): Illuminate/Database/Connection->getReadPdo()
#9 C:/xampp/htdocs/maternal-care-system/vendor/laravel/framework/src/Illuminate/Database/Connection.php(435): Illuminate/Database/Connection->getPdoForSelect()
#10 C:/xampp/htdocs/maternal-care-system/vendor/laravel/framework/src/Illuminate/Database/Connection.php(846): Illuminate/Database/Connection->{closure:Illuminate/Database/Connection::select():426}()
#11 C:/xampp/htdocs/maternal-care-system/vendor/laravel/framework/src/Illuminate/Database/Connection.php(1037): Illuminate/Database/Connection->runQueryCallback()
#12 C:/xampp/htdocs/maternal-care-system/vendor/laravel/framework/src/Illuminate/Database/Connection.php(1016): Illuminate/Database/Connection->tryAgainIfCausedByLostConnection()
#13 C:/xampp/htdocs/maternal-care-system/vendor/laravel/framework/src/Illuminate/Database/Connection.php(815): Illuminate/Database/Connection->handleQueryException()
#14 C:/xampp/htdocs/maternal-care-system/vendor/laravel/framework/src/Illuminate/Database/Connection.php(426): Illuminate/Database/Connection->run()
#15 C:/xampp/htdocs/maternal-care-system/vendor/laravel/framework/src/Illuminate/Database/Connection.php(371): Illuminate/Database/Connection->select()
#16 C:/xampp/htdocs/maternal-care-system/vendor/laravel/framework/src/Illuminate/Database/Connection.php(388): Illuminate/Database/Connection->selectOne()
#17 C:/xampp/htdocs/maternal-care-system/vendor/laravel/framework/src/Illuminate/Database/Schema/Builder.php(176): Illuminate/Database/Connection->scalar()
#18 C:/xampp/htdocs/maternal-care-system/vendor/laravel/framework/src/Illuminate/Database/Migrations/DatabaseMigrationRepository.php(185): Illuminate/Database/Schema/Builder->hasTable()
#19 C:/xampp/htdocs/maternal-care-system/vendor/laravel/framework/src/Illuminate/Database/Migrations/Migrator.php(797): Illuminate/Database/Migrations/DatabaseMigrationRepository->repositoryExists()
#20 C:/xampp/htdocs/maternal-care-system/vendor/laravel/framework/src/Illuminate/Database/Console/Migrations/MigrateCommand.php(166): Illuminate/Database/Migrations/Migrator->repositoryExists()
#21 C:/xampp/htdocs/maternal-care-system/vendor/laravel/framework/src/Illuminate/Support/helpers.php(328): Illuminate/Database/Console/Migrations/MigrateCommand->{closure:Illuminate/Database/Console/Migrations/MigrateCommand::repositoryExists():166}()
#22 C:/xampp/htdocs/maternal-care-system/vendor/laravel/framework/src/Illuminate/Database/Console/Migrations/MigrateCommand.php(166): retry()
#23 C:/xampp/htdocs/maternal-care-system/vendor/laravel/framework/src/Illuminate/Database/Console/Migrations/MigrateCommand.php(142): Illuminate/Database/Console/Migrations/MigrateCommand->repositoryExists()
#24 C:/xampp/htdocs/maternal-care-system/vendor/laravel/framework/src/Illuminate/Database/Console/Migrations/MigrateCommand.php(112): Illuminate/Database/Console/Migrations/MigrateCommand->prepareDatabase()
#25 C:/xampp/htdocs/maternal-care-system/vendor/laravel/framework/src/Illuminate/Database/Migrations/Migrator.php(672): Illuminate/Database/Console/Migrations/MigrateCommand->{closure:Illuminate/Database/Console/Migrations/MigrateCommand::runMigrations():111}()
#26 C:/xampp/htdocs/maternal-care-system/vendor/laravel/framework/src/Illuminate/Database/Console/Migrations/MigrateCommand.php(111): Illuminate/Database/Migrations/Migrator->usingConnection()
#27 C:/xampp/htdocs/maternal-care-system/vendor/laravel/framework/src/Illuminate/Database/Console/Migrations/MigrateCommand.php(90): Illuminate/Database/Console/Migrations/MigrateCommand->runMigrations()
#28 C:/xampp/htdocs/maternal-care-system/vendor/laravel/framework/src/Illuminate/Container/BoundMethod.php(36): Illuminate/Database/Console/Migrations/MigrateCommand->handle()
#29 C:/xampp/htdocs/maternal-care-system/vendor/laravel/framework/src/Illuminate/Container/Util.php(43): Illuminate/Container/BoundMethod::{closure:Illuminate/Container/BoundMethod::call():35}()
#30 C:/xampp/htdocs/maternal-care-system/vendor/laravel/framework/src/Illuminate/Container/BoundMethod.php(96): Illuminate/Container/Util::unwrapIfClosure()
#31 C:/xampp/htdocs/maternal-care-system/vendor/laravel/framework/src/Illuminate/Container/BoundMethod.php(35): Illuminate/Container/BoundMethod::callBoundMethod()
#32 C:/xampp/htdocs/maternal-care-system/vendor/laravel/framework/src/Illuminate/Container/Container.php(799): Illuminate/Container/BoundMethod::call()
#33 C:/xampp/htdocs/maternal-care-system/vendor/laravel/framework/src/Illuminate/Console/Command.php(280): Illuminate/Container/Container->call()
#34 C:/xampp/htdocs/maternal-care-system/vendor/symfony/console/Command/Command.php(284): Illuminate/Console/Command->execute()
#35 C:/xampp/htdocs/maternal-care-system/vendor/laravel/framework/src/Illuminate/Console/Command.php(249): Symfony/Component/Console/Command/Command->run()
#36 C:/xampp/htdocs/maternal-care-system/vendor/laravel/framework/src/Illuminate/Console/Concerns/CallsCommands.php(68): Illuminate/Console/Command->run()
#37 C:/xampp/htdocs/maternal-care-system/vendor/laravel/framework/src/Illuminate/Console/Concerns/CallsCommands.php(29): Illuminate/Console/Command->runCommand()
#38 C:/xampp/htdocs/maternal-care-system/vendor/laravel/framework/src/Illuminate/Database/Console/Migrations/FreshCommand.php(88): Illuminate/Console/Command->call()
#39 C:/xampp/htdocs/maternal-care-system/vendor/laravel/framework/src/Illuminate/Container/BoundMethod.php(36): Illuminate/Database/Console/Migrations/FreshCommand->handle()
#40 C:/xampp/htdocs/maternal-care-system/vendor/laravel/framework/src/Illuminate/Container/Util.php(43): Illuminate/Container/BoundMethod::{closure:Illuminate/Container/BoundMethod::call():35}()
#41 C:/xampp/htdocs/maternal-care-system/vendor/laravel/framework/src/Illuminate/Container/BoundMethod.php(96): Illuminate/Container/Util::unwrapIfClosure()
#42 C:/xampp/htdocs/maternal-care-system/vendor/laravel/framework/src/Illuminate/Container/BoundMethod.php(35): Illuminate/Container/BoundMethod::callBoundMethod()
#43 C:/xampp/htdocs/maternal-care-system/vendor/laravel/framework/src/Illuminate/Container/Container.php(799): Illuminate/Container/BoundMethod::call()
#44 C:/xampp/htdocs/maternal-care-system/vendor/laravel/framework/src/Illuminate/Console/Command.php(280): Illuminate/Container/Container->call()
#45 C:/xampp/htdocs/maternal-care-system/vendor/symfony/console/Command/Command.php(284): Illuminate/Console/Command->execute()
#46 C:/xampp/htdocs/maternal-care-system/vendor/laravel/framework/src/Illuminate/Console/Command.php(249): Symfony/Component/Console/Command/Command->run()
#47 C:/xampp/htdocs/maternal-care-system/vendor/symfony/console/Application.php(1144): Illuminate/Console/Command->run()
#48 C:/xampp/htdocs/maternal-care-system/vendor/symfony/console/Application.php(379): Symfony/Component/Console/Application->doRunCommand()
#49 C:/xampp/htdocs/maternal-care-system/vendor/symfony/console/Application.php(218): Symfony/Component/Console/Application->doRun()
#50 C:/xampp/htdocs/maternal-care-system/vendor/laravel/framework/src/Illuminate/Foundation/Console/Kernel.php(198): Symfony/Component/Console/Application->run()
#51 C:/xampp/htdocs/maternal-care-system/vendor/laravel/framework/src/Illuminate/Foundation/Application.php(1235): Illuminate/Foundation/Console/Kernel->handle()
#52 C:/xampp/htdocs/maternal-care-system/artisan(16): Illuminate/Foundation/Application->handleCommand()
#53 {main}
"} 
[2026-07-20 09:22:22] local.ERROR: SQLSTATE[42S21]: Column already exists: 1060 Duplicate column name 'role' (Connection: mysql, Host: 127.0.0.1, Port: 3306, Database: maternal_care_system, SQL: alter table `users` add `role` enum('admin', 'midwife', 'mother') not null default 'mother' after `password`) {"exception":"[object] (Illuminate\\Database\\QueryException(code: 42S21): SQLSTATE[42S21]: Column already exists: 1060 Duplicate column name 'role' (Connection: mysql, Host: 127.0.0.1, Port: 3306, Database: maternal_care_system, SQL: alter table `users` add `role` enum('admin', 'midwife', 'mother') not null default 'mother' after `password`) at C:/xampp/htdocs/maternal-care-system/vendor/laravel/framework/src/Illuminate/Database/Connection.php:857)
[stacktrace]
#0 C:/xampp/htdocs/maternal-care-system/vendor/laravel/framework/src/Illuminate/Database/Connection.php(813): Illuminate/Database/Connection->runQueryCallback()
#1 C:/xampp/htdocs/maternal-care-system/vendor/laravel/framework/src/Illuminate/Database/Connection.php(590): Illuminate/Database/Connection->run()
#2 C:/xampp/htdocs/maternal-care-system/vendor/laravel/framework/src/Illuminate/Database/Schema/Blueprint.php(122): Illuminate/Database/Connection->statement()
#3 C:/xampp/htdocs/maternal-care-system/vendor/laravel/framework/src/Illuminate/Database/Schema/Builder.php(702): Illuminate/Database/Schema/Blueprint->build()
#4 C:/xampp/htdocs/maternal-care-system/vendor/laravel/framework/src/Illuminate/Database/Schema/Builder.php(508): Illuminate/Database/Schema/Builder->build()
#5 C:/xampp/htdocs/maternal-care-system/vendor/laravel/framework/src/Illuminate/Support/Facades/Facade.php(363): Illuminate/Database/Schema/Builder->table()
#6 C:/xampp/htdocs/maternal-care-system/database/migrations/2026_07_18_083643_add_role_to_users_table.php(14): Illuminate/Support/Facades/Facade::__callStatic()
#7 C:/xampp/htdocs/maternal-care-system/vendor/laravel/framework/src/Illuminate/Database/Migrations/Migrator.php(517): Illuminate/Database/Migrations/Migration@anonymous->up()
#8 C:/xampp/htdocs/maternal-care-system/vendor/laravel/framework/src/Illuminate/Database/Migrations/Migrator.php(442): Illuminate/Database/Migrations/Migrator->runMethod()
#9 C:/xampp/htdocs/maternal-care-system/vendor/laravel/framework/src/Illuminate/Database/Migrations/Migrator.php(451): Illuminate/Database/Migrations/Migrator->{closure:Illuminate/Database/Migrations/Migrator::runMigration():438}()
#10 C:/xampp/htdocs/maternal-care-system/vendor/laravel/framework/src/Illuminate/Database/Migrations/Migrator.php(253): Illuminate/Database/Migrations/Migrator->runMigration()
#11 C:/xampp/htdocs/maternal-care-system/vendor/laravel/framework/src/Illuminate/Console/View/Components/Task.php(43): Illuminate/Database/Migrations/Migrator->{closure:Illuminate/Database/Migrations/Migrator::runUp():253}()
#12 C:/xampp/htdocs/maternal-care-system/vendor/laravel/framework/src/Illuminate/Database/Migrations/Migrator.php(853): Illuminate/Console/View/Components/Task->render()
#13 C:/xampp/htdocs/maternal-care-system/vendor/laravel/framework/src/Illuminate/Database/Migrations/Migrator.php(253): Illuminate/Database/Migrations/Migrator->write()
#14 C:/xampp/htdocs/maternal-care-system/vendor/laravel/framework/src/Illuminate/Database/Migrations/Migrator.php(211): Illuminate/Database/Migrations/Migrator->runUp()
#15 C:/xampp/htdocs/maternal-care-system/vendor/laravel/framework/src/Illuminate/Database/Migrations/Migrator.php(138): Illuminate/Database/Migrations/Migrator->runPending()
#16 C:/xampp/htdocs/maternal-care-system/vendor/laravel/framework/src/Illuminate/Database/Console/Migrations/MigrateCommand.php(118): Illuminate/Database/Migrations/Migrator->run()
#17 C:/xampp/htdocs/maternal-care-system/vendor/laravel/framework/src/Illuminate/Database/Migrations/Migrator.php(672): Illuminate/Database/Console/Migrations/MigrateCommand->{closure:Illuminate/Database/Console/Migrations/MigrateCommand::runMigrations():111}()
#18 C:/xampp/htdocs/maternal-care-system/vendor/laravel/framework/src/Illuminate/Database/Console/Migrations/MigrateCommand.php(111): Illuminate/Database/Migrations/Migrator->usingConnection()
#19 C:/xampp/htdocs/maternal-care-system/vendor/laravel/framework/src/Illuminate/Database/Console/Migrations/MigrateCommand.php(90): Illuminate/Database/Console/Migrations/MigrateCommand->runMigrations()
#20 C:/xampp/htdocs/maternal-care-system/vendor/laravel/framework/src/Illuminate/Container/BoundMethod.php(36): Illuminate/Database/Console/Migrations/MigrateCommand->handle()
#21 C:/xampp/htdocs/maternal-care-system/vendor/laravel/framework/src/Illuminate/Container/Util.php(43): Illuminate/Container/BoundMethod::{closure:Illuminate/Container/BoundMethod::call():35}()
#22 C:/xampp/htdocs/maternal-care-system/vendor/laravel/framework/src/Illuminate/Container/BoundMethod.php(96): Illuminate/Container/Util::unwrapIfClosure()
#23 C:/xampp/htdocs/maternal-care-system/vendor/laravel/framework/src/Illuminate/Container/BoundMethod.php(35): Illuminate/Container/BoundMethod::callBoundMethod()
#24 C:/xampp/htdocs/maternal-care-system/vendor/laravel/framework/src/Illuminate/Container/Container.php(799): Illuminate/Container/BoundMethod::call()
#25 C:/xampp/htdocs/maternal-care-system/vendor/laravel/framework/src/Illuminate/Console/Command.php(280): Illuminate/Container/Container->call()
#26 C:/xampp/htdocs/maternal-care-system/vendor/symfony/console/Command/Command.php(284): Illuminate/Console/Command->execute()
#27 C:/xampp/htdocs/maternal-care-system/vendor/laravel/framework/src/Illuminate/Console/Command.php(249): Symfony/Component/Console/Command/Command->run()
#28 C:/xampp/htdocs/maternal-care-system/vendor/laravel/framework/src/Illuminate/Console/Concerns/CallsCommands.php(68): Illuminate/Console/Command->run()
#29 C:/xampp/htdocs/maternal-care-system/vendor/laravel/framework/src/Illuminate/Console/Concerns/CallsCommands.php(29): Illuminate/Console/Command->runCommand()
#30 C:/xampp/htdocs/maternal-care-system/vendor/laravel/framework/src/Illuminate/Database/Console/Migrations/FreshCommand.php(88): Illuminate/Console/Command->call()
#31 C:/xampp/htdocs/maternal-care-system/vendor/laravel/framework/src/Illuminate/Container/BoundMethod.php(36): Illuminate/Database/Console/Migrations/FreshCommand->handle()
#32 C:/xampp/htdocs/maternal-care-system/vendor/laravel/framework/src/Illuminate/Container/Util.php(43): Illuminate/Container/BoundMethod::{closure:Illuminate/Container/BoundMethod::call():35}()
#33 C:/xampp/htdocs/maternal-care-system/vendor/laravel/framework/src/Illuminate/Container/BoundMethod.php(96): Illuminate/Container/Util::unwrapIfClosure()
#34 C:/xampp/htdocs/maternal-care-system/vendor/laravel/framework/src/Illuminate/Container/BoundMethod.php(35): Illuminate/Container/BoundMethod::callBoundMethod()
#35 C:/xampp/htdocs/maternal-care-system/vendor/laravel/framework/src/Illuminate/Container/Container.php(799): Illuminate/Container/BoundMethod::call()
#36 C:/xampp/htdocs/maternal-care-system/vendor/laravel/framework/src/Illuminate/Console/Command.php(280): Illuminate/Container/Container->call()
#37 C:/xampp/htdocs/maternal-care-system/vendor/symfony/console/Command/Command.php(284): Illuminate/Console/Command->execute()
#38 C:/xampp/htdocs/maternal-care-system/vendor/laravel/framework/src/Illuminate/Console/Command.php(249): Symfony/Component/Console/Command/Command->run()
#39 C:/xampp/htdocs/maternal-care-system/vendor/symfony/console/Application.php(1144): Illuminate/Console/Command->run()
#40 C:/xampp/htdocs/maternal-care-system/vendor/symfony/console/Application.php(379): Symfony/Component/Console/Application->doRunCommand()
#41 C:/xampp/htdocs/maternal-care-system/vendor/symfony/console/Application.php(218): Symfony/Component/Console/Application->doRun()
#42 C:/xampp/htdocs/maternal-care-system/vendor/laravel/framework/src/Illuminate/Foundation/Console/Kernel.php(198): Symfony/Component/Console/Application->run()
#43 C:/xampp/htdocs/maternal-care-system/vendor/laravel/framework/src/Illuminate/Foundation/Application.php(1235): Illuminate/Foundation/Console/Kernel->handle()
#44 C:/xampp/htdocs/maternal-care-system/artisan(16): Illuminate/Foundation/Application->handleCommand()
#45 {main}

[previous exception] [object] (PDOException(code: 42S21): SQLSTATE[42S21]: Column already exists: 1060 Duplicate column name 'role' at C:/xampp/htdocs/maternal-care-system/vendor/laravel/framework/src/Illuminate/Database/Connection.php:601)
[stacktrace]
#0 C:/xampp/htdocs/maternal-care-system/vendor/laravel/framework/src/Illuminate/Database/Connection.php(601): PDOStatement->execute()
#1 C:/xampp/htdocs/maternal-care-system/vendor/laravel/framework/src/Illuminate/Database/Connection.php(846): Illuminate/Database/Connection->{closure:Illuminate/Database/Connection::statement():590}()
#2 C:/xampp/htdocs/maternal-care-system/vendor/laravel/framework/src/Illuminate/Database/Connection.php(813): Illuminate/Database/Connection->runQueryCallback()
#3 C:/xampp/htdocs/maternal-care-system/vendor/laravel/framework/src/Illuminate/Database/Connection.php(590): Illuminate/Database/Connection->run()
#4 C:/xampp/htdocs/maternal-care-system/vendor/laravel/framework/src/Illuminate/Database/Schema/Blueprint.php(122): Illuminate/Database/Connection->statement()
#5 C:/xampp/htdocs/maternal-care-system/vendor/laravel/framework/src/Illuminate/Database/Schema/Builder.php(702): Illuminate/Database/Schema/Blueprint->build()
#6 C:/xampp/htdocs/maternal-care-system/vendor/laravel/framework/src/Illuminate/Database/Schema/Builder.php(508): Illuminate/Database/Schema/Builder->build()
#7 C:/xampp/htdocs/maternal-care-system/vendor/laravel/framework/src/Illuminate/Support/Facades/Facade.php(363): Illuminate/Database/Schema/Builder->table()
#8 C:/xampp/htdocs/maternal-care-system/database/migrations/2026_07_18_083643_add_role_to_users_table.php(14): Illuminate/Support/Facades/Facade::__callStatic()
#9 C:/xampp/htdocs/maternal-care-system/vendor/laravel/framework/src/Illuminate/Database/Migrations/Migrator.php(517): Illuminate/Database/Migrations/Migration@anonymous->up()
#10 C:/xampp/htdocs/maternal-care-system/vendor/laravel/framework/src/Illuminate/Database/Migrations/Migrator.php(442): Illuminate/Database/Migrations/Migrator->runMethod()
#11 C:/xampp/htdocs/maternal-care-system/vendor/laravel/framework/src/Illuminate/Database/Migrations/Migrator.php(451): Illuminate/Database/Migrations/Migrator->{closure:Illuminate/Database/Migrations/Migrator::runMigration():438}()
#12 C:/xampp/htdocs/maternal-care-system/vendor/laravel/framework/src/Illuminate/Database/Migrations/Migrator.php(253): Illuminate/Database/Migrations/Migrator->runMigration()
#13 C:/xampp/htdocs/maternal-care-system/vendor/laravel/framework/src/Illuminate/Console/View/Components/Task.php(43): Illuminate/Database/Migrations/Migrator->{closure:Illuminate/Database/Migrations/Migrator::runUp():253}()
#14 C:/xampp/htdocs/maternal-care-system/vendor/laravel/framework/src/Illuminate/Database/Migrations/Migrator.php(853): Illuminate/Console/View/Components/Task->render()
#15 C:/xampp/htdocs/maternal-care-system/vendor/laravel/framework/src/Illuminate/Database/Migrations/Migrator.php(253): Illuminate/Database/Migrations/Migrator->write()
#16 C:/xampp/htdocs/maternal-care-system/vendor/laravel/framework/src/Illuminate/Database/Migrations/Migrator.php(211): Illuminate/Database/Migrations/Migrator->runUp()
#17 C:/xampp/htdocs/maternal-care-system/vendor/laravel/framework/src/Illuminate/Database/Migrations/Migrator.php(138): Illuminate/Database/Migrations/Migrator->runPending()
#18 C:/xampp/htdocs/maternal-care-system/vendor/laravel/framework/src/Illuminate/Database/Console/Migrations/MigrateCommand.php(118): Illuminate/Database/Migrations/Migrator->run()
#19 C:/xampp/htdocs/maternal-care-system/vendor/laravel/framework/src/Illuminate/Database/Migrations/Migrator.php(672): Illuminate/Database/Console/Migrations/MigrateCommand->{closure:Illuminate/Database/Console/Migrations/MigrateCommand::runMigrations():111}()
#20 C:/xampp/htdocs/maternal-care-system/vendor/laravel/framework/src/Illuminate/Database/Console/Migrations/MigrateCommand.php(111): Illuminate/Database/Migrations/Migrator->usingConnection()
#21 C:/xampp/htdocs/maternal-care-system/vendor/laravel/framework/src/Illuminate/Database/Console/Migrations/MigrateCommand.php(90): Illuminate/Database/Console/Migrations/MigrateCommand->runMigrations()
#22 C:/xampp/htdocs/maternal-care-system/vendor/laravel/framework/src/Illuminate/Container/BoundMethod.php(36): Illuminate/Database/Console/Migrations/MigrateCommand->handle()
#23 C:/xampp/htdocs/maternal-care-system/vendor/laravel/framework/src/Illuminate/Container/Util.php(43): Illuminate/Container/BoundMethod::{closure:Illuminate/Container/BoundMethod::call():35}()
#24 C:/xampp/htdocs/maternal-care-system/vendor/laravel/framework/src/Illuminate/Container/BoundMethod.php(96): Illuminate/Container/Util::unwrapIfClosure()
#25 C:/xampp/htdocs/maternal-care-system/vendor/laravel/framework/src/Illuminate/Container/BoundMethod.php(35): Illuminate/Container/BoundMethod::callBoundMethod()
#26 C:/xampp/htdocs/maternal-care-system/vendor/laravel/framework/src/Illuminate/Container/Container.php(799): Illuminate/Container/BoundMethod::call()
#27 C:/xampp/htdocs/maternal-care-system/vendor/laravel/framework/src/Illuminate/Console/Command.php(280): Illuminate/Container/Container->call()
#28 C:/xampp/htdocs/maternal-care-system/vendor/symfony/console/Command/Command.php(284): Illuminate/Console/Command->execute()
#29 C:/xampp/htdocs/maternal-care-system/vendor/laravel/framework/src/Illuminate/Console/Command.php(249): Symfony/Component/Console/Command/Command->run()
#30 C:/xampp/htdocs/maternal-care-system/vendor/laravel/framework/src/Illuminate/Console/Concerns/CallsCommands.php(68): Illuminate/Console/Command->run()
#31 C:/xampp/htdocs/maternal-care-system/vendor/laravel/framework/src/Illuminate/Console/Concerns/CallsCommands.php(29): Illuminate/Console/Command->runCommand()
#32 C:/xampp/htdocs/maternal-care-system/vendor/laravel/framework/src/Illuminate/Database/Console/Migrations/FreshCommand.php(88): Illuminate/Console/Command->call()
#33 C:/xampp/htdocs/maternal-care-system/vendor/laravel/framework/src/Illuminate/Container/BoundMethod.php(36): Illuminate/Database/Console/Migrations/FreshCommand->handle()
#34 C:/xampp/htdocs/maternal-care-system/vendor/laravel/framework/src/Illuminate/Container/Util.php(43): Illuminate/Container/BoundMethod::{closure:Illuminate/Container/BoundMethod::call():35}()
#35 C:/xampp/htdocs/maternal-care-system/vendor/laravel/framework/src/Illuminate/Container/BoundMethod.php(96): Illuminate/Container/Util::unwrapIfClosure()
#36 C:/xampp/htdocs/maternal-care-system/vendor/laravel/framework/src/Illuminate/Container/BoundMethod.php(35): Illuminate/Container/BoundMethod::callBoundMethod()
#37 C:/xampp/htdocs/maternal-care-system/vendor/laravel/framework/src/Illuminate/Container/Container.php(799): Illuminate/Container/BoundMethod::call()
#38 C:/xampp/htdocs/maternal-care-system/vendor/laravel/framework/src/Illuminate/Console/Command.php(280): Illuminate/Container/Container->call()
#39 C:/xampp/htdocs/maternal-care-system/vendor/symfony/console/Command/Command.php(284): Illuminate/Console/Command->execute()
#40 C:/xampp/htdocs/maternal-care-system/vendor/laravel/framework/src/Illuminate/Console/Command.php(249): Symfony/Component/Console/Command/Command->run()
#41 C:/xampp/htdocs/maternal-care-system/vendor/symfony/console/Application.php(1144): Illuminate/Console/Command->run()
#42 C:/xampp/htdocs/maternal-care-system/vendor/symfony/console/Application.php(379): Symfony/Component/Console/Application->doRunCommand()
#43 C:/xampp/htdocs/maternal-care-system/vendor/symfony/console/Application.php(218): Symfony/Component/Console/Application->doRun()
#44 C:/xampp/htdocs/maternal-care-system/vendor/laravel/framework/src/Illuminate/Foundation/Console/Kernel.php(198): Symfony/Component/Console/Application->run()
#45 C:/xampp/htdocs/maternal-care-system/vendor/laravel/framework/src/Illuminate/Foundation/Application.php(1235): Illuminate/Foundation/Console/Kernel->handle()
#46 C:/xampp/htdocs/maternal-care-system/artisan(16): Illuminate/Foundation/Application->handleCommand()
#47 {main}
"} 
[2026-07-20 09:31:53] local.ERROR: Add [name] to fillable property to allow mass assignment on [App\Models\User]. {"exception":"[object] (Illuminate\\Database\\Eloquent\\MassAssignmentException(code: 0): Add [name] to fillable property to allow mass assignment on [App\\Models\\User]. at C:/xampp/htdocs/maternal-care-system/vendor/laravel/framework/src/Illuminate/Database/Eloquent/Model.php:690)
[stacktrace]
#0 C:/xampp/htdocs/maternal-care-system/vendor/laravel/framework/src/Illuminate/Database/Eloquent/Model.php(779): Illuminate/Database/Eloquent/Model->fill()
#1 C:/xampp/htdocs/maternal-care-system/vendor/laravel/framework/src/Illuminate/Database/Eloquent/Builder.php(1783): Illuminate/Database/Eloquent/Model->newInstance()
#2 C:/xampp/htdocs/maternal-care-system/vendor/laravel/framework/src/Illuminate/Database/Eloquent/Builder.php(1224): Illuminate/Database/Eloquent/Builder->newModelInstance()
#3 C:/xampp/htdocs/maternal-care-system/vendor/laravel/framework/src/Illuminate/Support/Traits/ForwardsCalls.php(23): Illuminate/Database/Eloquent/Builder->create()
#4 C:/xampp/htdocs/maternal-care-system/vendor/laravel/framework/src/Illuminate/Database/Eloquent/Model.php(2831): Illuminate/Database/Eloquent/Model->forwardCallTo()
#5 C:/xampp/htdocs/maternal-care-system/vendor/laravel/framework/src/Illuminate/Database/Eloquent/Model.php(2847): Illuminate/Database/Eloquent/Model->__call()
#6 C:/xampp/htdocs/maternal-care-system/app/Http/Controllers/AuthController.php(26): Illuminate/Database/Eloquent/Model::__callStatic()
#7 C:/xampp/htdocs/maternal-care-system/vendor/laravel/framework/src/Illuminate/Routing/ControllerDispatcher.php(46): App/Http/Controllers/AuthController->register()
#8 C:/xampp/htdocs/maternal-care-system/vendor/laravel/framework/src/Illuminate/Routing/Route.php(276): Illuminate/Routing/ControllerDispatcher->dispatch()
#9 C:/xampp/htdocs/maternal-care-system/vendor/laravel/framework/src/Illuminate/Routing/Route.php(216): Illuminate/Routing/Route->runController()
#10 C:/xampp/htdocs/maternal-care-system/vendor/laravel/framework/src/Illuminate/Routing/Router.php(822): Illuminate/Routing/Route->run()
#11 C:/xampp/htdocs/maternal-care-system/vendor/laravel/framework/src/Illuminate/Pipeline/Pipeline.php(180): Illuminate/Routing/Router->{closure:Illuminate/Routing/Router::runRouteWithinStack():821}()
#12 C:/xampp/htdocs/maternal-care-system/vendor/laravel/framework/src/Illuminate/Routing/Middleware/SubstituteBindings.php(52): Illuminate/Pipeline/Pipeline->{closure:Illuminate/Pipeline/Pipeline::prepareDestination():178}()
#13 C:/xampp/htdocs/maternal-care-system/vendor/laravel/framework/src/Illuminate/Pipeline/Pipeline.php(219): Illuminate/Routing/Middleware/SubstituteBindings->handle()
#14 C:/xampp/htdocs/maternal-care-system/vendor/laravel/framework/src/Illuminate/Foundation/Http/Middleware/PreventRequestForgery.php(104): Illuminate/Pipeline/Pipeline->{closure:{closure:Illuminate/Pipeline/Pipeline::carry():194}:195}()
#15 C:/xampp/htdocs/maternal-care-system/vendor/laravel/framework/src/Illuminate/Pipeline/Pipeline.php(219): Illuminate/Foundation/Http/Middleware/PreventRequestForgery->handle()
#16 C:/xampp/htdocs/maternal-care-system/vendor/laravel/framework/src/Illuminate/View/Middleware/ShareErrorsFromSession.php(48): Illuminate/Pipeline/Pipeline->{closure:{closure:Illuminate/Pipeline/Pipeline::carry():194}:195}()
#17 C:/xampp/htdocs/maternal-care-system/vendor/laravel/framework/src/Illuminate/Pipeline/Pipeline.php(219): Illuminate/View/Middleware/ShareErrorsFromSession->handle()
#18 C:/xampp/htdocs/maternal-care-system/vendor/laravel/framework/src/Illuminate/Session/Middleware/StartSession.php(120): Illuminate/Pipeline/Pipeline->{closure:{closure:Illuminate/Pipeline/Pipeline::carry():194}:195}()
#19 C:/xampp/htdocs/maternal-care-system/vendor/laravel/framework/src/Illuminate/Session/Middleware/StartSession.php(63): Illuminate/Session/Middleware/StartSession->handleStatefulRequest()
#20 C:/xampp/htdocs/maternal-care-system/vendor/laravel/framework/src/Illuminate/Pipeline/Pipeline.php(219): Illuminate/Session/Middleware/StartSession->handle()
#21 C:/xampp/htdocs/maternal-care-system/vendor/laravel/framework/src/Illuminate/Cookie/Middleware/AddQueuedCookiesToResponse.php(36): Illuminate/Pipeline/Pipeline->{closure:{closure:Illuminate/Pipeline/Pipeline::carry():194}:195}()
#22 C:/xampp/htdocs/maternal-care-system/vendor/laravel/framework/src/Illuminate/Pipeline/Pipeline.php(219): Illuminate/Cookie/Middleware/AddQueuedCookiesToResponse->handle()
#23 C:/xampp/htdocs/maternal-care-system/vendor/laravel/framework/src/Illuminate/Cookie/Middleware/EncryptCookies.php(74): Illuminate/Pipeline/Pipeline->{closure:{closure:Illuminate/Pipeline/Pipeline::carry():194}:195}()
#24 C:/xampp/htdocs/maternal-care-system/vendor/laravel/framework/src/Illuminate/Pipeline/Pipeline.php(219): Illuminate/Cookie/Middleware/EncryptCookies->handle()
#25 C:/xampp/htdocs/maternal-care-system/vendor/laravel/framework/src/Illuminate/Pipeline/Pipeline.php(137): Illuminate/Pipeline/Pipeline->{closure:{closure:Illuminate/Pipeline/Pipeline::carry():194}:195}()
#26 C:/xampp/htdocs/maternal-care-system/vendor/laravel/framework/src/Illuminate/Routing/Router.php(821): Illuminate/Pipeline/Pipeline->then()
#27 C:/xampp/htdocs/maternal-care-system/vendor/laravel/framework/src/Illuminate/Routing/Router.php(800): Illuminate/Routing/Router->runRouteWithinStack()
#28 C:/xampp/htdocs/maternal-care-system/vendor/laravel/framework/src/Illuminate/Routing/Router.php(764): Illuminate/Routing/Router->runRoute()
#29 C:/xampp/htdocs/maternal-care-system/vendor/laravel/framework/src/Illuminate/Routing/Router.php(753): Illuminate/Routing/Router->dispatchToRoute()
#30 C:/xampp/htdocs/maternal-care-system/vendor/laravel/framework/src/Illuminate/Foundation/Http/Kernel.php(200): Illuminate/Routing/Router->dispatch()
#31 C:/xampp/htdocs/maternal-care-system/vendor/laravel/framework/src/Illuminate/Pipeline/Pipeline.php(180): Illuminate/Foundation/Http/Kernel->{closure:Illuminate/Foundation/Http/Kernel::dispatchToRouter():197}()
#32 C:/xampp/htdocs/maternal-care-system/vendor/laravel/framework/src/Illuminate/Foundation/Http/Middleware/TransformsRequest.php(21): Illuminate/Pipeline/Pipeline->{closure:Illuminate/Pipeline/Pipeline::prepareDestination():178}()
#33 C:/xampp/htdocs/maternal-care-system/vendor/laravel/framework/src/Illuminate/Foundation/Http/Middleware/ConvertEmptyStringsToNull.php(31): Illuminate/Foundation/Http/Middleware/TransformsRequest->handle()
#34 C:/xampp/htdocs/maternal-care-system/vendor/laravel/framework/src/Illuminate/Pipeline/Pipeline.php(219): Illuminate/Foundation/Http/Middleware/ConvertEmptyStringsToNull->handle()
#35 C:/xampp/htdocs/maternal-care-system/vendor/laravel/framework/src/Illuminate/Foundation/Http/Middleware/TransformsRequest.php(21): Illuminate/Pipeline/Pipeline->{closure:{closure:Illuminate/Pipeline/Pipeline::carry():194}:195}()
#36 C:/xampp/htdocs/maternal-care-system/vendor/laravel/framework/src/Illuminate/Foundation/Http/Middleware/TrimStrings.php(51): Illuminate/Foundation/Http/Middleware/TransformsRequest->handle()
#37 C:/xampp/htdocs/maternal-care-system/vendor/laravel/framework/src/Illuminate/Pipeline/Pipeline.php(219): Illuminate/Foundation/Http/Middleware/TrimStrings->handle()
#38 C:/xampp/htdocs/maternal-care-system/vendor/laravel/framework/src/Illuminate/Http/Middleware/ValidatePostSize.php(27): Illuminate/Pipeline/Pipeline->{closure:{closure:Illuminate/Pipeline/Pipeline::carry():194}:195}()
#39 C:/xampp/htdocs/maternal-care-system/vendor/laravel/framework/src/Illuminate/Pipeline/Pipeline.php(219): Illuminate/Http/Middleware/ValidatePostSize->handle()
#40 C:/xampp/htdocs/maternal-care-system/vendor/laravel/framework/src/Illuminate/Foundation/Http/Middleware/PreventRequestsDuringMaintenance.php(109): Illuminate/Pipeline/Pipeline->{closure:{closure:Illuminate/Pipeline/Pipeline::carry():194}:195}()
#41 C:/xampp/htdocs/maternal-care-system/vendor/laravel/framework/src/Illuminate/Pipeline/Pipeline.php(219): Illuminate/Foundation/Http/Middleware/PreventRequestsDuringMaintenance->handle()
#42 C:/xampp/htdocs/maternal-care-system/vendor/laravel/framework/src/Illuminate/Http/Middleware/HandleCors.php(61): Illuminate/Pipeline/Pipeline->{closure:{closure:Illuminate/Pipeline/Pipeline::carry():194}:195}()
#43 C:/xampp/htdocs/maternal-care-system/vendor/laravel/framework/src/Illuminate/Pipeline/Pipeline.php(219): Illuminate/Http/Middleware/HandleCors->handle()
#44 C:/xampp/htdocs/maternal-care-system/vendor/laravel/framework/src/Illuminate/Http/Middleware/TrustProxies.php(58): Illuminate/Pipeline/Pipeline->{closure:{closure:Illuminate/Pipeline/Pipeline::carry():194}:195}()
#45 C:/xampp/htdocs/maternal-care-system/vendor/laravel/framework/src/Illuminate/Pipeline/Pipeline.php(219): Illuminate/Http/Middleware/TrustProxies->handle()
#46 C:/xampp/htdocs/maternal-care-system/vendor/laravel/framework/src/Illuminate/Foundation/Http/Middleware/InvokeDeferredCallbacks.php(22): Illuminate/Pipeline/Pipeline->{closure:{closure:Illuminate/Pipeline/Pipeline::carry():194}:195}()
#47 C:/xampp/htdocs/maternal-care-system/vendor/laravel/framework/src/Illuminate/Pipeline/Pipeline.php(219): Illuminate/Foundation/Http/Middleware/InvokeDeferredCallbacks->handle()
#48 C:/xampp/htdocs/maternal-care-system/vendor/laravel/framework/src/Illuminate/Http/Middleware/ValidatePathEncoding.php(28): Illuminate/Pipeline/Pipeline->{closure:{closure:Illuminate/Pipeline/Pipeline::carry():194}:195}()
#49 C:/xampp/htdocs/maternal-care-system/vendor/laravel/framework/src/Illuminate/Pipeline/Pipeline.php(219): Illuminate/Http/Middleware/ValidatePathEncoding->handle()
#50 C:/xampp/htdocs/maternal-care-system/vendor/laravel/framework/src/Illuminate/Pipeline/Pipeline.php(137): Illuminate/Pipeline/Pipeline->{closure:{closure:Illuminate/Pipeline/Pipeline::carry():194}:195}()
#51 C:/xampp/htdocs/maternal-care-system/vendor/laravel/framework/src/Illuminate/Foundation/Http/Kernel.php(175): Illuminate/Pipeline/Pipeline->then()
#52 C:/xampp/htdocs/maternal-care-system/vendor/laravel/framework/src/Illuminate/Foundation/Http/Kernel.php(144): Illuminate/Foundation/Http/Kernel->sendRequestThroughRouter()
#53 C:/xampp/htdocs/maternal-care-system/vendor/laravel/framework/src/Illuminate/Foundation/Application.php(1220): Illuminate/Foundation/Http/Kernel->handle()
#54 C:/xampp/htdocs/maternal-care-system/public/index.php(20): Illuminate/Foundation/Application->handleRequest()
#55 C:/xampp/htdocs/maternal-care-system/vendor/laravel/framework/src/Illuminate/Foundation/resources/server.php(23): require_once('...')
#56 {main}
"} 
[2026-07-20 09:32:14] local.ERROR: Maximum execution time of 30 seconds exceeded {"exception":"[object] (Symfony\\Component\\ErrorHandler\\Error\\FatalError(code: 0): Maximum execution time of 30 seconds exceeded at C:/xampp/htdocs/maternal-care-system/storage/framework/views/6c2940e641278e7f311ed545b48e7f4e.php:1)
[stacktrace]
#0 {main}
"} 
[2026-07-20 17:18:08] local.ERROR: Cannot redeclare class App\Http\Controllers\MotherController (previously declared in C:\xampp\htdocs\maternal-care-system\app\Http\Controllers\MotherController.php:12) {"userId":3,"exception":"[object] (Symfony\\Component\\ErrorHandler\\Error\\FatalError(code: 0): Cannot redeclare class App\\Http\\Controllers\\MotherController (previously declared in C:\\xampp\\htdocs\\maternal-care-system\\app\\Http\\Controllers\\MotherController.php:12) at C:/xampp/htdocs/maternal-care-system/app/Models/Midwife.php:13)
[stacktrace]
#0 {main}
"} 
[2026-07-20 17:18:51] local.ERROR: Cannot redeclare class App\Http\Controllers\MotherController (previously declared in C:\xampp\htdocs\maternal-care-system\app\Http\Controllers\MotherController.php:12) {"userId":3,"exception":"[object] (Symfony\\Component\\ErrorHandler\\Error\\FatalError(code: 0): Cannot redeclare class App\\Http\\Controllers\\MotherController (previously declared in C:\\xampp\\htdocs\\maternal-care-system\\app\\Http\\Controllers\\MotherController.php:12) at C:/xampp/htdocs/maternal-care-system/app/Models/Midwife.php:13)
[stacktrace]
#0 {main}
"} 
[2026-07-20 17:19:00] local.ERROR: Cannot redeclare class App\Http\Controllers\MotherController (previously declared in C:\xampp\htdocs\maternal-care-system\app\Http\Controllers\MotherController.php:12) {"userId":3,"exception":"[object] (Symfony\\Component\\ErrorHandler\\Error\\FatalError(code: 0): Cannot redeclare class App\\Http\\Controllers\\MotherController (previously declared in C:\\xampp\\htdocs\\maternal-care-system\\app\\Http\\Controllers\\MotherController.php:12) at C:/xampp/htdocs/maternal-care-system/app/Models/Midwife.php:13)
[stacktrace]
#0 {main}
"} 
[2026-07-21 03:45:47] local.ERROR: Attempt to read property "id" on null {"exception":"[object] (ErrorException(code: 0): Attempt to read property \"id\" on null at C:/xampp/htdocs/maternal-care-system/app/Http/Controllers/MidwifeController.php:15)
[stacktrace]
#0 C:/xampp/htdocs/maternal-care-system/vendor/laravel/framework/src/Illuminate/Foundation/Bootstrap/HandleExceptions.php(263): Illuminate/Foundation/Bootstrap/HandleExceptions->handleError()
#1 C:/xampp/htdocs/maternal-care-system/app/Http/Controllers/MidwifeController.php(15): Illuminate/Foundation/Bootstrap/HandleExceptions->{closure:Illuminate/Foundation/Bootstrap/HandleExceptions::forwardsTo():262}()
#2 C:/xampp/htdocs/maternal-care-system/vendor/laravel/framework/src/Illuminate/Routing/ControllerDispatcher.php(46): App/Http/Controllers/MidwifeController->dashboard()
#3 C:/xampp/htdocs/maternal-care-system/vendor/laravel/framework/src/Illuminate/Routing/Route.php(276): Illuminate/Routing/ControllerDispatcher->dispatch()
#4 C:/xampp/htdocs/maternal-care-system/vendor/laravel/framework/src/Illuminate/Routing/Route.php(216): Illuminate/Routing/Route->runController()
#5 C:/xampp/htdocs/maternal-care-system/vendor/laravel/framework/src/Illuminate/Routing/Router.php(822): Illuminate/Routing/Route->run()
#6 C:/xampp/htdocs/maternal-care-system/vendor/laravel/framework/src/Illuminate/Pipeline/Pipeline.php(180): Illuminate/Routing/Router->{closure:Illuminate/Routing/Router::runRouteWithinStack():821}()
#7 C:/xampp/htdocs/maternal-care-system/vendor/laravel/framework/src/Illuminate/Routing/Middleware/SubstituteBindings.php(52): Illuminate/Pipeline/Pipeline->{closure:Illuminate/Pipeline/Pipeline::prepareDestination():178}()
#8 C:/xampp/htdocs/maternal-care-system/vendor/laravel/framework/src/Illuminate/Pipeline/Pipeline.php(219): Illuminate/Routing/Middleware/SubstituteBindings->handle()
#9 C:/xampp/htdocs/maternal-care-system/vendor/laravel/framework/src/Illuminate/Foundation/Http/Middleware/PreventRequestForgery.php(104): Illuminate/Pipeline/Pipeline->{closure:{closure:Illuminate/Pipeline/Pipeline::carry():194}:195}()
#10 C:/xampp/htdocs/maternal-care-system/vendor/laravel/framework/src/Illuminate/Pipeline/Pipeline.php(219): Illuminate/Foundation/Http/Middleware/PreventRequestForgery->handle()
#11 C:/xampp/htdocs/maternal-care-system/vendor/laravel/framework/src/Illuminate/View/Middleware/ShareErrorsFromSession.php(48): Illuminate/Pipeline/Pipeline->{closure:{closure:Illuminate/Pipeline/Pipeline::carry():194}:195}()
#12 C:/xampp/htdocs/maternal-care-system/vendor/laravel/framework/src/Illuminate/Pipeline/Pipeline.php(219): Illuminate/View/Middleware/ShareErrorsFromSession->handle()
#13 C:/xampp/htdocs/maternal-care-system/vendor/laravel/framework/src/Illuminate/Session/Middleware/StartSession.php(120): Illuminate/Pipeline/Pipeline->{closure:{closure:Illuminate/Pipeline/Pipeline::carry():194}:195}()
#14 C:/xampp/htdocs/maternal-care-system/vendor/laravel/framework/src/Illuminate/Session/Middleware/StartSession.php(63): Illuminate/Session/Middleware/StartSession->handleStatefulRequest()
#15 C:/xampp/htdocs/maternal-care-system/vendor/laravel/framework/src/Illuminate/Pipeline/Pipeline.php(219): Illuminate/Session/Middleware/StartSession->handle()
#16 C:/xampp/htdocs/maternal-care-system/vendor/laravel/framework/src/Illuminate/Cookie/Middleware/AddQueuedCookiesToResponse.php(36): Illuminate/Pipeline/Pipeline->{closure:{closure:Illuminate/Pipeline/Pipeline::carry():194}:195}()
#17 C:/xampp/htdocs/maternal-care-system/vendor/laravel/framework/src/Illuminate/Pipeline/Pipeline.php(219): Illuminate/Cookie/Middleware/AddQueuedCookiesToResponse->handle()
#18 C:/xampp/htdocs/maternal-care-system/vendor/laravel/framework/src/Illuminate/Cookie/Middleware/EncryptCookies.php(74): Illuminate/Pipeline/Pipeline->{closure:{closure:Illuminate/Pipeline/Pipeline::carry():194}:195}()
#19 C:/xampp/htdocs/maternal-care-system/vendor/laravel/framework/src/Illuminate/Pipeline/Pipeline.php(219): Illuminate/Cookie/Middleware/EncryptCookies->handle()
#20 C:/xampp/htdocs/maternal-care-system/vendor/laravel/framework/src/Illuminate/Pipeline/Pipeline.php(137): Illuminate/Pipeline/Pipeline->{closure:{closure:Illuminate/Pipeline/Pipeline::carry():194}:195}()
#21 C:/xampp/htdocs/maternal-care-system/vendor/laravel/framework/src/Illuminate/Routing/Router.php(821): Illuminate/Pipeline/Pipeline->then()
#22 C:/xampp/htdocs/maternal-care-system/vendor/laravel/framework/src/Illuminate/Routing/Router.php(800): Illuminate/Routing/Router->runRouteWithinStack()
#23 C:/xampp/htdocs/maternal-care-system/vendor/laravel/framework/src/Illuminate/Routing/Router.php(764): Illuminate/Routing/Router->runRoute()
#24 C:/xampp/htdocs/maternal-care-system/vendor/laravel/framework/src/Illuminate/Routing/Router.php(753): Illuminate/Routing/Router->dispatchToRoute()
#25 C:/xampp/htdocs/maternal-care-system/vendor/laravel/framework/src/Illuminate/Foundation/Http/Kernel.php(200): Illuminate/Routing/Router->dispatch()
#26 C:/xampp/htdocs/maternal-care-system/vendor/laravel/framework/src/Illuminate/Pipeline/Pipeline.php(180): Illuminate/Foundation/Http/Kernel->{closure:Illuminate/Foundation/Http/Kernel::dispatchToRouter():197}()
#27 C:/xampp/htdocs/maternal-care-system/vendor/laravel/framework/src/Illuminate/Foundation/Http/Middleware/TransformsRequest.php(21): Illuminate/Pipeline/Pipeline->{closure:Illuminate/Pipeline/Pipeline::prepareDestination():178}()
#28 C:/xampp/htdocs/maternal-care-system/vendor/laravel/framework/src/Illuminate/Foundation/Http/Middleware/ConvertEmptyStringsToNull.php(31): Illuminate/Foundation/Http/Middleware/TransformsRequest->handle()
#29 C:/xampp/htdocs/maternal-care-system/vendor/laravel/framework/src/Illuminate/Pipeline/Pipeline.php(219): Illuminate/Foundation/Http/Middleware/ConvertEmptyStringsToNull->handle()
#30 C:/xampp/htdocs/maternal-care-system/vendor/laravel/framework/src/Illuminate/Foundation/Http/Middleware/TransformsRequest.php(21): Illuminate/Pipeline/Pipeline->{closure:{closure:Illuminate/Pipeline/Pipeline::carry():194}:195}()
#31 C:/xampp/htdocs/maternal-care-system/vendor/laravel/framework/src/Illuminate/Foundation/Http/Middleware/TrimStrings.php(51): Illuminate/Foundation/Http/Middleware/TransformsRequest->handle()
#32 C:/xampp/htdocs/maternal-care-system/vendor/laravel/framework/src/Illuminate/Pipeline/Pipeline.php(219): Illuminate/Foundation/Http/Middleware/TrimStrings->handle()
#33 C:/xampp/htdocs/maternal-care-system/vendor/laravel/framework/src/Illuminate/Http/Middleware/ValidatePostSize.php(27): Illuminate/Pipeline/Pipeline->{closure:{closure:Illuminate/Pipeline/Pipeline::carry():194}:195}()
#34 C:/xampp/htdocs/maternal-care-system/vendor/laravel/framework/src/Illuminate/Pipeline/Pipeline.php(219): Illuminate/Http/Middleware/ValidatePostSize->handle()
#35 C:/xampp/htdocs/maternal-care-system/vendor/laravel/framework/src/Illuminate/Foundation/Http/Middleware/PreventRequestsDuringMaintenance.php(109): Illuminate/Pipeline/Pipeline->{closure:{closure:Illuminate/Pipeline/Pipeline::carry():194}:195}()
#36 C:/xampp/htdocs/maternal-care-system/vendor/laravel/framework/src/Illuminate/Pipeline/Pipeline.php(219): Illuminate/Foundation/Http/Middleware/PreventRequestsDuringMaintenance->handle()
#37 C:/xampp/htdocs/maternal-care-system/vendor/laravel/framework/src/Illuminate/Http/Middleware/HandleCors.php(61): Illuminate/Pipeline/Pipeline->{closure:{closure:Illuminate/Pipeline/Pipeline::carry():194}:195}()
#38 C:/xampp/htdocs/maternal-care-system/vendor/laravel/framework/src/Illuminate/Pipeline/Pipeline.php(219): Illuminate/Http/Middleware/HandleCors->handle()
#39 C:/xampp/htdocs/maternal-care-system/vendor/laravel/framework/src/Illuminate/Http/Middleware/TrustProxies.php(58): Illuminate/Pipeline/Pipeline->{closure:{closure:Illuminate/Pipeline/Pipeline::carry():194}:195}()
#40 C:/xampp/htdocs/maternal-care-system/vendor/laravel/framework/src/Illuminate/Pipeline/Pipeline.php(219): Illuminate/Http/Middleware/TrustProxies->handle()
#41 C:/xampp/htdocs/maternal-care-system/vendor/laravel/framework/src/Illuminate/Foundation/Http/Middleware/InvokeDeferredCallbacks.php(22): Illuminate/Pipeline/Pipeline->{closure:{closure:Illuminate/Pipeline/Pipeline::carry():194}:195}()
#42 C:/xampp/htdocs/maternal-care-system/vendor/laravel/framework/src/Illuminate/Pipeline/Pipeline.php(219): Illuminate/Foundation/Http/Middleware/InvokeDeferredCallbacks->handle()
#43 C:/xampp/htdocs/maternal-care-system/vendor/laravel/framework/src/Illuminate/Http/Middleware/ValidatePathEncoding.php(28): Illuminate/Pipeline/Pipeline->{closure:{closure:Illuminate/Pipeline/Pipeline::carry():194}:195}()
#44 C:/xampp/htdocs/maternal-care-system/vendor/laravel/framework/src/Illuminate/Pipeline/Pipeline.php(219): Illuminate/Http/Middleware/ValidatePathEncoding->handle()
#45 C:/xampp/htdocs/maternal-care-system/vendor/laravel/framework/src/Illuminate/Pipeline/Pipeline.php(137): Illuminate/Pipeline/Pipeline->{closure:{closure:Illuminate/Pipeline/Pipeline::carry():194}:195}()
#46 C:/xampp/htdocs/maternal-care-system/vendor/laravel/framework/src/Illuminate/Foundation/Http/Kernel.php(175): Illuminate/Pipeline/Pipeline->then()
#47 C:/xampp/htdocs/maternal-care-system/vendor/laravel/framework/src/Illuminate/Foundation/Http/Kernel.php(144): Illuminate/Foundation/Http/Kernel->sendRequestThroughRouter()
#48 C:/xampp/htdocs/maternal-care-system/vendor/laravel/framework/src/Illuminate/Foundation/Application.php(1220): Illuminate/Foundation/Http/Kernel->handle()
#49 C:/xampp/htdocs/maternal-care-system/public/index.php(20): Illuminate/Foundation/Application->handleRequest()
#50 C:/xampp/htdocs/maternal-care-system/vendor/laravel/framework/src/Illuminate/Foundation/resources/server.php(23): require_once('...')
#51 {main}
"} 
[2026-07-21 05:01:11] local.ERROR: Undefined variable $mother (View: C:\xampp\htdocs\maternal-care-system\resources\views\midwife\visits.blade.php) {"userId":1,"exception":"[object] (Illuminate\\View\\ViewException(code: 0): Undefined variable $mother (View: C:\\xampp\\htdocs\\maternal-care-system\\resources\\views\\midwife\\visits.blade.php) at C:/xampp/htdocs/maternal-care-system/storage/framework/views/b2e3f3a6667759a21daf36b9d6d65e01.php:104)
[stacktrace]
#0 C:/xampp/htdocs/maternal-care-system/vendor/laravel/framework/src/Illuminate/View/Engines/PhpEngine.php(59): Illuminate/View/Engines/CompilerEngine->handleViewException()
#1 C:/xampp/htdocs/maternal-care-system/vendor/laravel/framework/src/Illuminate/View/Engines/CompilerEngine.php(76): Illuminate/View/Engines/PhpEngine->evaluatePath()
#2 C:/xampp/htdocs/maternal-care-system/vendor/laravel/framework/src/Illuminate/View/View.php(208): Illuminate/View/Engines/CompilerEngine->get()
#3 C:/xampp/htdocs/maternal-care-system/vendor/laravel/framework/src/Illuminate/View/View.php(191): Illuminate/View/View->getContents()
#4 C:/xampp/htdocs/maternal-care-system/vendor/laravel/framework/src/Illuminate/View/View.php(160): Illuminate/View/View->renderContents()
#5 C:/xampp/htdocs/maternal-care-system/vendor/laravel/framework/src/Illuminate/Http/Response.php(82): Illuminate/View/View->render()
#6 C:/xampp/htdocs/maternal-care-system/vendor/laravel/framework/src/Illuminate/Http/Response.php(40): Illuminate/Http/Response->setContent()
#7 C:/xampp/htdocs/maternal-care-system/vendor/laravel/framework/src/Illuminate/Routing/Router.php(939): Illuminate/Http/Response->__construct()
#8 C:/xampp/htdocs/maternal-care-system/vendor/laravel/framework/src/Illuminate/Routing/Router.php(906): Illuminate/Routing/Router::toResponse()
#9 C:/xampp/htdocs/maternal-care-system/vendor/laravel/framework/src/Illuminate/Routing/Router.php(821): Illuminate/Routing/Router->prepareResponse()
#10 C:/xampp/htdocs/maternal-care-system/vendor/laravel/framework/src/Illuminate/Pipeline/Pipeline.php(180): Illuminate/Routing/Router->{closure:Illuminate/Routing/Router::runRouteWithinStack():821}()
#11 C:/xampp/htdocs/maternal-care-system/vendor/laravel/framework/src/Illuminate/Routing/Middleware/SubstituteBindings.php(52): Illuminate/Pipeline/Pipeline->{closure:Illuminate/Pipeline/Pipeline::prepareDestination():178}()
#12 C:/xampp/htdocs/maternal-care-system/vendor/laravel/framework/src/Illuminate/Pipeline/Pipeline.php(219): Illuminate/Routing/Middleware/SubstituteBindings->handle()
#13 C:/xampp/htdocs/maternal-care-system/vendor/laravel/framework/src/Illuminate/Foundation/Http/Middleware/PreventRequestForgery.php(104): Illuminate/Pipeline/Pipeline->{closure:{closure:Illuminate/Pipeline/Pipeline::carry():194}:195}()
#14 C:/xampp/htdocs/maternal-care-system/vendor/laravel/framework/src/Illuminate/Pipeline/Pipeline.php(219): Illuminate/Foundation/Http/Middleware/PreventRequestForgery->handle()
#15 C:/xampp/htdocs/maternal-care-system/vendor/laravel/framework/src/Illuminate/View/Middleware/ShareErrorsFromSession.php(48): Illuminate/Pipeline/Pipeline->{closure:{closure:Illuminate/Pipeline/Pipeline::carry():194}:195}()
#16 C:/xampp/htdocs/maternal-care-system/vendor/laravel/framework/src/Illuminate/Pipeline/Pipeline.php(219): Illuminate/View/Middleware/ShareErrorsFromSession->handle()
#17 C:/xampp/htdocs/maternal-care-system/vendor/laravel/framework/src/Illuminate/Session/Middleware/StartSession.php(120): Illuminate/Pipeline/Pipeline->{closure:{closure:Illuminate/Pipeline/Pipeline::carry():194}:195}()
#18 C:/xampp/htdocs/maternal-care-system/vendor/laravel/framework/src/Illuminate/Session/Middleware/StartSession.php(63): Illuminate/Session/Middleware/StartSession->handleStatefulRequest()
#19 C:/xampp/htdocs/maternal-care-system/vendor/laravel/framework/src/Illuminate/Pipeline/Pipeline.php(219): Illuminate/Session/Middleware/StartSession->handle()
#20 C:/xampp/htdocs/maternal-care-system/vendor/laravel/framework/src/Illuminate/Cookie/Middleware/AddQueuedCookiesToResponse.php(36): Illuminate/Pipeline/Pipeline->{closure:{closure:Illuminate/Pipeline/Pipeline::carry():194}:195}()
#21 C:/xampp/htdocs/maternal-care-system/vendor/laravel/framework/src/Illuminate/Pipeline/Pipeline.php(219): Illuminate/Cookie/Middleware/AddQueuedCookiesToResponse->handle()
#22 C:/xampp/htdocs/maternal-care-system/vendor/laravel/framework/src/Illuminate/Cookie/Middleware/EncryptCookies.php(74): Illuminate/Pipeline/Pipeline->{closure:{closure:Illuminate/Pipeline/Pipeline::carry():194}:195}()
#23 C:/xampp/htdocs/maternal-care-system/vendor/laravel/framework/src/Illuminate/Pipeline/Pipeline.php(219): Illuminate/Cookie/Middleware/EncryptCookies->handle()
#24 C:/xampp/htdocs/maternal-care-system/vendor/laravel/framework/src/Illuminate/Pipeline/Pipeline.php(137): Illuminate/Pipeline/Pipeline->{closure:{closure:Illuminate/Pipeline/Pipeline::carry():194}:195}()
#25 C:/xampp/htdocs/maternal-care-system/vendor/laravel/framework/src/Illuminate/Routing/Router.php(821): Illuminate/Pipeline/Pipeline->then()
#26 C:/xampp/htdocs/maternal-care-system/vendor/laravel/framework/src/Illuminate/Routing/Router.php(800): Illuminate/Routing/Router->runRouteWithinStack()
#27 C:/xampp/htdocs/maternal-care-system/vendor/laravel/framework/src/Illuminate/Routing/Router.php(764): Illuminate/Routing/Router->runRoute()
#28 C:/xampp/htdocs/maternal-care-system/vendor/laravel/framework/src/Illuminate/Routing/Router.php(753): Illuminate/Routing/Router->dispatchToRoute()
#29 C:/xampp/htdocs/maternal-care-system/vendor/laravel/framework/src/Illuminate/Foundation/Http/Kernel.php(200): Illuminate/Routing/Router->dispatch()
#30 C:/xampp/htdocs/maternal-care-system/vendor/laravel/framework/src/Illuminate/Pipeline/Pipeline.php(180): Illuminate/Foundation/Http/Kernel->{closure:Illuminate/Foundation/Http/Kernel::dispatchToRouter():197}()
#31 C:/xampp/htdocs/maternal-care-system/vendor/laravel/framework/src/Illuminate/Foundation/Http/Middleware/TransformsRequest.php(21): Illuminate/Pipeline/Pipeline->{closure:Illuminate/Pipeline/Pipeline::prepareDestination():178}()
#32 C:/xampp/htdocs/maternal-care-system/vendor/laravel/framework/src/Illuminate/Foundation/Http/Middleware/ConvertEmptyStringsToNull.php(31): Illuminate/Foundation/Http/Middleware/TransformsRequest->handle()
#33 C:/xampp/htdocs/maternal-care-system/vendor/laravel/framework/src/Illuminate/Pipeline/Pipeline.php(219): Illuminate/Foundation/Http/Middleware/ConvertEmptyStringsToNull->handle()
#34 C:/xampp/htdocs/maternal-care-system/vendor/laravel/framework/src/Illuminate/Foundation/Http/Middleware/TransformsRequest.php(21): Illuminate/Pipeline/Pipeline->{closure:{closure:Illuminate/Pipeline/Pipeline::carry():194}:195}()
#35 C:/xampp/htdocs/maternal-care-system/vendor/laravel/framework/src/Illuminate/Foundation/Http/Middleware/TrimStrings.php(51): Illuminate/Foundation/Http/Middleware/TransformsRequest->handle()
#36 C:/xampp/htdocs/maternal-care-system/vendor/laravel/framework/src/Illuminate/Pipeline/Pipeline.php(219): Illuminate/Foundation/Http/Middleware/TrimStrings->handle()
#37 C:/xampp/htdocs/maternal-care-system/vendor/laravel/framework/src/Illuminate/Http/Middleware/ValidatePostSize.php(27): Illuminate/Pipeline/Pipeline->{closure:{closure:Illuminate/Pipeline/Pipeline::carry():194}:195}()
#38 C:/xampp/htdocs/maternal-care-system/vendor/laravel/framework/src/Illuminate/Pipeline/Pipeline.php(219): Illuminate/Http/Middleware/ValidatePostSize->handle()
#39 C:/xampp/htdocs/maternal-care-system/vendor/laravel/framework/src/Illuminate/Foundation/Http/Middleware/PreventRequestsDuringMaintenance.php(109): Illuminate/Pipeline/Pipeline->{closure:{closure:Illuminate/Pipeline/Pipeline::carry():194}:195}()
#40 C:/xampp/htdocs/maternal-care-system/vendor/laravel/framework/src/Illuminate/Pipeline/Pipeline.php(219): Illuminate/Foundation/Http/Middleware/PreventRequestsDuringMaintenance->handle()
#41 C:/xampp/htdocs/maternal-care-system/vendor/laravel/framework/src/Illuminate/Http/Middleware/HandleCors.php(61): Illuminate/Pipeline/Pipeline->{closure:{closure:Illuminate/Pipeline/Pipeline::carry():194}:195}()
#42 C:/xampp/htdocs/maternal-care-system/vendor/laravel/framework/src/Illuminate/Pipeline/Pipeline.php(219): Illuminate/Http/Middleware/HandleCors->handle()
#43 C:/xampp/htdocs/maternal-care-system/vendor/laravel/framework/src/Illuminate/Http/Middleware/TrustProxies.php(58): Illuminate/Pipeline/Pipeline->{closure:{closure:Illuminate/Pipeline/Pipeline::carry():194}:195}()
#44 C:/xampp/htdocs/maternal-care-system/vendor/laravel/framework/src/Illuminate/Pipeline/Pipeline.php(219): Illuminate/Http/Middleware/TrustProxies->handle()
#45 C:/xampp/htdocs/maternal-care-system/vendor/laravel/framework/src/Illuminate/Foundation/Http/Middleware/InvokeDeferredCallbacks.php(22): Illuminate/Pipeline/Pipeline->{closure:{closure:Illuminate/Pipeline/Pipeline::carry():194}:195}()
#46 C:/xampp/htdocs/maternal-care-system/vendor/laravel/framework/src/Illuminate/Pipeline/Pipeline.php(219): Illuminate/Foundation/Http/Middleware/InvokeDeferredCallbacks->handle()
#47 C:/xampp/htdocs/maternal-care-system/vendor/laravel/framework/src/Illuminate/Http/Middleware/ValidatePathEncoding.php(28): Illuminate/Pipeline/Pipeline->{closure:{closure:Illuminate/Pipeline/Pipeline::carry():194}:195}()
#48 C:/xampp/htdocs/maternal-care-system/vendor/laravel/framework/src/Illuminate/Pipeline/Pipeline.php(219): Illuminate/Http/Middleware/ValidatePathEncoding->handle()
#49 C:/xampp/htdocs/maternal-care-system/vendor/laravel/framework/src/Illuminate/Pipeline/Pipeline.php(137): Illuminate/Pipeline/Pipeline->{closure:{closure:Illuminate/Pipeline/Pipeline::carry():194}:195}()
#50 C:/xampp/htdocs/maternal-care-system/vendor/laravel/framework/src/Illuminate/Foundation/Http/Kernel.php(175): Illuminate/Pipeline/Pipeline->then()
#51 C:/xampp/htdocs/maternal-care-system/vendor/laravel/framework/src/Illuminate/Foundation/Http/Kernel.php(144): Illuminate/Foundation/Http/Kernel->sendRequestThroughRouter()
#52 C:/xampp/htdocs/maternal-care-system/vendor/laravel/framework/src/Illuminate/Foundation/Application.php(1220): Illuminate/Foundation/Http/Kernel->handle()
#53 C:/xampp/htdocs/maternal-care-system/public/index.php(20): Illuminate/Foundation/Application->handleRequest()
#54 C:/xampp/htdocs/maternal-care-system/vendor/laravel/framework/src/Illuminate/Foundation/resources/server.php(23): require_once('...')
#55 {main}

[previous exception] [object] (ErrorException(code: 0): Undefined variable $mother at C:/xampp/htdocs/maternal-care-system/storage/framework/views/b2e3f3a6667759a21daf36b9d6d65e01.php:104)
[stacktrace]
#0 C:/xampp/htdocs/maternal-care-system/vendor/laravel/framework/src/Illuminate/Foundation/Bootstrap/HandleExceptions.php(263): Illuminate/Foundation/Bootstrap/HandleExceptions->handleError()
#1 C:/xampp/htdocs/maternal-care-system/storage/framework/views/b2e3f3a6667759a21daf36b9d6d65e01.php(104): Illuminate/Foundation/Bootstrap/HandleExceptions->{closure:Illuminate/Foundation/Bootstrap/HandleExceptions::forwardsTo():262}()
#2 C:/xampp/htdocs/maternal-care-system/vendor/laravel/framework/src/Illuminate/Filesystem/Filesystem.php(123): require('...')
#3 C:/xampp/htdocs/maternal-care-system/vendor/laravel/framework/src/Illuminate/Filesystem/Filesystem.php(124): Illuminate/Filesystem/Filesystem::{closure:Illuminate/Filesystem/Filesystem::getRequire():120}()
#4 C:/xampp/htdocs/maternal-care-system/vendor/laravel/framework/src/Illuminate/View/Engines/PhpEngine.php(57): Illuminate/Filesystem/Filesystem->getRequire()
#5 C:/xampp/htdocs/maternal-care-system/vendor/laravel/framework/src/Illuminate/View/Engines/CompilerEngine.php(76): Illuminate/View/Engines/PhpEngine->evaluatePath()
#6 C:/xampp/htdocs/maternal-care-system/vendor/laravel/framework/src/Illuminate/View/View.php(208): Illuminate/View/Engines/CompilerEngine->get()
#7 C:/xampp/htdocs/maternal-care-system/vendor/laravel/framework/src/Illuminate/View/View.php(191): Illuminate/View/View->getContents()
#8 C:/xampp/htdocs/maternal-care-system/vendor/laravel/framework/src/Illuminate/View/View.php(160): Illuminate/View/View->renderContents()
#9 C:/xampp/htdocs/maternal-care-system/vendor/laravel/framework/src/Illuminate/Http/Response.php(82): Illuminate/View/View->render()
#10 C:/xampp/htdocs/maternal-care-system/vendor/laravel/framework/src/Illuminate/Http/Response.php(40): Illuminate/Http/Response->setContent()
#11 C:/xampp/htdocs/maternal-care-system/vendor/laravel/framework/src/Illuminate/Routing/Router.php(939): Illuminate/Http/Response->__construct()
#12 C:/xampp/htdocs/maternal-care-system/vendor/laravel/framework/src/Illuminate/Routing/Router.php(906): Illuminate/Routing/Router::toResponse()
#13 C:/xampp/htdocs/maternal-care-system/vendor/laravel/framework/src/Illuminate/Routing/Router.php(821): Illuminate/Routing/Router->prepareResponse()
#14 C:/xampp/htdocs/maternal-care-system/vendor/laravel/framework/src/Illuminate/Pipeline/Pipeline.php(180): Illuminate/Routing/Router->{closure:Illuminate/Routing/Router::runRouteWithinStack():821}()
#15 C:/xampp/htdocs/maternal-care-system/vendor/laravel/framework/src/Illuminate/Routing/Middleware/SubstituteBindings.php(52): Illuminate/Pipeline/Pipeline->{closure:Illuminate/Pipeline/Pipeline::prepareDestination():178}()
#16 C:/xampp/htdocs/maternal-care-system/vendor/laravel/framework/src/Illuminate/Pipeline/Pipeline.php(219): Illuminate/Routing/Middleware/SubstituteBindings->handle()
#17 C:/xampp/htdocs/maternal-care-system/vendor/laravel/framework/src/Illuminate/Foundation/Http/Middleware/PreventRequestForgery.php(104): Illuminate/Pipeline/Pipeline->{closure:{closure:Illuminate/Pipeline/Pipeline::carry():194}:195}()
#18 C:/xampp/htdocs/maternal-care-system/vendor/laravel/framework/src/Illuminate/Pipeline/Pipeline.php(219): Illuminate/Foundation/Http/Middleware/PreventRequestForgery->handle()
#19 C:/xampp/htdocs/maternal-care-system/vendor/laravel/framework/src/Illuminate/View/Middleware/ShareErrorsFromSession.php(48): Illuminate/Pipeline/Pipeline->{closure:{closure:Illuminate/Pipeline/Pipeline::carry():194}:195}()
#20 C:/xampp/htdocs/maternal-care-system/vendor/laravel/framework/src/Illuminate/Pipeline/Pipeline.php(219): Illuminate/View/Middleware/ShareErrorsFromSession->handle()
#21 C:/xampp/htdocs/maternal-care-system/vendor/laravel/framework/src/Illuminate/Session/Middleware/StartSession.php(120): Illuminate/Pipeline/Pipeline->{closure:{closure:Illuminate/Pipeline/Pipeline::carry():194}:195}()
#22 C:/xampp/htdocs/maternal-care-system/vendor/laravel/framework/src/Illuminate/Session/Middleware/StartSession.php(63): Illuminate/Session/Middleware/StartSession->handleStatefulRequest()
#23 C:/xampp/htdocs/maternal-care-system/vendor/laravel/framework/src/Illuminate/Pipeline/Pipeline.php(219): Illuminate/Session/Middleware/StartSession->handle()
#24 C:/xampp/htdocs/maternal-care-system/vendor/laravel/framework/src/Illuminate/Cookie/Middleware/AddQueuedCookiesToResponse.php(36): Illuminate/Pipeline/Pipeline->{closure:{closure:Illuminate/Pipeline/Pipeline::carry():194}:195}()
#25 C:/xampp/htdocs/maternal-care-system/vendor/laravel/framework/src/Illuminate/Pipeline/Pipeline.php(219): Illuminate/Cookie/Middleware/AddQueuedCookiesToResponse->handle()
#26 C:/xampp/htdocs/maternal-care-system/vendor/laravel/framework/src/Illuminate/Cookie/Middleware/EncryptCookies.php(74): Illuminate/Pipeline/Pipeline->{closure:{closure:Illuminate/Pipeline/Pipeline::carry():194}:195}()
#27 C:/xampp/htdocs/maternal-care-system/vendor/laravel/framework/src/Illuminate/Pipeline/Pipeline.php(219): Illuminate/Cookie/Middleware/EncryptCookies->handle()
#28 C:/xampp/htdocs/maternal-care-system/vendor/laravel/framework/src/Illuminate/Pipeline/Pipeline.php(137): Illuminate/Pipeline/Pipeline->{closure:{closure:Illuminate/Pipeline/Pipeline::carry():194}:195}()
#29 C:/xampp/htdocs/maternal-care-system/vendor/laravel/framework/src/Illuminate/Routing/Router.php(821): Illuminate/Pipeline/Pipeline->then()
#30 C:/xampp/htdocs/maternal-care-system/vendor/laravel/framework/src/Illuminate/Routing/Router.php(800): Illuminate/Routing/Router->runRouteWithinStack()
#31 C:/xampp/htdocs/maternal-care-system/vendor/laravel/framework/src/Illuminate/Routing/Router.php(764): Illuminate/Routing/Router->runRoute()
#32 C:/xampp/htdocs/maternal-care-system/vendor/laravel/framework/src/Illuminate/Routing/Router.php(753): Illuminate/Routing/Router->dispatchToRoute()
#33 C:/xampp/htdocs/maternal-care-system/vendor/laravel/framework/src/Illuminate/Foundation/Http/Kernel.php(200): Illuminate/Routing/Router->dispatch()
#34 C:/xampp/htdocs/maternal-care-system/vendor/laravel/framework/src/Illuminate/Pipeline/Pipeline.php(180): Illuminate/Foundation/Http/Kernel->{closure:Illuminate/Foundation/Http/Kernel::dispatchToRouter():197}()
#35 C:/xampp/htdocs/maternal-care-system/vendor/laravel/framework/src/Illuminate/Foundation/Http/Middleware/TransformsRequest.php(21): Illuminate/Pipeline/Pipeline->{closure:Illuminate/Pipeline/Pipeline::prepareDestination():178}()
#36 C:/xampp/htdocs/maternal-care-system/vendor/laravel/framework/src/Illuminate/Foundation/Http/Middleware/ConvertEmptyStringsToNull.php(31): Illuminate/Foundation/Http/Middleware/TransformsRequest->handle()
#37 C:/xampp/htdocs/maternal-care-system/vendor/laravel/framework/src/Illuminate/Pipeline/Pipeline.php(219): Illuminate/Foundation/Http/Middleware/ConvertEmptyStringsToNull->handle()
#38 C:/xampp/htdocs/maternal-care-system/vendor/laravel/framework/src/Illuminate/Foundation/Http/Middleware/TransformsRequest.php(21): Illuminate/Pipeline/Pipeline->{closure:{closure:Illuminate/Pipeline/Pipeline::carry():194}:195}()
#39 C:/xampp/htdocs/maternal-care-system/vendor/laravel/framework/src/Illuminate/Foundation/Http/Middleware/TrimStrings.php(51): Illuminate/Foundation/Http/Middleware/TransformsRequest->handle()
#40 C:/xampp/htdocs/maternal-care-system/vendor/laravel/framework/src/Illuminate/Pipeline/Pipeline.php(219): Illuminate/Foundation/Http/Middleware/TrimStrings->handle()
#41 C:/xampp/htdocs/maternal-care-system/vendor/laravel/framework/src/Illuminate/Http/Middleware/ValidatePostSize.php(27): Illuminate/Pipeline/Pipeline->{closure:{closure:Illuminate/Pipeline/Pipeline::carry():194}:195}()
#42 C:/xampp/htdocs/maternal-care-system/vendor/laravel/framework/src/Illuminate/Pipeline/Pipeline.php(219): Illuminate/Http/Middleware/ValidatePostSize->handle()
#43 C:/xampp/htdocs/maternal-care-system/vendor/laravel/framework/src/Illuminate/Foundation/Http/Middleware/PreventRequestsDuringMaintenance.php(109): Illuminate/Pipeline/Pipeline->{closure:{closure:Illuminate/Pipeline/Pipeline::carry():194}:195}()
#44 C:/xampp/htdocs/maternal-care-system/vendor/laravel/framework/src/Illuminate/Pipeline/Pipeline.php(219): Illuminate/Foundation/Http/Middleware/PreventRequestsDuringMaintenance->handle()
#45 C:/xampp/htdocs/maternal-care-system/vendor/laravel/framework/src/Illuminate/Http/Middleware/HandleCors.php(61): Illuminate/Pipeline/Pipeline->{closure:{closure:Illuminate/Pipeline/Pipeline::carry():194}:195}()
#46 C:/xampp/htdocs/maternal-care-system/vendor/laravel/framework/src/Illuminate/Pipeline/Pipeline.php(219): Illuminate/Http/Middleware/HandleCors->handle()
#47 C:/xampp/htdocs/maternal-care-system/vendor/laravel/framework/src/Illuminate/Http/Middleware/TrustProxies.php(58): Illuminate/Pipeline/Pipeline->{closure:{closure:Illuminate/Pipeline/Pipeline::carry():194}:195}()
#48 C:/xampp/htdocs/maternal-care-system/vendor/laravel/framework/src/Illuminate/Pipeline/Pipeline.php(219): Illuminate/Http/Middleware/TrustProxies->handle()
#49 C:/xampp/htdocs/maternal-care-system/vendor/laravel/framework/src/Illuminate/Foundation/Http/Middleware/InvokeDeferredCallbacks.php(22): Illuminate/Pipeline/Pipeline->{closure:{closure:Illuminate/Pipeline/Pipeline::carry():194}:195}()
#50 C:/xampp/htdocs/maternal-care-system/vendor/laravel/framework/src/Illuminate/Pipeline/Pipeline.php(219): Illuminate/Foundation/Http/Middleware/InvokeDeferredCallbacks->handle()
#51 C:/xampp/htdocs/maternal-care-system/vendor/laravel/framework/src/Illuminate/Http/Middleware/ValidatePathEncoding.php(28): Illuminate/Pipeline/Pipeline->{closure:{closure:Illuminate/Pipeline/Pipeline::carry():194}:195}()
#52 C:/xampp/htdocs/maternal-care-system/vendor/laravel/framework/src/Illuminate/Pipeline/Pipeline.php(219): Illuminate/Http/Middleware/ValidatePathEncoding->handle()
#53 C:/xampp/htdocs/maternal-care-system/vendor/laravel/framework/src/Illuminate/Pipeline/Pipeline.php(137): Illuminate/Pipeline/Pipeline->{closure:{closure:Illuminate/Pipeline/Pipeline::carry():194}:195}()
#54 C:/xampp/htdocs/maternal-care-system/vendor/laravel/framework/src/Illuminate/Foundation/Http/Kernel.php(175): Illuminate/Pipeline/Pipeline->then()
#55 C:/xampp/htdocs/maternal-care-system/vendor/laravel/framework/src/Illuminate/Foundation/Http/Kernel.php(144): Illuminate/Foundation/Http/Kernel->sendRequestThroughRouter()
#56 C:/xampp/htdocs/maternal-care-system/vendor/laravel/framework/src/Illuminate/Foundation/Application.php(1220): Illuminate/Foundation/Http/Kernel->handle()
#57 C:/xampp/htdocs/maternal-care-system/public/index.php(20): Illuminate/Foundation/Application->handleRequest()
#58 C:/xampp/htdocs/maternal-care-system/vendor/laravel/framework/src/Illuminate/Foundation/resources/server.php(23): require_once('...')
#59 {main}
"} 
[2026-07-21 05:25:55] local.ERROR: Undefined variable $mother (View: C:\xampp\htdocs\maternal-care-system\resources\views\midwife\visits.blade.php) {"userId":1,"exception":"[object] (Illuminate\\View\\ViewException(code: 0): Undefined variable $mother (View: C:\\xampp\\htdocs\\maternal-care-system\\resources\\views\\midwife\\visits.blade.php) at C:/xampp/htdocs/maternal-care-system/storage/framework/views/b2e3f3a6667759a21daf36b9d6d65e01.php:104)
[stacktrace]
#0 C:/xampp/htdocs/maternal-care-system/vendor/laravel/framework/src/Illuminate/View/Engines/PhpEngine.php(59): Illuminate/View/Engines/CompilerEngine->handleViewException()
#1 C:/xampp/htdocs/maternal-care-system/vendor/laravel/framework/src/Illuminate/View/Engines/CompilerEngine.php(76): Illuminate/View/Engines/PhpEngine->evaluatePath()
#2 C:/xampp/htdocs/maternal-care-system/vendor/laravel/framework/src/Illuminate/View/View.php(208): Illuminate/View/Engines/CompilerEngine->get()
#3 C:/xampp/htdocs/maternal-care-system/vendor/laravel/framework/src/Illuminate/View/View.php(191): Illuminate/View/View->getContents()
#4 C:/xampp/htdocs/maternal-care-system/vendor/laravel/framework/src/Illuminate/View/View.php(160): Illuminate/View/View->renderContents()
#5 C:/xampp/htdocs/maternal-care-system/vendor/laravel/framework/src/Illuminate/Http/Response.php(82): Illuminate/View/View->render()
#6 C:/xampp/htdocs/maternal-care-system/vendor/laravel/framework/src/Illuminate/Http/Response.php(40): Illuminate/Http/Response->setContent()
#7 C:/xampp/htdocs/maternal-care-system/vendor/laravel/framework/src/Illuminate/Routing/Router.php(939): Illuminate/Http/Response->__construct()
#8 C:/xampp/htdocs/maternal-care-system/vendor/laravel/framework/src/Illuminate/Routing/Router.php(906): Illuminate/Routing/Router::toResponse()
#9 C:/xampp/htdocs/maternal-care-system/vendor/laravel/framework/src/Illuminate/Routing/Router.php(821): Illuminate/Routing/Router->prepareResponse()
#10 C:/xampp/htdocs/maternal-care-system/vendor/laravel/framework/src/Illuminate/Pipeline/Pipeline.php(180): Illuminate/Routing/Router->{closure:Illuminate/Routing/Router::runRouteWithinStack():821}()
#11 C:/xampp/htdocs/maternal-care-system/vendor/laravel/framework/src/Illuminate/Routing/Middleware/SubstituteBindings.php(52): Illuminate/Pipeline/Pipeline->{closure:Illuminate/Pipeline/Pipeline::prepareDestination():178}()
#12 C:/xampp/htdocs/maternal-care-system/vendor/laravel/framework/src/Illuminate/Pipeline/Pipeline.php(219): Illuminate/Routing/Middleware/SubstituteBindings->handle()
#13 C:/xampp/htdocs/maternal-care-system/vendor/laravel/framework/src/Illuminate/Foundation/Http/Middleware/PreventRequestForgery.php(104): Illuminate/Pipeline/Pipeline->{closure:{closure:Illuminate/Pipeline/Pipeline::carry():194}:195}()
#14 C:/xampp/htdocs/maternal-care-system/vendor/laravel/framework/src/Illuminate/Pipeline/Pipeline.php(219): Illuminate/Foundation/Http/Middleware/PreventRequestForgery->handle()
#15 C:/xampp/htdocs/maternal-care-system/vendor/laravel/framework/src/Illuminate/View/Middleware/ShareErrorsFromSession.php(48): Illuminate/Pipeline/Pipeline->{closure:{closure:Illuminate/Pipeline/Pipeline::carry():194}:195}()
#16 C:/xampp/htdocs/maternal-care-system/vendor/laravel/framework/src/Illuminate/Pipeline/Pipeline.php(219): Illuminate/View/Middleware/ShareErrorsFromSession->handle()
#17 C:/xampp/htdocs/maternal-care-system/vendor/laravel/framework/src/Illuminate/Session/Middleware/StartSession.php(120): Illuminate/Pipeline/Pipeline->{closure:{closure:Illuminate/Pipeline/Pipeline::carry():194}:195}()
#18 C:/xampp/htdocs/maternal-care-system/vendor/laravel/framework/src/Illuminate/Session/Middleware/StartSession.php(63): Illuminate/Session/Middleware/StartSession->handleStatefulRequest()
#19 C:/xampp/htdocs/maternal-care-system/vendor/laravel/framework/src/Illuminate/Pipeline/Pipeline.php(219): Illuminate/Session/Middleware/StartSession->handle()
#20 C:/xampp/htdocs/maternal-care-system/vendor/laravel/framework/src/Illuminate/Cookie/Middleware/AddQueuedCookiesToResponse.php(36): Illuminate/Pipeline/Pipeline->{closure:{closure:Illuminate/Pipeline/Pipeline::carry():194}:195}()
#21 C:/xampp/htdocs/maternal-care-system/vendor/laravel/framework/src/Illuminate/Pipeline/Pipeline.php(219): Illuminate/Cookie/Middleware/AddQueuedCookiesToResponse->handle()
#22 C:/xampp/htdocs/maternal-care-system/vendor/laravel/framework/src/Illuminate/Cookie/Middleware/EncryptCookies.php(74): Illuminate/Pipeline/Pipeline->{closure:{closure:Illuminate/Pipeline/Pipeline::carry():194}:195}()
#23 C:/xampp/htdocs/maternal-care-system/vendor/laravel/framework/src/Illuminate/Pipeline/Pipeline.php(219): Illuminate/Cookie/Middleware/EncryptCookies->handle()
#24 C:/xampp/htdocs/maternal-care-system/vendor/laravel/framework/src/Illuminate/Pipeline/Pipeline.php(137): Illuminate/Pipeline/Pipeline->{closure:{closure:Illuminate/Pipeline/Pipeline::carry():194}:195}()
#25 C:/xampp/htdocs/maternal-care-system/vendor/laravel/framework/src/Illuminate/Routing/Router.php(821): Illuminate/Pipeline/Pipeline->then()
#26 C:/xampp/htdocs/maternal-care-system/vendor/laravel/framework/src/Illuminate/Routing/Router.php(800): Illuminate/Routing/Router->runRouteWithinStack()
#27 C:/xampp/htdocs/maternal-care-system/vendor/laravel/framework/src/Illuminate/Routing/Router.php(764): Illuminate/Routing/Router->runRoute()
#28 C:/xampp/htdocs/maternal-care-system/vendor/laravel/framework/src/Illuminate/Routing/Router.php(753): Illuminate/Routing/Router->dispatchToRoute()
#29 C:/xampp/htdocs/maternal-care-system/vendor/laravel/framework/src/Illuminate/Foundation/Http/Kernel.php(200): Illuminate/Routing/Router->dispatch()
#30 C:/xampp/htdocs/maternal-care-system/vendor/laravel/framework/src/Illuminate/Pipeline/Pipeline.php(180): Illuminate/Foundation/Http/Kernel->{closure:Illuminate/Foundation/Http/Kernel::dispatchToRouter():197}()
#31 C:/xampp/htdocs/maternal-care-system/vendor/laravel/framework/src/Illuminate/Foundation/Http/Middleware/TransformsRequest.php(21): Illuminate/Pipeline/Pipeline->{closure:Illuminate/Pipeline/Pipeline::prepareDestination():178}()
#32 C:/xampp/htdocs/maternal-care-system/vendor/laravel/framework/src/Illuminate/Foundation/Http/Middleware/ConvertEmptyStringsToNull.php(31): Illuminate/Foundation/Http/Middleware/TransformsRequest->handle()
#33 C:/xampp/htdocs/maternal-care-system/vendor/laravel/framework/src/Illuminate/Pipeline/Pipeline.php(219): Illuminate/Foundation/Http/Middleware/ConvertEmptyStringsToNull->handle()
#34 C:/xampp/htdocs/maternal-care-system/vendor/laravel/framework/src/Illuminate/Foundation/Http/Middleware/TransformsRequest.php(21): Illuminate/Pipeline/Pipeline->{closure:{closure:Illuminate/Pipeline/Pipeline::carry():194}:195}()
#35 C:/xampp/htdocs/maternal-care-system/vendor/laravel/framework/src/Illuminate/Foundation/Http/Middleware/TrimStrings.php(51): Illuminate/Foundation/Http/Middleware/TransformsRequest->handle()
#36 C:/xampp/htdocs/maternal-care-system/vendor/laravel/framework/src/Illuminate/Pipeline/Pipeline.php(219): Illuminate/Foundation/Http/Middleware/TrimStrings->handle()
#37 C:/xampp/htdocs/maternal-care-system/vendor/laravel/framework/src/Illuminate/Http/Middleware/ValidatePostSize.php(27): Illuminate/Pipeline/Pipeline->{closure:{closure:Illuminate/Pipeline/Pipeline::carry():194}:195}()
#38 C:/xampp/htdocs/maternal-care-system/vendor/laravel/framework/src/Illuminate/Pipeline/Pipeline.php(219): Illuminate/Http/Middleware/ValidatePostSize->handle()
#39 C:/xampp/htdocs/maternal-care-system/vendor/laravel/framework/src/Illuminate/Foundation/Http/Middleware/PreventRequestsDuringMaintenance.php(109): Illuminate/Pipeline/Pipeline->{closure:{closure:Illuminate/Pipeline/Pipeline::carry():194}:195}()
#40 C:/xampp/htdocs/maternal-care-system/vendor/laravel/framework/src/Illuminate/Pipeline/Pipeline.php(219): Illuminate/Foundation/Http/Middleware/PreventRequestsDuringMaintenance->handle()
#41 C:/xampp/htdocs/maternal-care-system/vendor/laravel/framework/src/Illuminate/Http/Middleware/HandleCors.php(61): Illuminate/Pipeline/Pipeline->{closure:{closure:Illuminate/Pipeline/Pipeline::carry():194}:195}()
#42 C:/xampp/htdocs/maternal-care-system/vendor/laravel/framework/src/Illuminate/Pipeline/Pipeline.php(219): Illuminate/Http/Middleware/HandleCors->handle()
#43 C:/xampp/htdocs/maternal-care-system/vendor/laravel/framework/src/Illuminate/Http/Middleware/TrustProxies.php(58): Illuminate/Pipeline/Pipeline->{closure:{closure:Illuminate/Pipeline/Pipeline::carry():194}:195}()
#44 C:/xampp/htdocs/maternal-care-system/vendor/laravel/framework/src/Illuminate/Pipeline/Pipeline.php(219): Illuminate/Http/Middleware/TrustProxies->handle()
#45 C:/xampp/htdocs/maternal-care-system/vendor/laravel/framework/src/Illuminate/Foundation/Http/Middleware/InvokeDeferredCallbacks.php(22): Illuminate/Pipeline/Pipeline->{closure:{closure:Illuminate/Pipeline/Pipeline::carry():194}:195}()
#46 C:/xampp/htdocs/maternal-care-system/vendor/laravel/framework/src/Illuminate/Pipeline/Pipeline.php(219): Illuminate/Foundation/Http/Middleware/InvokeDeferredCallbacks->handle()
#47 C:/xampp/htdocs/maternal-care-system/vendor/laravel/framework/src/Illuminate/Http/Middleware/ValidatePathEncoding.php(28): Illuminate/Pipeline/Pipeline->{closure:{closure:Illuminate/Pipeline/Pipeline::carry():194}:195}()
#48 C:/xampp/htdocs/maternal-care-system/vendor/laravel/framework/src/Illuminate/Pipeline/Pipeline.php(219): Illuminate/Http/Middleware/ValidatePathEncoding->handle()
#49 C:/xampp/htdocs/maternal-care-system/vendor/laravel/framework/src/Illuminate/Pipeline/Pipeline.php(137): Illuminate/Pipeline/Pipeline->{closure:{closure:Illuminate/Pipeline/Pipeline::carry():194}:195}()
#50 C:/xampp/htdocs/maternal-care-system/vendor/laravel/framework/src/Illuminate/Foundation/Http/Kernel.php(175): Illuminate/Pipeline/Pipeline->then()
#51 C:/xampp/htdocs/maternal-care-system/vendor/laravel/framework/src/Illuminate/Foundation/Http/Kernel.php(144): Illuminate/Foundation/Http/Kernel->sendRequestThroughRouter()
#52 C:/xampp/htdocs/maternal-care-system/vendor/laravel/framework/src/Illuminate/Foundation/Application.php(1220): Illuminate/Foundation/Http/Kernel->handle()
#53 C:/xampp/htdocs/maternal-care-system/public/index.php(20): Illuminate/Foundation/Application->handleRequest()
#54 C:/xampp/htdocs/maternal-care-system/vendor/laravel/framework/src/Illuminate/Foundation/resources/server.php(23): require_once('...')
#55 {main}

[previous exception] [object] (ErrorException(code: 0): Undefined variable $mother at C:/xampp/htdocs/maternal-care-system/storage/framework/views/b2e3f3a6667759a21daf36b9d6d65e01.php:104)
[stacktrace]
#0 C:/xampp/htdocs/maternal-care-system/vendor/laravel/framework/src/Illuminate/Foundation/Bootstrap/HandleExceptions.php(263): Illuminate/Foundation/Bootstrap/HandleExceptions->handleError()
#1 C:/xampp/htdocs/maternal-care-system/storage/framework/views/b2e3f3a6667759a21daf36b9d6d65e01.php(104): Illuminate/Foundation/Bootstrap/HandleExceptions->{closure:Illuminate/Foundation/Bootstrap/HandleExceptions::forwardsTo():262}()
#2 C:/xampp/htdocs/maternal-care-system/vendor/laravel/framework/src/Illuminate/Filesystem/Filesystem.php(123): require('...')
#3 C:/xampp/htdocs/maternal-care-system/vendor/laravel/framework/src/Illuminate/Filesystem/Filesystem.php(124): Illuminate/Filesystem/Filesystem::{closure:Illuminate/Filesystem/Filesystem::getRequire():120}()
#4 C:/xampp/htdocs/maternal-care-system/vendor/laravel/framework/src/Illuminate/View/Engines/PhpEngine.php(57): Illuminate/Filesystem/Filesystem->getRequire()
#5 C:/xampp/htdocs/maternal-care-system/vendor/laravel/framework/src/Illuminate/View/Engines/CompilerEngine.php(76): Illuminate/View/Engines/PhpEngine->evaluatePath()
#6 C:/xampp/htdocs/maternal-care-system/vendor/laravel/framework/src/Illuminate/View/View.php(208): Illuminate/View/Engines/CompilerEngine->get()
#7 C:/xampp/htdocs/maternal-care-system/vendor/laravel/framework/src/Illuminate/View/View.php(191): Illuminate/View/View->getContents()
#8 C:/xampp/htdocs/maternal-care-system/vendor/laravel/framework/src/Illuminate/View/View.php(160): Illuminate/View/View->renderContents()
#9 C:/xampp/htdocs/maternal-care-system/vendor/laravel/framework/src/Illuminate/Http/Response.php(82): Illuminate/View/View->render()
#10 C:/xampp/htdocs/maternal-care-system/vendor/laravel/framework/src/Illuminate/Http/Response.php(40): Illuminate/Http/Response->setContent()
#11 C:/xampp/htdocs/maternal-care-system/vendor/laravel/framework/src/Illuminate/Routing/Router.php(939): Illuminate/Http/Response->__construct()
#12 C:/xampp/htdocs/maternal-care-system/vendor/laravel/framework/src/Illuminate/Routing/Router.php(906): Illuminate/Routing/Router::toResponse()
#13 C:/xampp/htdocs/maternal-care-system/vendor/laravel/framework/src/Illuminate/Routing/Router.php(821): Illuminate/Routing/Router->prepareResponse()
#14 C:/xampp/htdocs/maternal-care-system/vendor/laravel/framework/src/Illuminate/Pipeline/Pipeline.php(180): Illuminate/Routing/Router->{closure:Illuminate/Routing/Router::runRouteWithinStack():821}()
#15 C:/xampp/htdocs/maternal-care-system/vendor/laravel/framework/src/Illuminate/Routing/Middleware/SubstituteBindings.php(52): Illuminate/Pipeline/Pipeline->{closure:Illuminate/Pipeline/Pipeline::prepareDestination():178}()
#16 C:/xampp/htdocs/maternal-care-system/vendor/laravel/framework/src/Illuminate/Pipeline/Pipeline.php(219): Illuminate/Routing/Middleware/SubstituteBindings->handle()
#17 C:/xampp/htdocs/maternal-care-system/vendor/laravel/framework/src/Illuminate/Foundation/Http/Middleware/PreventRequestForgery.php(104): Illuminate/Pipeline/Pipeline->{closure:{closure:Illuminate/Pipeline/Pipeline::carry():194}:195}()
#18 C:/xampp/htdocs/maternal-care-system/vendor/laravel/framework/src/Illuminate/Pipeline/Pipeline.php(219): Illuminate/Foundation/Http/Middleware/PreventRequestForgery->handle()
#19 C:/xampp/htdocs/maternal-care-system/vendor/laravel/framework/src/Illuminate/View/Middleware/ShareErrorsFromSession.php(48): Illuminate/Pipeline/Pipeline->{closure:{closure:Illuminate/Pipeline/Pipeline::carry():194}:195}()
#20 C:/xampp/htdocs/maternal-care-system/vendor/laravel/framework/src/Illuminate/Pipeline/Pipeline.php(219): Illuminate/View/Middleware/ShareErrorsFromSession->handle()
#21 C:/xampp/htdocs/maternal-care-system/vendor/laravel/framework/src/Illuminate/Session/Middleware/StartSession.php(120): Illuminate/Pipeline/Pipeline->{closure:{closure:Illuminate/Pipeline/Pipeline::carry():194}:195}()
#22 C:/xampp/htdocs/maternal-care-system/vendor/laravel/framework/src/Illuminate/Session/Middleware/StartSession.php(63): Illuminate/Session/Middleware/StartSession->handleStatefulRequest()
#23 C:/xampp/htdocs/maternal-care-system/vendor/laravel/framework/src/Illuminate/Pipeline/Pipeline.php(219): Illuminate/Session/Middleware/StartSession->handle()
#24 C:/xampp/htdocs/maternal-care-system/vendor/laravel/framework/src/Illuminate/Cookie/Middleware/AddQueuedCookiesToResponse.php(36): Illuminate/Pipeline/Pipeline->{closure:{closure:Illuminate/Pipeline/Pipeline::carry():194}:195}()
#25 C:/xampp/htdocs/maternal-care-system/vendor/laravel/framework/src/Illuminate/Pipeline/Pipeline.php(219): Illuminate/Cookie/Middleware/AddQueuedCookiesToResponse->handle()
#26 C:/xampp/htdocs/maternal-care-system/vendor/laravel/framework/src/Illuminate/Cookie/Middleware/EncryptCookies.php(74): Illuminate/Pipeline/Pipeline->{closure:{closure:Illuminate/Pipeline/Pipeline::carry():194}:195}()
#27 C:/xampp/htdocs/maternal-care-system/vendor/laravel/framework/src/Illuminate/Pipeline/Pipeline.php(219): Illuminate/Cookie/Middleware/EncryptCookies->handle()
#28 C:/xampp/htdocs/maternal-care-system/vendor/laravel/framework/src/Illuminate/Pipeline/Pipeline.php(137): Illuminate/Pipeline/Pipeline->{closure:{closure:Illuminate/Pipeline/Pipeline::carry():194}:195}()
#29 C:/xampp/htdocs/maternal-care-system/vendor/laravel/framework/src/Illuminate/Routing/Router.php(821): Illuminate/Pipeline/Pipeline->then()
#30 C:/xampp/htdocs/maternal-care-system/vendor/laravel/framework/src/Illuminate/Routing/Router.php(800): Illuminate/Routing/Router->runRouteWithinStack()
#31 C:/xampp/htdocs/maternal-care-system/vendor/laravel/framework/src/Illuminate/Routing/Router.php(764): Illuminate/Routing/Router->runRoute()
#32 C:/xampp/htdocs/maternal-care-system/vendor/laravel/framework/src/Illuminate/Routing/Router.php(753): Illuminate/Routing/Router->dispatchToRoute()
#33 C:/xampp/htdocs/maternal-care-system/vendor/laravel/framework/src/Illuminate/Foundation/Http/Kernel.php(200): Illuminate/Routing/Router->dispatch()
#34 C:/xampp/htdocs/maternal-care-system/vendor/laravel/framework/src/Illuminate/Pipeline/Pipeline.php(180): Illuminate/Foundation/Http/Kernel->{closure:Illuminate/Foundation/Http/Kernel::dispatchToRouter():197}()
#35 C:/xampp/htdocs/maternal-care-system/vendor/laravel/framework/src/Illuminate/Foundation/Http/Middleware/TransformsRequest.php(21): Illuminate/Pipeline/Pipeline->{closure:Illuminate/Pipeline/Pipeline::prepareDestination():178}()
#36 C:/xampp/htdocs/maternal-care-system/vendor/laravel/framework/src/Illuminate/Foundation/Http/Middleware/ConvertEmptyStringsToNull.php(31): Illuminate/Foundation/Http/Middleware/TransformsRequest->handle()
#37 C:/xampp/htdocs/maternal-care-system/vendor/laravel/framework/src/Illuminate/Pipeline/Pipeline.php(219): Illuminate/Foundation/Http/Middleware/ConvertEmptyStringsToNull->handle()
#38 C:/xampp/htdocs/maternal-care-system/vendor/laravel/framework/src/Illuminate/Foundation/Http/Middleware/TransformsRequest.php(21): Illuminate/Pipeline/Pipeline->{closure:{closure:Illuminate/Pipeline/Pipeline::carry():194}:195}()
#39 C:/xampp/htdocs/maternal-care-system/vendor/laravel/framework/src/Illuminate/Foundation/Http/Middleware/TrimStrings.php(51): Illuminate/Foundation/Http/Middleware/TransformsRequest->handle()
#40 C:/xampp/htdocs/maternal-care-system/vendor/laravel/framework/src/Illuminate/Pipeline/Pipeline.php(219): Illuminate/Foundation/Http/Middleware/TrimStrings->handle()
#41 C:/xampp/htdocs/maternal-care-system/vendor/laravel/framework/src/Illuminate/Http/Middleware/ValidatePostSize.php(27): Illuminate/Pipeline/Pipeline->{closure:{closure:Illuminate/Pipeline/Pipeline::carry():194}:195}()
#42 C:/xampp/htdocs/maternal-care-system/vendor/laravel/framework/src/Illuminate/Pipeline/Pipeline.php(219): Illuminate/Http/Middleware/ValidatePostSize->handle()
#43 C:/xampp/htdocs/maternal-care-system/vendor/laravel/framework/src/Illuminate/Foundation/Http/Middleware/PreventRequestsDuringMaintenance.php(109): Illuminate/Pipeline/Pipeline->{closure:{closure:Illuminate/Pipeline/Pipeline::carry():194}:195}()
#44 C:/xampp/htdocs/maternal-care-system/vendor/laravel/framework/src/Illuminate/Pipeline/Pipeline.php(219): Illuminate/Foundation/Http/Middleware/PreventRequestsDuringMaintenance->handle()
#45 C:/xampp/htdocs/maternal-care-system/vendor/laravel/framework/src/Illuminate/Http/Middleware/HandleCors.php(61): Illuminate/Pipeline/Pipeline->{closure:{closure:Illuminate/Pipeline/Pipeline::carry():194}:195}()
#46 C:/xampp/htdocs/maternal-care-system/vendor/laravel/framework/src/Illuminate/Pipeline/Pipeline.php(219): Illuminate/Http/Middleware/HandleCors->handle()
#47 C:/xampp/htdocs/maternal-care-system/vendor/laravel/framework/src/Illuminate/Http/Middleware/TrustProxies.php(58): Illuminate/Pipeline/Pipeline->{closure:{closure:Illuminate/Pipeline/Pipeline::carry():194}:195}()
#48 C:/xampp/htdocs/maternal-care-system/vendor/laravel/framework/src/Illuminate/Pipeline/Pipeline.php(219): Illuminate/Http/Middleware/TrustProxies->handle()
#49 C:/xampp/htdocs/maternal-care-system/vendor/laravel/framework/src/Illuminate/Foundation/Http/Middleware/InvokeDeferredCallbacks.php(22): Illuminate/Pipeline/Pipeline->{closure:{closure:Illuminate/Pipeline/Pipeline::carry():194}:195}()
#50 C:/xampp/htdocs/maternal-care-system/vendor/laravel/framework/src/Illuminate/Pipeline/Pipeline.php(219): Illuminate/Foundation/Http/Middleware/InvokeDeferredCallbacks->handle()
#51 C:/xampp/htdocs/maternal-care-system/vendor/laravel/framework/src/Illuminate/Http/Middleware/ValidatePathEncoding.php(28): Illuminate/Pipeline/Pipeline->{closure:{closure:Illuminate/Pipeline/Pipeline::carry():194}:195}()
#52 C:/xampp/htdocs/maternal-care-system/vendor/laravel/framework/src/Illuminate/Pipeline/Pipeline.php(219): Illuminate/Http/Middleware/ValidatePathEncoding->handle()
#53 C:/xampp/htdocs/maternal-care-system/vendor/laravel/framework/src/Illuminate/Pipeline/Pipeline.php(137): Illuminate/Pipeline/Pipeline->{closure:{closure:Illuminate/Pipeline/Pipeline::carry():194}:195}()
#54 C:/xampp/htdocs/maternal-care-system/vendor/laravel/framework/src/Illuminate/Foundation/Http/Kernel.php(175): Illuminate/Pipeline/Pipeline->then()
#55 C:/xampp/htdocs/maternal-care-system/vendor/laravel/framework/src/Illuminate/Foundation/Http/Kernel.php(144): Illuminate/Foundation/Http/Kernel->sendRequestThroughRouter()
#56 C:/xampp/htdocs/maternal-care-system/vendor/laravel/framework/src/Illuminate/Foundation/Application.php(1220): Illuminate/Foundation/Http/Kernel->handle()
#57 C:/xampp/htdocs/maternal-care-system/public/index.php(20): Illuminate/Foundation/Application->handleRequest()
#58 C:/xampp/htdocs/maternal-care-system/vendor/laravel/framework/src/Illuminate/Foundation/resources/server.php(23): require_once('...')
#59 {main}
"} 
[2026-07-21 05:46:37] local.ERROR: Undefined variable $mother (View: C:\xampp\htdocs\maternal-care-system\resources\views\midwife\visits.blade.php) {"userId":1,"exception":"[object] (Illuminate\\View\\ViewException(code: 0): Undefined variable $mother (View: C:\\xampp\\htdocs\\maternal-care-system\\resources\\views\\midwife\\visits.blade.php) at C:/xampp/htdocs/maternal-care-system/storage/framework/views/b2e3f3a6667759a21daf36b9d6d65e01.php:104)
[stacktrace]
#0 C:/xampp/htdocs/maternal-care-system/vendor/laravel/framework/src/Illuminate/View/Engines/PhpEngine.php(59): Illuminate/View/Engines/CompilerEngine->handleViewException()
#1 C:/xampp/htdocs/maternal-care-system/vendor/laravel/framework/src/Illuminate/View/Engines/CompilerEngine.php(76): Illuminate/View/Engines/PhpEngine->evaluatePath()
#2 C:/xampp/htdocs/maternal-care-system/vendor/laravel/framework/src/Illuminate/View/View.php(208): Illuminate/View/Engines/CompilerEngine->get()
#3 C:/xampp/htdocs/maternal-care-system/vendor/laravel/framework/src/Illuminate/View/View.php(191): Illuminate/View/View->getContents()
#4 C:/xampp/htdocs/maternal-care-system/vendor/laravel/framework/src/Illuminate/View/View.php(160): Illuminate/View/View->renderContents()
#5 C:/xampp/htdocs/maternal-care-system/vendor/laravel/framework/src/Illuminate/Http/Response.php(82): Illuminate/View/View->render()
#6 C:/xampp/htdocs/maternal-care-system/vendor/laravel/framework/src/Illuminate/Http/Response.php(40): Illuminate/Http/Response->setContent()
#7 C:/xampp/htdocs/maternal-care-system/vendor/laravel/framework/src/Illuminate/Routing/Router.php(939): Illuminate/Http/Response->__construct()
#8 C:/xampp/htdocs/maternal-care-system/vendor/laravel/framework/src/Illuminate/Routing/Router.php(906): Illuminate/Routing/Router::toResponse()
#9 C:/xampp/htdocs/maternal-care-system/vendor/laravel/framework/src/Illuminate/Routing/Router.php(821): Illuminate/Routing/Router->prepareResponse()
#10 C:/xampp/htdocs/maternal-care-system/vendor/laravel/framework/src/Illuminate/Pipeline/Pipeline.php(180): Illuminate/Routing/Router->{closure:Illuminate/Routing/Router::runRouteWithinStack():821}()
#11 C:/xampp/htdocs/maternal-care-system/vendor/laravel/framework/src/Illuminate/Routing/Middleware/SubstituteBindings.php(52): Illuminate/Pipeline/Pipeline->{closure:Illuminate/Pipeline/Pipeline::prepareDestination():178}()
#12 C:/xampp/htdocs/maternal-care-system/vendor/laravel/framework/src/Illuminate/Pipeline/Pipeline.php(219): Illuminate/Routing/Middleware/SubstituteBindings->handle()
#13 C:/xampp/htdocs/maternal-care-system/vendor/laravel/framework/src/Illuminate/Foundation/Http/Middleware/PreventRequestForgery.php(104): Illuminate/Pipeline/Pipeline->{closure:{closure:Illuminate/Pipeline/Pipeline::carry():194}:195}()
#14 C:/xampp/htdocs/maternal-care-system/vendor/laravel/framework/src/Illuminate/Pipeline/Pipeline.php(219): Illuminate/Foundation/Http/Middleware/PreventRequestForgery->handle()
#15 C:/xampp/htdocs/maternal-care-system/vendor/laravel/framework/src/Illuminate/View/Middleware/ShareErrorsFromSession.php(48): Illuminate/Pipeline/Pipeline->{closure:{closure:Illuminate/Pipeline/Pipeline::carry():194}:195}()
#16 C:/xampp/htdocs/maternal-care-system/vendor/laravel/framework/src/Illuminate/Pipeline/Pipeline.php(219): Illuminate/View/Middleware/ShareErrorsFromSession->handle()
#17 C:/xampp/htdocs/maternal-care-system/vendor/laravel/framework/src/Illuminate/Session/Middleware/StartSession.php(120): Illuminate/Pipeline/Pipeline->{closure:{closure:Illuminate/Pipeline/Pipeline::carry():194}:195}()
#18 C:/xampp/htdocs/maternal-care-system/vendor/laravel/framework/src/Illuminate/Session/Middleware/StartSession.php(63): Illuminate/Session/Middleware/StartSession->handleStatefulRequest()
#19 C:/xampp/htdocs/maternal-care-system/vendor/laravel/framework/src/Illuminate/Pipeline/Pipeline.php(219): Illuminate/Session/Middleware/StartSession->handle()
#20 C:/xampp/htdocs/maternal-care-system/vendor/laravel/framework/src/Illuminate/Cookie/Middleware/AddQueuedCookiesToResponse.php(36): Illuminate/Pipeline/Pipeline->{closure:{closure:Illuminate/Pipeline/Pipeline::carry():194}:195}()
#21 C:/xampp/htdocs/maternal-care-system/vendor/laravel/framework/src/Illuminate/Pipeline/Pipeline.php(219): Illuminate/Cookie/Middleware/AddQueuedCookiesToResponse->handle()
#22 C:/xampp/htdocs/maternal-care-system/vendor/laravel/framework/src/Illuminate/Cookie/Middleware/EncryptCookies.php(74): Illuminate/Pipeline/Pipeline->{closure:{closure:Illuminate/Pipeline/Pipeline::carry():194}:195}()
#23 C:/xampp/htdocs/maternal-care-system/vendor/laravel/framework/src/Illuminate/Pipeline/Pipeline.php(219): Illuminate/Cookie/Middleware/EncryptCookies->handle()
#24 C:/xampp/htdocs/maternal-care-system/vendor/laravel/framework/src/Illuminate/Pipeline/Pipeline.php(137): Illuminate/Pipeline/Pipeline->{closure:{closure:Illuminate/Pipeline/Pipeline::carry():194}:195}()
#25 C:/xampp/htdocs/maternal-care-system/vendor/laravel/framework/src/Illuminate/Routing/Router.php(821): Illuminate/Pipeline/Pipeline->then()
#26 C:/xampp/htdocs/maternal-care-system/vendor/laravel/framework/src/Illuminate/Routing/Router.php(800): Illuminate/Routing/Router->runRouteWithinStack()
#27 C:/xampp/htdocs/maternal-care-system/vendor/laravel/framework/src/Illuminate/Routing/Router.php(764): Illuminate/Routing/Router->runRoute()
#28 C:/xampp/htdocs/maternal-care-system/vendor/laravel/framework/src/Illuminate/Routing/Router.php(753): Illuminate/Routing/Router->dispatchToRoute()
#29 C:/xampp/htdocs/maternal-care-system/vendor/laravel/framework/src/Illuminate/Foundation/Http/Kernel.php(200): Illuminate/Routing/Router->dispatch()
#30 C:/xampp/htdocs/maternal-care-system/vendor/laravel/framework/src/Illuminate/Pipeline/Pipeline.php(180): Illuminate/Foundation/Http/Kernel->{closure:Illuminate/Foundation/Http/Kernel::dispatchToRouter():197}()
#31 C:/xampp/htdocs/maternal-care-system/vendor/laravel/framework/src/Illuminate/Foundation/Http/Middleware/TransformsRequest.php(21): Illuminate/Pipeline/Pipeline->{closure:Illuminate/Pipeline/Pipeline::prepareDestination():178}()
#32 C:/xampp/htdocs/maternal-care-system/vendor/laravel/framework/src/Illuminate/Foundation/Http/Middleware/ConvertEmptyStringsToNull.php(31): Illuminate/Foundation/Http/Middleware/TransformsRequest->handle()
#33 C:/xampp/htdocs/maternal-care-system/vendor/laravel/framework/src/Illuminate/Pipeline/Pipeline.php(219): Illuminate/Foundation/Http/Middleware/ConvertEmptyStringsToNull->handle()
#34 C:/xampp/htdocs/maternal-care-system/vendor/laravel/framework/src/Illuminate/Foundation/Http/Middleware/TransformsRequest.php(21): Illuminate/Pipeline/Pipeline->{closure:{closure:Illuminate/Pipeline/Pipeline::carry():194}:195}()
#35 C:/xampp/htdocs/maternal-care-system/vendor/laravel/framework/src/Illuminate/Foundation/Http/Middleware/TrimStrings.php(51): Illuminate/Foundation/Http/Middleware/TransformsRequest->handle()
#36 C:/xampp/htdocs/maternal-care-system/vendor/laravel/framework/src/Illuminate/Pipeline/Pipeline.php(219): Illuminate/Foundation/Http/Middleware/TrimStrings->handle()
#37 C:/xampp/htdocs/maternal-care-system/vendor/laravel/framework/src/Illuminate/Http/Middleware/ValidatePostSize.php(27): Illuminate/Pipeline/Pipeline->{closure:{closure:Illuminate/Pipeline/Pipeline::carry():194}:195}()
#38 C:/xampp/htdocs/maternal-care-system/vendor/laravel/framework/src/Illuminate/Pipeline/Pipeline.php(219): Illuminate/Http/Middleware/ValidatePostSize->handle()
#39 C:/xampp/htdocs/maternal-care-system/vendor/laravel/framework/src/Illuminate/Foundation/Http/Middleware/PreventRequestsDuringMaintenance.php(109): Illuminate/Pipeline/Pipeline->{closure:{closure:Illuminate/Pipeline/Pipeline::carry():194}:195}()
#40 C:/xampp/htdocs/maternal-care-system/vendor/laravel/framework/src/Illuminate/Pipeline/Pipeline.php(219): Illuminate/Foundation/Http/Middleware/PreventRequestsDuringMaintenance->handle()
#41 C:/xampp/htdocs/maternal-care-system/vendor/laravel/framework/src/Illuminate/Http/Middleware/HandleCors.php(61): Illuminate/Pipeline/Pipeline->{closure:{closure:Illuminate/Pipeline/Pipeline::carry():194}:195}()
#42 C:/xampp/htdocs/maternal-care-system/vendor/laravel/framework/src/Illuminate/Pipeline/Pipeline.php(219): Illuminate/Http/Middleware/HandleCors->handle()
#43 C:/xampp/htdocs/maternal-care-system/vendor/laravel/framework/src/Illuminate/Http/Middleware/TrustProxies.php(58): Illuminate/Pipeline/Pipeline->{closure:{closure:Illuminate/Pipeline/Pipeline::carry():194}:195}()
#44 C:/xampp/htdocs/maternal-care-system/vendor/laravel/framework/src/Illuminate/Pipeline/Pipeline.php(219): Illuminate/Http/Middleware/TrustProxies->handle()
#45 C:/xampp/htdocs/maternal-care-system/vendor/laravel/framework/src/Illuminate/Foundation/Http/Middleware/InvokeDeferredCallbacks.php(22): Illuminate/Pipeline/Pipeline->{closure:{closure:Illuminate/Pipeline/Pipeline::carry():194}:195}()
#46 C:/xampp/htdocs/maternal-care-system/vendor/laravel/framework/src/Illuminate/Pipeline/Pipeline.php(219): Illuminate/Foundation/Http/Middleware/InvokeDeferredCallbacks->handle()
#47 C:/xampp/htdocs/maternal-care-system/vendor/laravel/framework/src/Illuminate/Http/Middleware/ValidatePathEncoding.php(28): Illuminate/Pipeline/Pipeline->{closure:{closure:Illuminate/Pipeline/Pipeline::carry():194}:195}()
#48 C:/xampp/htdocs/maternal-care-system/vendor/laravel/framework/src/Illuminate/Pipeline/Pipeline.php(219): Illuminate/Http/Middleware/ValidatePathEncoding->handle()
#49 C:/xampp/htdocs/maternal-care-system/vendor/laravel/framework/src/Illuminate/Pipeline/Pipeline.php(137): Illuminate/Pipeline/Pipeline->{closure:{closure:Illuminate/Pipeline/Pipeline::carry():194}:195}()
#50 C:/xampp/htdocs/maternal-care-system/vendor/laravel/framework/src/Illuminate/Foundation/Http/Kernel.php(175): Illuminate/Pipeline/Pipeline->then()
#51 C:/xampp/htdocs/maternal-care-system/vendor/laravel/framework/src/Illuminate/Foundation/Http/Kernel.php(144): Illuminate/Foundation/Http/Kernel->sendRequestThroughRouter()
#52 C:/xampp/htdocs/maternal-care-system/vendor/laravel/framework/src/Illuminate/Foundation/Application.php(1220): Illuminate/Foundation/Http/Kernel->handle()
#53 C:/xampp/htdocs/maternal-care-system/public/index.php(20): Illuminate/Foundation/Application->handleRequest()
#54 C:/xampp/htdocs/maternal-care-system/vendor/laravel/framework/src/Illuminate/Foundation/resources/server.php(23): require_once('...')
#55 {main}

[previous exception] [object] (ErrorException(code: 0): Undefined variable $mother at C:/xampp/htdocs/maternal-care-system/storage/framework/views/b2e3f3a6667759a21daf36b9d6d65e01.php:104)
[stacktrace]
#0 C:/xampp/htdocs/maternal-care-system/vendor/laravel/framework/src/Illuminate/Foundation/Bootstrap/HandleExceptions.php(263): Illuminate/Foundation/Bootstrap/HandleExceptions->handleError()
#1 C:/xampp/htdocs/maternal-care-system/storage/framework/views/b2e3f3a6667759a21daf36b9d6d65e01.php(104): Illuminate/Foundation/Bootstrap/HandleExceptions->{closure:Illuminate/Foundation/Bootstrap/HandleExceptions::forwardsTo():262}()
#2 C:/xampp/htdocs/maternal-care-system/vendor/laravel/framework/src/Illuminate/Filesystem/Filesystem.php(123): require('...')
#3 C:/xampp/htdocs/maternal-care-system/vendor/laravel/framework/src/Illuminate/Filesystem/Filesystem.php(124): Illuminate/Filesystem/Filesystem::{closure:Illuminate/Filesystem/Filesystem::getRequire():120}()
#4 C:/xampp/htdocs/maternal-care-system/vendor/laravel/framework/src/Illuminate/View/Engines/PhpEngine.php(57): Illuminate/Filesystem/Filesystem->getRequire()
#5 C:/xampp/htdocs/maternal-care-system/vendor/laravel/framework/src/Illuminate/View/Engines/CompilerEngine.php(76): Illuminate/View/Engines/PhpEngine->evaluatePath()
#6 C:/xampp/htdocs/maternal-care-system/vendor/laravel/framework/src/Illuminate/View/View.php(208): Illuminate/View/Engines/CompilerEngine->get()
#7 C:/xampp/htdocs/maternal-care-system/vendor/laravel/framework/src/Illuminate/View/View.php(191): Illuminate/View/View->getContents()
#8 C:/xampp/htdocs/maternal-care-system/vendor/laravel/framework/src/Illuminate/View/View.php(160): Illuminate/View/View->renderContents()
#9 C:/xampp/htdocs/maternal-care-system/vendor/laravel/framework/src/Illuminate/Http/Response.php(82): Illuminate/View/View->render()
#10 C:/xampp/htdocs/maternal-care-system/vendor/laravel/framework/src/Illuminate/Http/Response.php(40): Illuminate/Http/Response->setContent()
#11 C:/xampp/htdocs/maternal-care-system/vendor/laravel/framework/src/Illuminate/Routing/Router.php(939): Illuminate/Http/Response->__construct()
#12 C:/xampp/htdocs/maternal-care-system/vendor/laravel/framework/src/Illuminate/Routing/Router.php(906): Illuminate/Routing/Router::toResponse()
#13 C:/xampp/htdocs/maternal-care-system/vendor/laravel/framework/src/Illuminate/Routing/Router.php(821): Illuminate/Routing/Router->prepareResponse()
#14 C:/xampp/htdocs/maternal-care-system/vendor/laravel/framework/src/Illuminate/Pipeline/Pipeline.php(180): Illuminate/Routing/Router->{closure:Illuminate/Routing/Router::runRouteWithinStack():821}()
#15 C:/xampp/htdocs/maternal-care-system/vendor/laravel/framework/src/Illuminate/Routing/Middleware/SubstituteBindings.php(52): Illuminate/Pipeline/Pipeline->{closure:Illuminate/Pipeline/Pipeline::prepareDestination():178}()
#16 C:/xampp/htdocs/maternal-care-system/vendor/laravel/framework/src/Illuminate/Pipeline/Pipeline.php(219): Illuminate/Routing/Middleware/SubstituteBindings->handle()
#17 C:/xampp/htdocs/maternal-care-system/vendor/laravel/framework/src/Illuminate/Foundation/Http/Middleware/PreventRequestForgery.php(104): Illuminate/Pipeline/Pipeline->{closure:{closure:Illuminate/Pipeline/Pipeline::carry():194}:195}()
#18 C:/xampp/htdocs/maternal-care-system/vendor/laravel/framework/src/Illuminate/Pipeline/Pipeline.php(219): Illuminate/Foundation/Http/Middleware/PreventRequestForgery->handle()
#19 C:/xampp/htdocs/maternal-care-system/vendor/laravel/framework/src/Illuminate/View/Middleware/ShareErrorsFromSession.php(48): Illuminate/Pipeline/Pipeline->{closure:{closure:Illuminate/Pipeline/Pipeline::carry():194}:195}()
#20 C:/xampp/htdocs/maternal-care-system/vendor/laravel/framework/src/Illuminate/Pipeline/Pipeline.php(219): Illuminate/View/Middleware/ShareErrorsFromSession->handle()
#21 C:/xampp/htdocs/maternal-care-system/vendor/laravel/framework/src/Illuminate/Session/Middleware/StartSession.php(120): Illuminate/Pipeline/Pipeline->{closure:{closure:Illuminate/Pipeline/Pipeline::carry():194}:195}()
#22 C:/xampp/htdocs/maternal-care-system/vendor/laravel/framework/src/Illuminate/Session/Middleware/StartSession.php(63): Illuminate/Session/Middleware/StartSession->handleStatefulRequest()
#23 C:/xampp/htdocs/maternal-care-system/vendor/laravel/framework/src/Illuminate/Pipeline/Pipeline.php(219): Illuminate/Session/Middleware/StartSession->handle()
#24 C:/xampp/htdocs/maternal-care-system/vendor/laravel/framework/src/Illuminate/Cookie/Middleware/AddQueuedCookiesToResponse.php(36): Illuminate/Pipeline/Pipeline->{closure:{closure:Illuminate/Pipeline/Pipeline::carry():194}:195}()
#25 C:/xampp/htdocs/maternal-care-system/vendor/laravel/framework/src/Illuminate/Pipeline/Pipeline.php(219): Illuminate/Cookie/Middleware/AddQueuedCookiesToResponse->handle()
#26 C:/xampp/htdocs/maternal-care-system/vendor/laravel/framework/src/Illuminate/Cookie/Middleware/EncryptCookies.php(74): Illuminate/Pipeline/Pipeline->{closure:{closure:Illuminate/Pipeline/Pipeline::carry():194}:195}()
#27 C:/xampp/htdocs/maternal-care-system/vendor/laravel/framework/src/Illuminate/Pipeline/Pipeline.php(219): Illuminate/Cookie/Middleware/EncryptCookies->handle()
#28 C:/xampp/htdocs/maternal-care-system/vendor/laravel/framework/src/Illuminate/Pipeline/Pipeline.php(137): Illuminate/Pipeline/Pipeline->{closure:{closure:Illuminate/Pipeline/Pipeline::carry():194}:195}()
#29 C:/xampp/htdocs/maternal-care-system/vendor/laravel/framework/src/Illuminate/Routing/Router.php(821): Illuminate/Pipeline/Pipeline->then()
#30 C:/xampp/htdocs/maternal-care-system/vendor/laravel/framework/src/Illuminate/Routing/Router.php(800): Illuminate/Routing/Router->runRouteWithinStack()
#31 C:/xampp/htdocs/maternal-care-system/vendor/laravel/framework/src/Illuminate/Routing/Router.php(764): Illuminate/Routing/Router->runRoute()
#32 C:/xampp/htdocs/maternal-care-system/vendor/laravel/framework/src/Illuminate/Routing/Router.php(753): Illuminate/Routing/Router->dispatchToRoute()
#33 C:/xampp/htdocs/maternal-care-system/vendor/laravel/framework/src/Illuminate/Foundation/Http/Kernel.php(200): Illuminate/Routing/Router->dispatch()
#34 C:/xampp/htdocs/maternal-care-system/vendor/laravel/framework/src/Illuminate/Pipeline/Pipeline.php(180): Illuminate/Foundation/Http/Kernel->{closure:Illuminate/Foundation/Http/Kernel::dispatchToRouter():197}()
#35 C:/xampp/htdocs/maternal-care-system/vendor/laravel/framework/src/Illuminate/Foundation/Http/Middleware/TransformsRequest.php(21): Illuminate/Pipeline/Pipeline->{closure:Illuminate/Pipeline/Pipeline::prepareDestination():178}()
#36 C:/xampp/htdocs/maternal-care-system/vendor/laravel/framework/src/Illuminate/Foundation/Http/Middleware/ConvertEmptyStringsToNull.php(31): Illuminate/Foundation/Http/Middleware/TransformsRequest->handle()
#37 C:/xampp/htdocs/maternal-care-system/vendor/laravel/framework/src/Illuminate/Pipeline/Pipeline.php(219): Illuminate/Foundation/Http/Middleware/ConvertEmptyStringsToNull->handle()
#38 C:/xampp/htdocs/maternal-care-system/vendor/laravel/framework/src/Illuminate/Foundation/Http/Middleware/TransformsRequest.php(21): Illuminate/Pipeline/Pipeline->{closure:{closure:Illuminate/Pipeline/Pipeline::carry():194}:195}()
#39 C:/xampp/htdocs/maternal-care-system/vendor/laravel/framework/src/Illuminate/Foundation/Http/Middleware/TrimStrings.php(51): Illuminate/Foundation/Http/Middleware/TransformsRequest->handle()
#40 C:/xampp/htdocs/maternal-care-system/vendor/laravel/framework/src/Illuminate/Pipeline/Pipeline.php(219): Illuminate/Foundation/Http/Middleware/TrimStrings->handle()
#41 C:/xampp/htdocs/maternal-care-system/vendor/laravel/framework/src/Illuminate/Http/Middleware/ValidatePostSize.php(27): Illuminate/Pipeline/Pipeline->{closure:{closure:Illuminate/Pipeline/Pipeline::carry():194}:195}()
#42 C:/xampp/htdocs/maternal-care-system/vendor/laravel/framework/src/Illuminate/Pipeline/Pipeline.php(219): Illuminate/Http/Middleware/ValidatePostSize->handle()
#43 C:/xampp/htdocs/maternal-care-system/vendor/laravel/framework/src/Illuminate/Foundation/Http/Middleware/PreventRequestsDuringMaintenance.php(109): Illuminate/Pipeline/Pipeline->{closure:{closure:Illuminate/Pipeline/Pipeline::carry():194}:195}()
#44 C:/xampp/htdocs/maternal-care-system/vendor/laravel/framework/src/Illuminate/Pipeline/Pipeline.php(219): Illuminate/Foundation/Http/Middleware/PreventRequestsDuringMaintenance->handle()
#45 C:/xampp/htdocs/maternal-care-system/vendor/laravel/framework/src/Illuminate/Http/Middleware/HandleCors.php(61): Illuminate/Pipeline/Pipeline->{closure:{closure:Illuminate/Pipeline/Pipeline::carry():194}:195}()
#46 C:/xampp/htdocs/maternal-care-system/vendor/laravel/framework/src/Illuminate/Pipeline/Pipeline.php(219): Illuminate/Http/Middleware/HandleCors->handle()
#47 C:/xampp/htdocs/maternal-care-system/vendor/laravel/framework/src/Illuminate/Http/Middleware/TrustProxies.php(58): Illuminate/Pipeline/Pipeline->{closure:{closure:Illuminate/Pipeline/Pipeline::carry():194}:195}()
#48 C:/xampp/htdocs/maternal-care-system/vendor/laravel/framework/src/Illuminate/Pipeline/Pipeline.php(219): Illuminate/Http/Middleware/TrustProxies->handle()
#49 C:/xampp/htdocs/maternal-care-system/vendor/laravel/framework/src/Illuminate/Foundation/Http/Middleware/InvokeDeferredCallbacks.php(22): Illuminate/Pipeline/Pipeline->{closure:{closure:Illuminate/Pipeline/Pipeline::carry():194}:195}()
#50 C:/xampp/htdocs/maternal-care-system/vendor/laravel/framework/src/Illuminate/Pipeline/Pipeline.php(219): Illuminate/Foundation/Http/Middleware/InvokeDeferredCallbacks->handle()
#51 C:/xampp/htdocs/maternal-care-system/vendor/laravel/framework/src/Illuminate/Http/Middleware/ValidatePathEncoding.php(28): Illuminate/Pipeline/Pipeline->{closure:{closure:Illuminate/Pipeline/Pipeline::carry():194}:195}()
#52 C:/xampp/htdocs/maternal-care-system/vendor/laravel/framework/src/Illuminate/Pipeline/Pipeline.php(219): Illuminate/Http/Middleware/ValidatePathEncoding->handle()
#53 C:/xampp/htdocs/maternal-care-system/vendor/laravel/framework/src/Illuminate/Pipeline/Pipeline.php(137): Illuminate/Pipeline/Pipeline->{closure:{closure:Illuminate/Pipeline/Pipeline::carry():194}:195}()
#54 C:/xampp/htdocs/maternal-care-system/vendor/laravel/framework/src/Illuminate/Foundation/Http/Kernel.php(175): Illuminate/Pipeline/Pipeline->then()
#55 C:/xampp/htdocs/maternal-care-system/vendor/laravel/framework/src/Illuminate/Foundation/Http/Kernel.php(144): Illuminate/Foundation/Http/Kernel->sendRequestThroughRouter()
#56 C:/xampp/htdocs/maternal-care-system/vendor/laravel/framework/src/Illuminate/Foundation/Application.php(1220): Illuminate/Foundation/Http/Kernel->handle()
#57 C:/xampp/htdocs/maternal-care-system/public/index.php(20): Illuminate/Foundation/Application->handleRequest()
#58 C:/xampp/htdocs/maternal-care-system/vendor/laravel/framework/src/Illuminate/Foundation/resources/server.php(23): require_once('...')
#59 {main}
"} 
[2026-07-21 06:19:32] local.ERROR: syntax error, unexpected token "endforeach", expecting end of file (View: C:\xampp\htdocs\maternal-care-system\resources\views\midwife\visits.blade.php) {"userId":1,"exception":"[object] (Illuminate\\View\\ViewException(code: 0): syntax error, unexpected token \"endforeach\", expecting end of file (View: C:\\xampp\\htdocs\\maternal-care-system\\resources\\views\\midwife\\visits.blade.php) at C:/xampp/htdocs/maternal-care-system/storage/framework/views/b2e3f3a6667759a21daf36b9d6d65e01.php:131)
[stacktrace]
#0 C:/xampp/htdocs/maternal-care-system/vendor/laravel/framework/src/Illuminate/View/Engines/PhpEngine.php(59): Illuminate/View/Engines/CompilerEngine->handleViewException()
#1 C:/xampp/htdocs/maternal-care-system/vendor/laravel/framework/src/Illuminate/View/Engines/CompilerEngine.php(76): Illuminate/View/Engines/PhpEngine->evaluatePath()
#2 C:/xampp/htdocs/maternal-care-system/vendor/laravel/framework/src/Illuminate/View/View.php(208): Illuminate/View/Engines/CompilerEngine->get()
#3 C:/xampp/htdocs/maternal-care-system/vendor/laravel/framework/src/Illuminate/View/View.php(191): Illuminate/View/View->getContents()
#4 C:/xampp/htdocs/maternal-care-system/vendor/laravel/framework/src/Illuminate/View/View.php(160): Illuminate/View/View->renderContents()
#5 C:/xampp/htdocs/maternal-care-system/vendor/laravel/framework/src/Illuminate/Http/Response.php(82): Illuminate/View/View->render()
#6 C:/xampp/htdocs/maternal-care-system/vendor/laravel/framework/src/Illuminate/Http/Response.php(40): Illuminate/Http/Response->setContent()
#7 C:/xampp/htdocs/maternal-care-system/vendor/laravel/framework/src/Illuminate/Routing/Router.php(939): Illuminate/Http/Response->__construct()
#8 C:/xampp/htdocs/maternal-care-system/vendor/laravel/framework/src/Illuminate/Routing/Router.php(906): Illuminate/Routing/Router::toResponse()
#9 C:/xampp/htdocs/maternal-care-system/vendor/laravel/framework/src/Illuminate/Routing/Router.php(821): Illuminate/Routing/Router->prepareResponse()
#10 C:/xampp/htdocs/maternal-care-system/vendor/laravel/framework/src/Illuminate/Pipeline/Pipeline.php(180): Illuminate/Routing/Router->{closure:Illuminate/Routing/Router::runRouteWithinStack():821}()
#11 C:/xampp/htdocs/maternal-care-system/vendor/laravel/framework/src/Illuminate/Routing/Middleware/SubstituteBindings.php(52): Illuminate/Pipeline/Pipeline->{closure:Illuminate/Pipeline/Pipeline::prepareDestination():178}()
#12 C:/xampp/htdocs/maternal-care-system/vendor/laravel/framework/src/Illuminate/Pipeline/Pipeline.php(219): Illuminate/Routing/Middleware/SubstituteBindings->handle()
#13 C:/xampp/htdocs/maternal-care-system/vendor/laravel/framework/src/Illuminate/Foundation/Http/Middleware/PreventRequestForgery.php(104): Illuminate/Pipeline/Pipeline->{closure:{closure:Illuminate/Pipeline/Pipeline::carry():194}:195}()
#14 C:/xampp/htdocs/maternal-care-system/vendor/laravel/framework/src/Illuminate/Pipeline/Pipeline.php(219): Illuminate/Foundation/Http/Middleware/PreventRequestForgery->handle()
#15 C:/xampp/htdocs/maternal-care-system/vendor/laravel/framework/src/Illuminate/View/Middleware/ShareErrorsFromSession.php(48): Illuminate/Pipeline/Pipeline->{closure:{closure:Illuminate/Pipeline/Pipeline::carry():194}:195}()
#16 C:/xampp/htdocs/maternal-care-system/vendor/laravel/framework/src/Illuminate/Pipeline/Pipeline.php(219): Illuminate/View/Middleware/ShareErrorsFromSession->handle()
#17 C:/xampp/htdocs/maternal-care-system/vendor/laravel/framework/src/Illuminate/Session/Middleware/StartSession.php(120): Illuminate/Pipeline/Pipeline->{closure:{closure:Illuminate/Pipeline/Pipeline::carry():194}:195}()
#18 C:/xampp/htdocs/maternal-care-system/vendor/laravel/framework/src/Illuminate/Session/Middleware/StartSession.php(63): Illuminate/Session/Middleware/StartSession->handleStatefulRequest()
#19 C:/xampp/htdocs/maternal-care-system/vendor/laravel/framework/src/Illuminate/Pipeline/Pipeline.php(219): Illuminate/Session/Middleware/StartSession->handle()
#20 C:/xampp/htdocs/maternal-care-system/vendor/laravel/framework/src/Illuminate/Cookie/Middleware/AddQueuedCookiesToResponse.php(36): Illuminate/Pipeline/Pipeline->{closure:{closure:Illuminate/Pipeline/Pipeline::carry():194}:195}()
#21 C:/xampp/htdocs/maternal-care-system/vendor/laravel/framework/src/Illuminate/Pipeline/Pipeline.php(219): Illuminate/Cookie/Middleware/AddQueuedCookiesToResponse->handle()
#22 C:/xampp/htdocs/maternal-care-system/vendor/laravel/framework/src/Illuminate/Cookie/Middleware/EncryptCookies.php(74): Illuminate/Pipeline/Pipeline->{closure:{closure:Illuminate/Pipeline/Pipeline::carry():194}:195}()
#23 C:/xampp/htdocs/maternal-care-system/vendor/laravel/framework/src/Illuminate/Pipeline/Pipeline.php(219): Illuminate/Cookie/Middleware/EncryptCookies->handle()
#24 C:/xampp/htdocs/maternal-care-system/vendor/laravel/framework/src/Illuminate/Pipeline/Pipeline.php(137): Illuminate/Pipeline/Pipeline->{closure:{closure:Illuminate/Pipeline/Pipeline::carry():194}:195}()
#25 C:/xampp/htdocs/maternal-care-system/vendor/laravel/framework/src/Illuminate/Routing/Router.php(821): Illuminate/Pipeline/Pipeline->then()
#26 C:/xampp/htdocs/maternal-care-system/vendor/laravel/framework/src/Illuminate/Routing/Router.php(800): Illuminate/Routing/Router->runRouteWithinStack()
#27 C:/xampp/htdocs/maternal-care-system/vendor/laravel/framework/src/Illuminate/Routing/Router.php(764): Illuminate/Routing/Router->runRoute()
#28 C:/xampp/htdocs/maternal-care-system/vendor/laravel/framework/src/Illuminate/Routing/Router.php(753): Illuminate/Routing/Router->dispatchToRoute()
#29 C:/xampp/htdocs/maternal-care-system/vendor/laravel/framework/src/Illuminate/Foundation/Http/Kernel.php(200): Illuminate/Routing/Router->dispatch()
#30 C:/xampp/htdocs/maternal-care-system/vendor/laravel/framework/src/Illuminate/Pipeline/Pipeline.php(180): Illuminate/Foundation/Http/Kernel->{closure:Illuminate/Foundation/Http/Kernel::dispatchToRouter():197}()
#31 C:/xampp/htdocs/maternal-care-system/vendor/laravel/framework/src/Illuminate/Foundation/Http/Middleware/TransformsRequest.php(21): Illuminate/Pipeline/Pipeline->{closure:Illuminate/Pipeline/Pipeline::prepareDestination():178}()
#32 C:/xampp/htdocs/maternal-care-system/vendor/laravel/framework/src/Illuminate/Foundation/Http/Middleware/ConvertEmptyStringsToNull.php(31): Illuminate/Foundation/Http/Middleware/TransformsRequest->handle()
#33 C:/xampp/htdocs/maternal-care-system/vendor/laravel/framework/src/Illuminate/Pipeline/Pipeline.php(219): Illuminate/Foundation/Http/Middleware/ConvertEmptyStringsToNull->handle()
#34 C:/xampp/htdocs/maternal-care-system/vendor/laravel/framework/src/Illuminate/Foundation/Http/Middleware/TransformsRequest.php(21): Illuminate/Pipeline/Pipeline->{closure:{closure:Illuminate/Pipeline/Pipeline::carry():194}:195}()
#35 C:/xampp/htdocs/maternal-care-system/vendor/laravel/framework/src/Illuminate/Foundation/Http/Middleware/TrimStrings.php(51): Illuminate/Foundation/Http/Middleware/TransformsRequest->handle()
#36 C:/xampp/htdocs/maternal-care-system/vendor/laravel/framework/src/Illuminate/Pipeline/Pipeline.php(219): Illuminate/Foundation/Http/Middleware/TrimStrings->handle()
#37 C:/xampp/htdocs/maternal-care-system/vendor/laravel/framework/src/Illuminate/Http/Middleware/ValidatePostSize.php(27): Illuminate/Pipeline/Pipeline->{closure:{closure:Illuminate/Pipeline/Pipeline::carry():194}:195}()
#38 C:/xampp/htdocs/maternal-care-system/vendor/laravel/framework/src/Illuminate/Pipeline/Pipeline.php(219): Illuminate/Http/Middleware/ValidatePostSize->handle()
#39 C:/xampp/htdocs/maternal-care-system/vendor/laravel/framework/src/Illuminate/Foundation/Http/Middleware/PreventRequestsDuringMaintenance.php(109): Illuminate/Pipeline/Pipeline->{closure:{closure:Illuminate/Pipeline/Pipeline::carry():194}:195}()
#40 C:/xampp/htdocs/maternal-care-system/vendor/laravel/framework/src/Illuminate/Pipeline/Pipeline.php(219): Illuminate/Foundation/Http/Middleware/PreventRequestsDuringMaintenance->handle()
#41 C:/xampp/htdocs/maternal-care-system/vendor/laravel/framework/src/Illuminate/Http/Middleware/HandleCors.php(61): Illuminate/Pipeline/Pipeline->{closure:{closure:Illuminate/Pipeline/Pipeline::carry():194}:195}()
#42 C:/xampp/htdocs/maternal-care-system/vendor/laravel/framework/src/Illuminate/Pipeline/Pipeline.php(219): Illuminate/Http/Middleware/HandleCors->handle()
#43 C:/xampp/htdocs/maternal-care-system/vendor/laravel/framework/src/Illuminate/Http/Middleware/TrustProxies.php(58): Illuminate/Pipeline/Pipeline->{closure:{closure:Illuminate/Pipeline/Pipeline::carry():194}:195}()
#44 C:/xampp/htdocs/maternal-care-system/vendor/laravel/framework/src/Illuminate/Pipeline/Pipeline.php(219): Illuminate/Http/Middleware/TrustProxies->handle()
#45 C:/xampp/htdocs/maternal-care-system/vendor/laravel/framework/src/Illuminate/Foundation/Http/Middleware/InvokeDeferredCallbacks.php(22): Illuminate/Pipeline/Pipeline->{closure:{closure:Illuminate/Pipeline/Pipeline::carry():194}:195}()
#46 C:/xampp/htdocs/maternal-care-system/vendor/laravel/framework/src/Illuminate/Pipeline/Pipeline.php(219): Illuminate/Foundation/Http/Middleware/InvokeDeferredCallbacks->handle()
#47 C:/xampp/htdocs/maternal-care-system/vendor/laravel/framework/src/Illuminate/Http/Middleware/ValidatePathEncoding.php(28): Illuminate/Pipeline/Pipeline->{closure:{closure:Illuminate/Pipeline/Pipeline::carry():194}:195}()
#48 C:/xampp/htdocs/maternal-care-system/vendor/laravel/framework/src/Illuminate/Pipeline/Pipeline.php(219): Illuminate/Http/Middleware/ValidatePathEncoding->handle()
#49 C:/xampp/htdocs/maternal-care-system/vendor/laravel/framework/src/Illuminate/Pipeline/Pipeline.php(137): Illuminate/Pipeline/Pipeline->{closure:{closure:Illuminate/Pipeline/Pipeline::carry():194}:195}()
#50 C:/xampp/htdocs/maternal-care-system/vendor/laravel/framework/src/Illuminate/Foundation/Http/Kernel.php(175): Illuminate/Pipeline/Pipeline->then()
#51 C:/xampp/htdocs/maternal-care-system/vendor/laravel/framework/src/Illuminate/Foundation/Http/Kernel.php(144): Illuminate/Foundation/Http/Kernel->sendRequestThroughRouter()
#52 C:/xampp/htdocs/maternal-care-system/vendor/laravel/framework/src/Illuminate/Foundation/Application.php(1220): Illuminate/Foundation/Http/Kernel->handle()
#53 C:/xampp/htdocs/maternal-care-system/public/index.php(20): Illuminate/Foundation/Application->handleRequest()
#54 C:/xampp/htdocs/maternal-care-system/vendor/laravel/framework/src/Illuminate/Foundation/resources/server.php(23): require_once('...')
#55 {main}

[previous exception] [object] (ParseError(code: 0): syntax error, unexpected token \"endforeach\", expecting end of file at C:/xampp/htdocs/maternal-care-system/storage/framework/views/b2e3f3a6667759a21daf36b9d6d65e01.php:131)
[stacktrace]
#0 C:/xampp/htdocs/maternal-care-system/vendor/laravel/framework/src/Illuminate/Filesystem/Filesystem.php(124): Illuminate/Filesystem/Filesystem::{closure:Illuminate/Filesystem/Filesystem::getRequire():120}()
#1 C:/xampp/htdocs/maternal-care-system/vendor/laravel/framework/src/Illuminate/View/Engines/PhpEngine.php(57): Illuminate/Filesystem/Filesystem->getRequire()
#2 C:/xampp/htdocs/maternal-care-system/vendor/laravel/framework/src/Illuminate/View/Engines/CompilerEngine.php(76): Illuminate/View/Engines/PhpEngine->evaluatePath()
#3 C:/xampp/htdocs/maternal-care-system/vendor/laravel/framework/src/Illuminate/View/View.php(208): Illuminate/View/Engines/CompilerEngine->get()
#4 C:/xampp/htdocs/maternal-care-system/vendor/laravel/framework/src/Illuminate/View/View.php(191): Illuminate/View/View->getContents()
#5 C:/xampp/htdocs/maternal-care-system/vendor/laravel/framework/src/Illuminate/View/View.php(160): Illuminate/View/View->renderContents()
#6 C:/xampp/htdocs/maternal-care-system/vendor/laravel/framework/src/Illuminate/Http/Response.php(82): Illuminate/View/View->render()
#7 C:/xampp/htdocs/maternal-care-system/vendor/laravel/framework/src/Illuminate/Http/Response.php(40): Illuminate/Http/Response->setContent()
#8 C:/xampp/htdocs/maternal-care-system/vendor/laravel/framework/src/Illuminate/Routing/Router.php(939): Illuminate/Http/Response->__construct()
#9 C:/xampp/htdocs/maternal-care-system/vendor/laravel/framework/src/Illuminate/Routing/Router.php(906): Illuminate/Routing/Router::toResponse()
#10 C:/xampp/htdocs/maternal-care-system/vendor/laravel/framework/src/Illuminate/Routing/Router.php(821): Illuminate/Routing/Router->prepareResponse()
#11 C:/xampp/htdocs/maternal-care-system/vendor/laravel/framework/src/Illuminate/Pipeline/Pipeline.php(180): Illuminate/Routing/Router->{closure:Illuminate/Routing/Router::runRouteWithinStack():821}()
#12 C:/xampp/htdocs/maternal-care-system/vendor/laravel/framework/src/Illuminate/Routing/Middleware/SubstituteBindings.php(52): Illuminate/Pipeline/Pipeline->{closure:Illuminate/Pipeline/Pipeline::prepareDestination():178}()
#13 C:/xampp/htdocs/maternal-care-system/vendor/laravel/framework/src/Illuminate/Pipeline/Pipeline.php(219): Illuminate/Routing/Middleware/SubstituteBindings->handle()
#14 C:/xampp/htdocs/maternal-care-system/vendor/laravel/framework/src/Illuminate/Foundation/Http/Middleware/PreventRequestForgery.php(104): Illuminate/Pipeline/Pipeline->{closure:{closure:Illuminate/Pipeline/Pipeline::carry():194}:195}()
#15 C:/xampp/htdocs/maternal-care-system/vendor/laravel/framework/src/Illuminate/Pipeline/Pipeline.php(219): Illuminate/Foundation/Http/Middleware/PreventRequestForgery->handle()
#16 C:/xampp/htdocs/maternal-care-system/vendor/laravel/framework/src/Illuminate/View/Middleware/ShareErrorsFromSession.php(48): Illuminate/Pipeline/Pipeline->{closure:{closure:Illuminate/Pipeline/Pipeline::carry():194}:195}()
#17 C:/xampp/htdocs/maternal-care-system/vendor/laravel/framework/src/Illuminate/Pipeline/Pipeline.php(219): Illuminate/View/Middleware/ShareErrorsFromSession->handle()
#18 C:/xampp/htdocs/maternal-care-system/vendor/laravel/framework/src/Illuminate/Session/Middleware/StartSession.php(120): Illuminate/Pipeline/Pipeline->{closure:{closure:Illuminate/Pipeline/Pipeline::carry():194}:195}()
#19 C:/xampp/htdocs/maternal-care-system/vendor/laravel/framework/src/Illuminate/Session/Middleware/StartSession.php(63): Illuminate/Session/Middleware/StartSession->handleStatefulRequest()
#20 C:/xampp/htdocs/maternal-care-system/vendor/laravel/framework/src/Illuminate/Pipeline/Pipeline.php(219): Illuminate/Session/Middleware/StartSession->handle()
#21 C:/xampp/htdocs/maternal-care-system/vendor/laravel/framework/src/Illuminate/Cookie/Middleware/AddQueuedCookiesToResponse.php(36): Illuminate/Pipeline/Pipeline->{closure:{closure:Illuminate/Pipeline/Pipeline::carry():194}:195}()
#22 C:/xampp/htdocs/maternal-care-system/vendor/laravel/framework/src/Illuminate/Pipeline/Pipeline.php(219): Illuminate/Cookie/Middleware/AddQueuedCookiesToResponse->handle()
#23 C:/xampp/htdocs/maternal-care-system/vendor/laravel/framework/src/Illuminate/Cookie/Middleware/EncryptCookies.php(74): Illuminate/Pipeline/Pipeline->{closure:{closure:Illuminate/Pipeline/Pipeline::carry():194}:195}()
#24 C:/xampp/htdocs/maternal-care-system/vendor/laravel/framework/src/Illuminate/Pipeline/Pipeline.php(219): Illuminate/Cookie/Middleware/EncryptCookies->handle()
#25 C:/xampp/htdocs/maternal-care-system/vendor/laravel/framework/src/Illuminate/Pipeline/Pipeline.php(137): Illuminate/Pipeline/Pipeline->{closure:{closure:Illuminate/Pipeline/Pipeline::carry():194}:195}()
#26 C:/xampp/htdocs/maternal-care-system/vendor/laravel/framework/src/Illuminate/Routing/Router.php(821): Illuminate/Pipeline/Pipeline->then()
#27 C:/xampp/htdocs/maternal-care-system/vendor/laravel/framework/src/Illuminate/Routing/Router.php(800): Illuminate/Routing/Router->runRouteWithinStack()
#28 C:/xampp/htdocs/maternal-care-system/vendor/laravel/framework/src/Illuminate/Routing/Router.php(764): Illuminate/Routing/Router->runRoute()
#29 C:/xampp/htdocs/maternal-care-system/vendor/laravel/framework/src/Illuminate/Routing/Router.php(753): Illuminate/Routing/Router->dispatchToRoute()
#30 C:/xampp/htdocs/maternal-care-system/vendor/laravel/framework/src/Illuminate/Foundation/Http/Kernel.php(200): Illuminate/Routing/Router->dispatch()
#31 C:/xampp/htdocs/maternal-care-system/vendor/laravel/framework/src/Illuminate/Pipeline/Pipeline.php(180): Illuminate/Foundation/Http/Kernel->{closure:Illuminate/Foundation/Http/Kernel::dispatchToRouter():197}()
#32 C:/xampp/htdocs/maternal-care-system/vendor/laravel/framework/src/Illuminate/Foundation/Http/Middleware/TransformsRequest.php(21): Illuminate/Pipeline/Pipeline->{closure:Illuminate/Pipeline/Pipeline::prepareDestination():178}()
#33 C:/xampp/htdocs/maternal-care-system/vendor/laravel/framework/src/Illuminate/Foundation/Http/Middleware/ConvertEmptyStringsToNull.php(31): Illuminate/Foundation/Http/Middleware/TransformsRequest->handle()
#34 C:/xampp/htdocs/maternal-care-system/vendor/laravel/framework/src/Illuminate/Pipeline/Pipeline.php(219): Illuminate/Foundation/Http/Middleware/ConvertEmptyStringsToNull->handle()
#35 C:/xampp/htdocs/maternal-care-system/vendor/laravel/framework/src/Illuminate/Foundation/Http/Middleware/TransformsRequest.php(21): Illuminate/Pipeline/Pipeline->{closure:{closure:Illuminate/Pipeline/Pipeline::carry():194}:195}()
#36 C:/xampp/htdocs/maternal-care-system/vendor/laravel/framework/src/Illuminate/Foundation/Http/Middleware/TrimStrings.php(51): Illuminate/Foundation/Http/Middleware/TransformsRequest->handle()
#37 C:/xampp/htdocs/maternal-care-system/vendor/laravel/framework/src/Illuminate/Pipeline/Pipeline.php(219): Illuminate/Foundation/Http/Middleware/TrimStrings->handle()
#38 C:/xampp/htdocs/maternal-care-system/vendor/laravel/framework/src/Illuminate/Http/Middleware/ValidatePostSize.php(27): Illuminate/Pipeline/Pipeline->{closure:{closure:Illuminate/Pipeline/Pipeline::carry():194}:195}()
#39 C:/xampp/htdocs/maternal-care-system/vendor/laravel/framework/src/Illuminate/Pipeline/Pipeline.php(219): Illuminate/Http/Middleware/ValidatePostSize->handle()
#40 C:/xampp/htdocs/maternal-care-system/vendor/laravel/framework/src/Illuminate/Foundation/Http/Middleware/PreventRequestsDuringMaintenance.php(109): Illuminate/Pipeline/Pipeline->{closure:{closure:Illuminate/Pipeline/Pipeline::carry():194}:195}()
#41 C:/xampp/htdocs/maternal-care-system/vendor/laravel/framework/src/Illuminate/Pipeline/Pipeline.php(219): Illuminate/Foundation/Http/Middleware/PreventRequestsDuringMaintenance->handle()
#42 C:/xampp/htdocs/maternal-care-system/vendor/laravel/framework/src/Illuminate/Http/Middleware/HandleCors.php(61): Illuminate/Pipeline/Pipeline->{closure:{closure:Illuminate/Pipeline/Pipeline::carry():194}:195}()
#43 C:/xampp/htdocs/maternal-care-system/vendor/laravel/framework/src/Illuminate/Pipeline/Pipeline.php(219): Illuminate/Http/Middleware/HandleCors->handle()
#44 C:/xampp/htdocs/maternal-care-system/vendor/laravel/framework/src/Illuminate/Http/Middleware/TrustProxies.php(58): Illuminate/Pipeline/Pipeline->{closure:{closure:Illuminate/Pipeline/Pipeline::carry():194}:195}()
#45 C:/xampp/htdocs/maternal-care-system/vendor/laravel/framework/src/Illuminate/Pipeline/Pipeline.php(219): Illuminate/Http/Middleware/TrustProxies->handle()
#46 C:/xampp/htdocs/maternal-care-system/vendor/laravel/framework/src/Illuminate/Foundation/Http/Middleware/InvokeDeferredCallbacks.php(22): Illuminate/Pipeline/Pipeline->{closure:{closure:Illuminate/Pipeline/Pipeline::carry():194}:195}()
#47 C:/xampp/htdocs/maternal-care-system/vendor/laravel/framework/src/Illuminate/Pipeline/Pipeline.php(219): Illuminate/Foundation/Http/Middleware/InvokeDeferredCallbacks->handle()
#48 C:/xampp/htdocs/maternal-care-system/vendor/laravel/framework/src/Illuminate/Http/Middleware/ValidatePathEncoding.php(28): Illuminate/Pipeline/Pipeline->{closure:{closure:Illuminate/Pipeline/Pipeline::carry():194}:195}()
#49 C:/xampp/htdocs/maternal-care-system/vendor/laravel/framework/src/Illuminate/Pipeline/Pipeline.php(219): Illuminate/Http/Middleware/ValidatePathEncoding->handle()
#50 C:/xampp/htdocs/maternal-care-system/vendor/laravel/framework/src/Illuminate/Pipeline/Pipeline.php(137): Illuminate/Pipeline/Pipeline->{closure:{closure:Illuminate/Pipeline/Pipeline::carry():194}:195}()
#51 C:/xampp/htdocs/maternal-care-system/vendor/laravel/framework/src/Illuminate/Foundation/Http/Kernel.php(175): Illuminate/Pipeline/Pipeline->then()
#52 C:/xampp/htdocs/maternal-care-system/vendor/laravel/framework/src/Illuminate/Foundation/Http/Kernel.php(144): Illuminate/Foundation/Http/Kernel->sendRequestThroughRouter()
#53 C:/xampp/htdocs/maternal-care-system/vendor/laravel/framework/src/Illuminate/Foundation/Application.php(1220): Illuminate/Foundation/Http/Kernel->handle()
#54 C:/xampp/htdocs/maternal-care-system/public/index.php(20): Illuminate/Foundation/Application->handleRequest()
#55 C:/xampp/htdocs/maternal-care-system/vendor/laravel/framework/src/Illuminate/Foundation/resources/server.php(23): require_once('...')
#56 {main}
"} 
[2026-07-21 06:26:57] local.ERROR: syntax error, unexpected token "endforeach", expecting end of file (View: C:\xampp\htdocs\maternal-care-system\resources\views\midwife\visits.blade.php) {"userId":1,"exception":"[object] (Illuminate\\View\\ViewException(code: 0): syntax error, unexpected token \"endforeach\", expecting end of file (View: C:\\xampp\\htdocs\\maternal-care-system\\resources\\views\\midwife\\visits.blade.php) at C:/xampp/htdocs/maternal-care-system/storage/framework/views/b2e3f3a6667759a21daf36b9d6d65e01.php:136)
[stacktrace]
#0 C:/xampp/htdocs/maternal-care-system/vendor/laravel/framework/src/Illuminate/View/Engines/PhpEngine.php(59): Illuminate/View/Engines/CompilerEngine->handleViewException()
#1 C:/xampp/htdocs/maternal-care-system/vendor/laravel/framework/src/Illuminate/View/Engines/CompilerEngine.php(76): Illuminate/View/Engines/PhpEngine->evaluatePath()
#2 C:/xampp/htdocs/maternal-care-system/vendor/laravel/framework/src/Illuminate/View/View.php(208): Illuminate/View/Engines/CompilerEngine->get()
#3 C:/xampp/htdocs/maternal-care-system/vendor/laravel/framework/src/Illuminate/View/View.php(191): Illuminate/View/View->getContents()
#4 C:/xampp/htdocs/maternal-care-system/vendor/laravel/framework/src/Illuminate/View/View.php(160): Illuminate/View/View->renderContents()
#5 C:/xampp/htdocs/maternal-care-system/vendor/laravel/framework/src/Illuminate/Http/Response.php(82): Illuminate/View/View->render()
#6 C:/xampp/htdocs/maternal-care-system/vendor/laravel/framework/src/Illuminate/Http/Response.php(40): Illuminate/Http/Response->setContent()
#7 C:/xampp/htdocs/maternal-care-system/vendor/laravel/framework/src/Illuminate/Routing/Router.php(939): Illuminate/Http/Response->__construct()
#8 C:/xampp/htdocs/maternal-care-system/vendor/laravel/framework/src/Illuminate/Routing/Router.php(906): Illuminate/Routing/Router::toResponse()
#9 C:/xampp/htdocs/maternal-care-system/vendor/laravel/framework/src/Illuminate/Routing/Router.php(821): Illuminate/Routing/Router->prepareResponse()
#10 C:/xampp/htdocs/maternal-care-system/vendor/laravel/framework/src/Illuminate/Pipeline/Pipeline.php(180): Illuminate/Routing/Router->{closure:Illuminate/Routing/Router::runRouteWithinStack():821}()
#11 C:/xampp/htdocs/maternal-care-system/vendor/laravel/framework/src/Illuminate/Routing/Middleware/SubstituteBindings.php(52): Illuminate/Pipeline/Pipeline->{closure:Illuminate/Pipeline/Pipeline::prepareDestination():178}()
#12 C:/xampp/htdocs/maternal-care-system/vendor/laravel/framework/src/Illuminate/Pipeline/Pipeline.php(219): Illuminate/Routing/Middleware/SubstituteBindings->handle()
#13 C:/xampp/htdocs/maternal-care-system/vendor/laravel/framework/src/Illuminate/Foundation/Http/Middleware/PreventRequestForgery.php(104): Illuminate/Pipeline/Pipeline->{closure:{closure:Illuminate/Pipeline/Pipeline::carry():194}:195}()
#14 C:/xampp/htdocs/maternal-care-system/vendor/laravel/framework/src/Illuminate/Pipeline/Pipeline.php(219): Illuminate/Foundation/Http/Middleware/PreventRequestForgery->handle()
#15 C:/xampp/htdocs/maternal-care-system/vendor/laravel/framework/src/Illuminate/View/Middleware/ShareErrorsFromSession.php(48): Illuminate/Pipeline/Pipeline->{closure:{closure:Illuminate/Pipeline/Pipeline::carry():194}:195}()
#16 C:/xampp/htdocs/maternal-care-system/vendor/laravel/framework/src/Illuminate/Pipeline/Pipeline.php(219): Illuminate/View/Middleware/ShareErrorsFromSession->handle()
#17 C:/xampp/htdocs/maternal-care-system/vendor/laravel/framework/src/Illuminate/Session/Middleware/StartSession.php(120): Illuminate/Pipeline/Pipeline->{closure:{closure:Illuminate/Pipeline/Pipeline::carry():194}:195}()
#18 C:/xampp/htdocs/maternal-care-system/vendor/laravel/framework/src/Illuminate/Session/Middleware/StartSession.php(63): Illuminate/Session/Middleware/StartSession->handleStatefulRequest()
#19 C:/xampp/htdocs/maternal-care-system/vendor/laravel/framework/src/Illuminate/Pipeline/Pipeline.php(219): Illuminate/Session/Middleware/StartSession->handle()
#20 C:/xampp/htdocs/maternal-care-system/vendor/laravel/framework/src/Illuminate/Cookie/Middleware/AddQueuedCookiesToResponse.php(36): Illuminate/Pipeline/Pipeline->{closure:{closure:Illuminate/Pipeline/Pipeline::carry():194}:195}()
#21 C:/xampp/htdocs/maternal-care-system/vendor/laravel/framework/src/Illuminate/Pipeline/Pipeline.php(219): Illuminate/Cookie/Middleware/AddQueuedCookiesToResponse->handle()
#22 C:/xampp/htdocs/maternal-care-system/vendor/laravel/framework/src/Illuminate/Cookie/Middleware/EncryptCookies.php(74): Illuminate/Pipeline/Pipeline->{closure:{closure:Illuminate/Pipeline/Pipeline::carry():194}:195}()
#23 C:/xampp/htdocs/maternal-care-system/vendor/laravel/framework/src/Illuminate/Pipeline/Pipeline.php(219): Illuminate/Cookie/Middleware/EncryptCookies->handle()
#24 C:/xampp/htdocs/maternal-care-system/vendor/laravel/framework/src/Illuminate/Pipeline/Pipeline.php(137): Illuminate/Pipeline/Pipeline->{closure:{closure:Illuminate/Pipeline/Pipeline::carry():194}:195}()
#25 C:/xampp/htdocs/maternal-care-system/vendor/laravel/framework/src/Illuminate/Routing/Router.php(821): Illuminate/Pipeline/Pipeline->then()
#26 C:/xampp/htdocs/maternal-care-system/vendor/laravel/framework/src/Illuminate/Routing/Router.php(800): Illuminate/Routing/Router->runRouteWithinStack()
#27 C:/xampp/htdocs/maternal-care-system/vendor/laravel/framework/src/Illuminate/Routing/Router.php(764): Illuminate/Routing/Router->runRoute()
#28 C:/xampp/htdocs/maternal-care-system/vendor/laravel/framework/src/Illuminate/Routing/Router.php(753): Illuminate/Routing/Router->dispatchToRoute()
#29 C:/xampp/htdocs/maternal-care-system/vendor/laravel/framework/src/Illuminate/Foundation/Http/Kernel.php(200): Illuminate/Routing/Router->dispatch()
#30 C:/xampp/htdocs/maternal-care-system/vendor/laravel/framework/src/Illuminate/Pipeline/Pipeline.php(180): Illuminate/Foundation/Http/Kernel->{closure:Illuminate/Foundation/Http/Kernel::dispatchToRouter():197}()
#31 C:/xampp/htdocs/maternal-care-system/vendor/laravel/framework/src/Illuminate/Foundation/Http/Middleware/TransformsRequest.php(21): Illuminate/Pipeline/Pipeline->{closure:Illuminate/Pipeline/Pipeline::prepareDestination():178}()
#32 C:/xampp/htdocs/maternal-care-system/vendor/laravel/framework/src/Illuminate/Foundation/Http/Middleware/ConvertEmptyStringsToNull.php(31): Illuminate/Foundation/Http/Middleware/TransformsRequest->handle()
#33 C:/xampp/htdocs/maternal-care-system/vendor/laravel/framework/src/Illuminate/Pipeline/Pipeline.php(219): Illuminate/Foundation/Http/Middleware/ConvertEmptyStringsToNull->handle()
#34 C:/xampp/htdocs/maternal-care-system/vendor/laravel/framework/src/Illuminate/Foundation/Http/Middleware/TransformsRequest.php(21): Illuminate/Pipeline/Pipeline->{closure:{closure:Illuminate/Pipeline/Pipeline::carry():194}:195}()
#35 C:/xampp/htdocs/maternal-care-system/vendor/laravel/framework/src/Illuminate/Foundation/Http/Middleware/TrimStrings.php(51): Illuminate/Foundation/Http/Middleware/TransformsRequest->handle()
#36 C:/xampp/htdocs/maternal-care-system/vendor/laravel/framework/src/Illuminate/Pipeline/Pipeline.php(219): Illuminate/Foundation/Http/Middleware/TrimStrings->handle()
#37 C:/xampp/htdocs/maternal-care-system/vendor/laravel/framework/src/Illuminate/Http/Middleware/ValidatePostSize.php(27): Illuminate/Pipeline/Pipeline->{closure:{closure:Illuminate/Pipeline/Pipeline::carry():194}:195}()
#38 C:/xampp/htdocs/maternal-care-system/vendor/laravel/framework/src/Illuminate/Pipeline/Pipeline.php(219): Illuminate/Http/Middleware/ValidatePostSize->handle()
#39 C:/xampp/htdocs/maternal-care-system/vendor/laravel/framework/src/Illuminate/Foundation/Http/Middleware/PreventRequestsDuringMaintenance.php(109): Illuminate/Pipeline/Pipeline->{closure:{closure:Illuminate/Pipeline/Pipeline::carry():194}:195}()
#40 C:/xampp/htdocs/maternal-care-system/vendor/laravel/framework/src/Illuminate/Pipeline/Pipeline.php(219): Illuminate/Foundation/Http/Middleware/PreventRequestsDuringMaintenance->handle()
#41 C:/xampp/htdocs/maternal-care-system/vendor/laravel/framework/src/Illuminate/Http/Middleware/HandleCors.php(61): Illuminate/Pipeline/Pipeline->{closure:{closure:Illuminate/Pipeline/Pipeline::carry():194}:195}()
#42 C:/xampp/htdocs/maternal-care-system/vendor/laravel/framework/src/Illuminate/Pipeline/Pipeline.php(219): Illuminate/Http/Middleware/HandleCors->handle()
#43 C:/xampp/htdocs/maternal-care-system/vendor/laravel/framework/src/Illuminate/Http/Middleware/TrustProxies.php(58): Illuminate/Pipeline/Pipeline->{closure:{closure:Illuminate/Pipeline/Pipeline::carry():194}:195}()
#44 C:/xampp/htdocs/maternal-care-system/vendor/laravel/framework/src/Illuminate/Pipeline/Pipeline.php(219): Illuminate/Http/Middleware/TrustProxies->handle()
#45 C:/xampp/htdocs/maternal-care-system/vendor/laravel/framework/src/Illuminate/Foundation/Http/Middleware/InvokeDeferredCallbacks.php(22): Illuminate/Pipeline/Pipeline->{closure:{closure:Illuminate/Pipeline/Pipeline::carry():194}:195}()
#46 C:/xampp/htdocs/maternal-care-system/vendor/laravel/framework/src/Illuminate/Pipeline/Pipeline.php(219): Illuminate/Foundation/Http/Middleware/InvokeDeferredCallbacks->handle()
#47 C:/xampp/htdocs/maternal-care-system/vendor/laravel/framework/src/Illuminate/Http/Middleware/ValidatePathEncoding.php(28): Illuminate/Pipeline/Pipeline->{closure:{closure:Illuminate/Pipeline/Pipeline::carry():194}:195}()
#48 C:/xampp/htdocs/maternal-care-system/vendor/laravel/framework/src/Illuminate/Pipeline/Pipeline.php(219): Illuminate/Http/Middleware/ValidatePathEncoding->handle()
#49 C:/xampp/htdocs/maternal-care-system/vendor/laravel/framework/src/Illuminate/Pipeline/Pipeline.php(137): Illuminate/Pipeline/Pipeline->{closure:{closure:Illuminate/Pipeline/Pipeline::carry():194}:195}()
#50 C:/xampp/htdocs/maternal-care-system/vendor/laravel/framework/src/Illuminate/Foundation/Http/Kernel.php(175): Illuminate/Pipeline/Pipeline->then()
#51 C:/xampp/htdocs/maternal-care-system/vendor/laravel/framework/src/Illuminate/Foundation/Http/Kernel.php(144): Illuminate/Foundation/Http/Kernel->sendRequestThroughRouter()
#52 C:/xampp/htdocs/maternal-care-system/vendor/laravel/framework/src/Illuminate/Foundation/Application.php(1220): Illuminate/Foundation/Http/Kernel->handle()
#53 C:/xampp/htdocs/maternal-care-system/public/index.php(20): Illuminate/Foundation/Application->handleRequest()
#54 C:/xampp/htdocs/maternal-care-system/vendor/laravel/framework/src/Illuminate/Foundation/resources/server.php(23): require_once('...')
#55 {main}

[previous exception] [object] (ParseError(code: 0): syntax error, unexpected token \"endforeach\", expecting end of file at C:/xampp/htdocs/maternal-care-system/storage/framework/views/b2e3f3a6667759a21daf36b9d6d65e01.php:136)
[stacktrace]
#0 C:/xampp/htdocs/maternal-care-system/vendor/laravel/framework/src/Illuminate/Filesystem/Filesystem.php(124): Illuminate/Filesystem/Filesystem::{closure:Illuminate/Filesystem/Filesystem::getRequire():120}()
#1 C:/xampp/htdocs/maternal-care-system/vendor/laravel/framework/src/Illuminate/View/Engines/PhpEngine.php(57): Illuminate/Filesystem/Filesystem->getRequire()
#2 C:/xampp/htdocs/maternal-care-system/vendor/laravel/framework/src/Illuminate/View/Engines/CompilerEngine.php(76): Illuminate/View/Engines/PhpEngine->evaluatePath()
#3 C:/xampp/htdocs/maternal-care-system/vendor/laravel/framework/src/Illuminate/View/View.php(208): Illuminate/View/Engines/CompilerEngine->get()
#4 C:/xampp/htdocs/maternal-care-system/vendor/laravel/framework/src/Illuminate/View/View.php(191): Illuminate/View/View->getContents()
#5 C:/xampp/htdocs/maternal-care-system/vendor/laravel/framework/src/Illuminate/View/View.php(160): Illuminate/View/View->renderContents()
#6 C:/xampp/htdocs/maternal-care-system/vendor/laravel/framework/src/Illuminate/Http/Response.php(82): Illuminate/View/View->render()
#7 C:/xampp/htdocs/maternal-care-system/vendor/laravel/framework/src/Illuminate/Http/Response.php(40): Illuminate/Http/Response->setContent()
#8 C:/xampp/htdocs/maternal-care-system/vendor/laravel/framework/src/Illuminate/Routing/Router.php(939): Illuminate/Http/Response->__construct()
#9 C:/xampp/htdocs/maternal-care-system/vendor/laravel/framework/src/Illuminate/Routing/Router.php(906): Illuminate/Routing/Router::toResponse()
#10 C:/xampp/htdocs/maternal-care-system/vendor/laravel/framework/src/Illuminate/Routing/Router.php(821): Illuminate/Routing/Router->prepareResponse()
#11 C:/xampp/htdocs/maternal-care-system/vendor/laravel/framework/src/Illuminate/Pipeline/Pipeline.php(180): Illuminate/Routing/Router->{closure:Illuminate/Routing/Router::runRouteWithinStack():821}()
#12 C:/xampp/htdocs/maternal-care-system/vendor/laravel/framework/src/Illuminate/Routing/Middleware/SubstituteBindings.php(52): Illuminate/Pipeline/Pipeline->{closure:Illuminate/Pipeline/Pipeline::prepareDestination():178}()
#13 C:/xampp/htdocs/maternal-care-system/vendor/laravel/framework/src/Illuminate/Pipeline/Pipeline.php(219): Illuminate/Routing/Middleware/SubstituteBindings->handle()
#14 C:/xampp/htdocs/maternal-care-system/vendor/laravel/framework/src/Illuminate/Foundation/Http/Middleware/PreventRequestForgery.php(104): Illuminate/Pipeline/Pipeline->{closure:{closure:Illuminate/Pipeline/Pipeline::carry():194}:195}()
#15 C:/xampp/htdocs/maternal-care-system/vendor/laravel/framework/src/Illuminate/Pipeline/Pipeline.php(219): Illuminate/Foundation/Http/Middleware/PreventRequestForgery->handle()
#16 C:/xampp/htdocs/maternal-care-system/vendor/laravel/framework/src/Illuminate/View/Middleware/ShareErrorsFromSession.php(48): Illuminate/Pipeline/Pipeline->{closure:{closure:Illuminate/Pipeline/Pipeline::carry():194}:195}()
#17 C:/xampp/htdocs/maternal-care-system/vendor/laravel/framework/src/Illuminate/Pipeline/Pipeline.php(219): Illuminate/View/Middleware/ShareErrorsFromSession->handle()
#18 C:/xampp/htdocs/maternal-care-system/vendor/laravel/framework/src/Illuminate/Session/Middleware/StartSession.php(120): Illuminate/Pipeline/Pipeline->{closure:{closure:Illuminate/Pipeline/Pipeline::carry():194}:195}()
#19 C:/xampp/htdocs/maternal-care-system/vendor/laravel/framework/src/Illuminate/Session/Middleware/StartSession.php(63): Illuminate/Session/Middleware/StartSession->handleStatefulRequest()
#20 C:/xampp/htdocs/maternal-care-system/vendor/laravel/framework/src/Illuminate/Pipeline/Pipeline.php(219): Illuminate/Session/Middleware/StartSession->handle()
#21 C:/xampp/htdocs/maternal-care-system/vendor/laravel/framework/src/Illuminate/Cookie/Middleware/AddQueuedCookiesToResponse.php(36): Illuminate/Pipeline/Pipeline->{closure:{closure:Illuminate/Pipeline/Pipeline::carry():194}:195}()
#22 C:/xampp/htdocs/maternal-care-system/vendor/laravel/framework/src/Illuminate/Pipeline/Pipeline.php(219): Illuminate/Cookie/Middleware/AddQueuedCookiesToResponse->handle()
#23 C:/xampp/htdocs/maternal-care-system/vendor/laravel/framework/src/Illuminate/Cookie/Middleware/EncryptCookies.php(74): Illuminate/Pipeline/Pipeline->{closure:{closure:Illuminate/Pipeline/Pipeline::carry():194}:195}()
#24 C:/xampp/htdocs/maternal-care-system/vendor/laravel/framework/src/Illuminate/Pipeline/Pipeline.php(219): Illuminate/Cookie/Middleware/EncryptCookies->handle()
#25 C:/xampp/htdocs/maternal-care-system/vendor/laravel/framework/src/Illuminate/Pipeline/Pipeline.php(137): Illuminate/Pipeline/Pipeline->{closure:{closure:Illuminate/Pipeline/Pipeline::carry():194}:195}()
#26 C:/xampp/htdocs/maternal-care-system/vendor/laravel/framework/src/Illuminate/Routing/Router.php(821): Illuminate/Pipeline/Pipeline->then()
#27 C:/xampp/htdocs/maternal-care-system/vendor/laravel/framework/src/Illuminate/Routing/Router.php(800): Illuminate/Routing/Router->runRouteWithinStack()
#28 C:/xampp/htdocs/maternal-care-system/vendor/laravel/framework/src/Illuminate/Routing/Router.php(764): Illuminate/Routing/Router->runRoute()
#29 C:/xampp/htdocs/maternal-care-system/vendor/laravel/framework/src/Illuminate/Routing/Router.php(753): Illuminate/Routing/Router->dispatchToRoute()
#30 C:/xampp/htdocs/maternal-care-system/vendor/laravel/framework/src/Illuminate/Foundation/Http/Kernel.php(200): Illuminate/Routing/Router->dispatch()
#31 C:/xampp/htdocs/maternal-care-system/vendor/laravel/framework/src/Illuminate/Pipeline/Pipeline.php(180): Illuminate/Foundation/Http/Kernel->{closure:Illuminate/Foundation/Http/Kernel::dispatchToRouter():197}()
#32 C:/xampp/htdocs/maternal-care-system/vendor/laravel/framework/src/Illuminate/Foundation/Http/Middleware/TransformsRequest.php(21): Illuminate/Pipeline/Pipeline->{closure:Illuminate/Pipeline/Pipeline::prepareDestination():178}()
#33 C:/xampp/htdocs/maternal-care-system/vendor/laravel/framework/src/Illuminate/Foundation/Http/Middleware/ConvertEmptyStringsToNull.php(31): Illuminate/Foundation/Http/Middleware/TransformsRequest->handle()
#34 C:/xampp/htdocs/maternal-care-system/vendor/laravel/framework/src/Illuminate/Pipeline/Pipeline.php(219): Illuminate/Foundation/Http/Middleware/ConvertEmptyStringsToNull->handle()
#35 C:/xampp/htdocs/maternal-care-system/vendor/laravel/framework/src/Illuminate/Foundation/Http/Middleware/TransformsRequest.php(21): Illuminate/Pipeline/Pipeline->{closure:{closure:Illuminate/Pipeline/Pipeline::carry():194}:195}()
#36 C:/xampp/htdocs/maternal-care-system/vendor/laravel/framework/src/Illuminate/Foundation/Http/Middleware/TrimStrings.php(51): Illuminate/Foundation/Http/Middleware/TransformsRequest->handle()
#37 C:/xampp/htdocs/maternal-care-system/vendor/laravel/framework/src/Illuminate/Pipeline/Pipeline.php(219): Illuminate/Foundation/Http/Middleware/TrimStrings->handle()
#38 C:/xampp/htdocs/maternal-care-system/vendor/laravel/framework/src/Illuminate/Http/Middleware/ValidatePostSize.php(27): Illuminate/Pipeline/Pipeline->{closure:{closure:Illuminate/Pipeline/Pipeline::carry():194}:195}()
#39 C:/xampp/htdocs/maternal-care-system/vendor/laravel/framework/src/Illuminate/Pipeline/Pipeline.php(219): Illuminate/Http/Middleware/ValidatePostSize->handle()
#40 C:/xampp/htdocs/maternal-care-system/vendor/laravel/framework/src/Illuminate/Foundation/Http/Middleware/PreventRequestsDuringMaintenance.php(109): Illuminate/Pipeline/Pipeline->{closure:{closure:Illuminate/Pipeline/Pipeline::carry():194}:195}()
#41 C:/xampp/htdocs/maternal-care-system/vendor/laravel/framework/src/Illuminate/Pipeline/Pipeline.php(219): Illuminate/Foundation/Http/Middleware/PreventRequestsDuringMaintenance->handle()
#42 C:/xampp/htdocs/maternal-care-system/vendor/laravel/framework/src/Illuminate/Http/Middleware/HandleCors.php(61): Illuminate/Pipeline/Pipeline->{closure:{closure:Illuminate/Pipeline/Pipeline::carry():194}:195}()
#43 C:/xampp/htdocs/maternal-care-system/vendor/laravel/framework/src/Illuminate/Pipeline/Pipeline.php(219): Illuminate/Http/Middleware/HandleCors->handle()
#44 C:/xampp/htdocs/maternal-care-system/vendor/laravel/framework/src/Illuminate/Http/Middleware/TrustProxies.php(58): Illuminate/Pipeline/Pipeline->{closure:{closure:Illuminate/Pipeline/Pipeline::carry():194}:195}()
#45 C:/xampp/htdocs/maternal-care-system/vendor/laravel/framework/src/Illuminate/Pipeline/Pipeline.php(219): Illuminate/Http/Middleware/TrustProxies->handle()
#46 C:/xampp/htdocs/maternal-care-system/vendor/laravel/framework/src/Illuminate/Foundation/Http/Middleware/InvokeDeferredCallbacks.php(22): Illuminate/Pipeline/Pipeline->{closure:{closure:Illuminate/Pipeline/Pipeline::carry():194}:195}()
#47 C:/xampp/htdocs/maternal-care-system/vendor/laravel/framework/src/Illuminate/Pipeline/Pipeline.php(219): Illuminate/Foundation/Http/Middleware/InvokeDeferredCallbacks->handle()
#48 C:/xampp/htdocs/maternal-care-system/vendor/laravel/framework/src/Illuminate/Http/Middleware/ValidatePathEncoding.php(28): Illuminate/Pipeline/Pipeline->{closure:{closure:Illuminate/Pipeline/Pipeline::carry():194}:195}()
#49 C:/xampp/htdocs/maternal-care-system/vendor/laravel/framework/src/Illuminate/Pipeline/Pipeline.php(219): Illuminate/Http/Middleware/ValidatePathEncoding->handle()
#50 C:/xampp/htdocs/maternal-care-system/vendor/laravel/framework/src/Illuminate/Pipeline/Pipeline.php(137): Illuminate/Pipeline/Pipeline->{closure:{closure:Illuminate/Pipeline/Pipeline::carry():194}:195}()
#51 C:/xampp/htdocs/maternal-care-system/vendor/laravel/framework/src/Illuminate/Foundation/Http/Kernel.php(175): Illuminate/Pipeline/Pipeline->then()
#52 C:/xampp/htdocs/maternal-care-system/vendor/laravel/framework/src/Illuminate/Foundation/Http/Kernel.php(144): Illuminate/Foundation/Http/Kernel->sendRequestThroughRouter()
#53 C:/xampp/htdocs/maternal-care-system/vendor/laravel/framework/src/Illuminate/Foundation/Application.php(1220): Illuminate/Foundation/Http/Kernel->handle()
#54 C:/xampp/htdocs/maternal-care-system/public/index.php(20): Illuminate/Foundation/Application->handleRequest()
#55 C:/xampp/htdocs/maternal-care-system/vendor/laravel/framework/src/Illuminate/Foundation/resources/server.php(23): require_once('...')
#56 {main}
"} 
[2026-07-21 06:27:22] local.ERROR: syntax error, unexpected token "endforeach", expecting end of file (View: C:\xampp\htdocs\maternal-care-system\resources\views\midwife\visits.blade.php) {"userId":1,"exception":"[object] (Illuminate\\View\\ViewException(code: 0): syntax error, unexpected token \"endforeach\", expecting end of file (View: C:\\xampp\\htdocs\\maternal-care-system\\resources\\views\\midwife\\visits.blade.php) at C:/xampp/htdocs/maternal-care-system/storage/framework/views/b2e3f3a6667759a21daf36b9d6d65e01.php:136)
[stacktrace]
#0 C:/xampp/htdocs/maternal-care-system/vendor/laravel/framework/src/Illuminate/View/Engines/PhpEngine.php(59): Illuminate/View/Engines/CompilerEngine->handleViewException()
#1 C:/xampp/htdocs/maternal-care-system/vendor/laravel/framework/src/Illuminate/View/Engines/CompilerEngine.php(76): Illuminate/View/Engines/PhpEngine->evaluatePath()
#2 C:/xampp/htdocs/maternal-care-system/vendor/laravel/framework/src/Illuminate/View/View.php(208): Illuminate/View/Engines/CompilerEngine->get()
#3 C:/xampp/htdocs/maternal-care-system/vendor/laravel/framework/src/Illuminate/View/View.php(191): Illuminate/View/View->getContents()
#4 C:/xampp/htdocs/maternal-care-system/vendor/laravel/framework/src/Illuminate/View/View.php(160): Illuminate/View/View->renderContents()
#5 C:/xampp/htdocs/maternal-care-system/vendor/laravel/framework/src/Illuminate/Http/Response.php(82): Illuminate/View/View->render()
#6 C:/xampp/htdocs/maternal-care-system/vendor/laravel/framework/src/Illuminate/Http/Response.php(40): Illuminate/Http/Response->setContent()
#7 C:/xampp/htdocs/maternal-care-system/vendor/laravel/framework/src/Illuminate/Routing/Router.php(939): Illuminate/Http/Response->__construct()
#8 C:/xampp/htdocs/maternal-care-system/vendor/laravel/framework/src/Illuminate/Routing/Router.php(906): Illuminate/Routing/Router::toResponse()
#9 C:/xampp/htdocs/maternal-care-system/vendor/laravel/framework/src/Illuminate/Routing/Router.php(821): Illuminate/Routing/Router->prepareResponse()
#10 C:/xampp/htdocs/maternal-care-system/vendor/laravel/framework/src/Illuminate/Pipeline/Pipeline.php(180): Illuminate/Routing/Router->{closure:Illuminate/Routing/Router::runRouteWithinStack():821}()
#11 C:/xampp/htdocs/maternal-care-system/vendor/laravel/framework/src/Illuminate/Routing/Middleware/SubstituteBindings.php(52): Illuminate/Pipeline/Pipeline->{closure:Illuminate/Pipeline/Pipeline::prepareDestination():178}()
#12 C:/xampp/htdocs/maternal-care-system/vendor/laravel/framework/src/Illuminate/Pipeline/Pipeline.php(219): Illuminate/Routing/Middleware/SubstituteBindings->handle()
#13 C:/xampp/htdocs/maternal-care-system/vendor/laravel/framework/src/Illuminate/Foundation/Http/Middleware/PreventRequestForgery.php(104): Illuminate/Pipeline/Pipeline->{closure:{closure:Illuminate/Pipeline/Pipeline::carry():194}:195}()
#14 C:/xampp/htdocs/maternal-care-system/vendor/laravel/framework/src/Illuminate/Pipeline/Pipeline.php(219): Illuminate/Foundation/Http/Middleware/PreventRequestForgery->handle()
#15 C:/xampp/htdocs/maternal-care-system/vendor/laravel/framework/src/Illuminate/View/Middleware/ShareErrorsFromSession.php(48): Illuminate/Pipeline/Pipeline->{closure:{closure:Illuminate/Pipeline/Pipeline::carry():194}:195}()
#16 C:/xampp/htdocs/maternal-care-system/vendor/laravel/framework/src/Illuminate/Pipeline/Pipeline.php(219): Illuminate/View/Middleware/ShareErrorsFromSession->handle()
#17 C:/xampp/htdocs/maternal-care-system/vendor/laravel/framework/src/Illuminate/Session/Middleware/StartSession.php(120): Illuminate/Pipeline/Pipeline->{closure:{closure:Illuminate/Pipeline/Pipeline::carry():194}:195}()
#18 C:/xampp/htdocs/maternal-care-system/vendor/laravel/framework/src/Illuminate/Session/Middleware/StartSession.php(63): Illuminate/Session/Middleware/StartSession->handleStatefulRequest()
#19 C:/xampp/htdocs/maternal-care-system/vendor/laravel/framework/src/Illuminate/Pipeline/Pipeline.php(219): Illuminate/Session/Middleware/StartSession->handle()
#20 C:/xampp/htdocs/maternal-care-system/vendor/laravel/framework/src/Illuminate/Cookie/Middleware/AddQueuedCookiesToResponse.php(36): Illuminate/Pipeline/Pipeline->{closure:{closure:Illuminate/Pipeline/Pipeline::carry():194}:195}()
#21 C:/xampp/htdocs/maternal-care-system/vendor/laravel/framework/src/Illuminate/Pipeline/Pipeline.php(219): Illuminate/Cookie/Middleware/AddQueuedCookiesToResponse->handle()
#22 C:/xampp/htdocs/maternal-care-system/vendor/laravel/framework/src/Illuminate/Cookie/Middleware/EncryptCookies.php(74): Illuminate/Pipeline/Pipeline->{closure:{closure:Illuminate/Pipeline/Pipeline::carry():194}:195}()
#23 C:/xampp/htdocs/maternal-care-system/vendor/laravel/framework/src/Illuminate/Pipeline/Pipeline.php(219): Illuminate/Cookie/Middleware/EncryptCookies->handle()
#24 C:/xampp/htdocs/maternal-care-system/vendor/laravel/framework/src/Illuminate/Pipeline/Pipeline.php(137): Illuminate/Pipeline/Pipeline->{closure:{closure:Illuminate/Pipeline/Pipeline::carry():194}:195}()
#25 C:/xampp/htdocs/maternal-care-system/vendor/laravel/framework/src/Illuminate/Routing/Router.php(821): Illuminate/Pipeline/Pipeline->then()
#26 C:/xampp/htdocs/maternal-care-system/vendor/laravel/framework/src/Illuminate/Routing/Router.php(800): Illuminate/Routing/Router->runRouteWithinStack()
#27 C:/xampp/htdocs/maternal-care-system/vendor/laravel/framework/src/Illuminate/Routing/Router.php(764): Illuminate/Routing/Router->runRoute()
#28 C:/xampp/htdocs/maternal-care-system/vendor/laravel/framework/src/Illuminate/Routing/Router.php(753): Illuminate/Routing/Router->dispatchToRoute()
#29 C:/xampp/htdocs/maternal-care-system/vendor/laravel/framework/src/Illuminate/Foundation/Http/Kernel.php(200): Illuminate/Routing/Router->dispatch()
#30 C:/xampp/htdocs/maternal-care-system/vendor/laravel/framework/src/Illuminate/Pipeline/Pipeline.php(180): Illuminate/Foundation/Http/Kernel->{closure:Illuminate/Foundation/Http/Kernel::dispatchToRouter():197}()
#31 C:/xampp/htdocs/maternal-care-system/vendor/laravel/framework/src/Illuminate/Foundation/Http/Middleware/TransformsRequest.php(21): Illuminate/Pipeline/Pipeline->{closure:Illuminate/Pipeline/Pipeline::prepareDestination():178}()
#32 C:/xampp/htdocs/maternal-care-system/vendor/laravel/framework/src/Illuminate/Foundation/Http/Middleware/ConvertEmptyStringsToNull.php(31): Illuminate/Foundation/Http/Middleware/TransformsRequest->handle()
#33 C:/xampp/htdocs/maternal-care-system/vendor/laravel/framework/src/Illuminate/Pipeline/Pipeline.php(219): Illuminate/Foundation/Http/Middleware/ConvertEmptyStringsToNull->handle()
#34 C:/xampp/htdocs/maternal-care-system/vendor/laravel/framework/src/Illuminate/Foundation/Http/Middleware/TransformsRequest.php(21): Illuminate/Pipeline/Pipeline->{closure:{closure:Illuminate/Pipeline/Pipeline::carry():194}:195}()
#35 C:/xampp/htdocs/maternal-care-system/vendor/laravel/framework/src/Illuminate/Foundation/Http/Middleware/TrimStrings.php(51): Illuminate/Foundation/Http/Middleware/TransformsRequest->handle()
#36 C:/xampp/htdocs/maternal-care-system/vendor/laravel/framework/src/Illuminate/Pipeline/Pipeline.php(219): Illuminate/Foundation/Http/Middleware/TrimStrings->handle()
#37 C:/xampp/htdocs/maternal-care-system/vendor/laravel/framework/src/Illuminate/Http/Middleware/ValidatePostSize.php(27): Illuminate/Pipeline/Pipeline->{closure:{closure:Illuminate/Pipeline/Pipeline::carry():194}:195}()
#38 C:/xampp/htdocs/maternal-care-system/vendor/laravel/framework/src/Illuminate/Pipeline/Pipeline.php(219): Illuminate/Http/Middleware/ValidatePostSize->handle()
#39 C:/xampp/htdocs/maternal-care-system/vendor/laravel/framework/src/Illuminate/Foundation/Http/Middleware/PreventRequestsDuringMaintenance.php(109): Illuminate/Pipeline/Pipeline->{closure:{closure:Illuminate/Pipeline/Pipeline::carry():194}:195}()
#40 C:/xampp/htdocs/maternal-care-system/vendor/laravel/framework/src/Illuminate/Pipeline/Pipeline.php(219): Illuminate/Foundation/Http/Middleware/PreventRequestsDuringMaintenance->handle()
#41 C:/xampp/htdocs/maternal-care-system/vendor/laravel/framework/src/Illuminate/Http/Middleware/HandleCors.php(61): Illuminate/Pipeline/Pipeline->{closure:{closure:Illuminate/Pipeline/Pipeline::carry():194}:195}()
#42 C:/xampp/htdocs/maternal-care-system/vendor/laravel/framework/src/Illuminate/Pipeline/Pipeline.php(219): Illuminate/Http/Middleware/HandleCors->handle()
#43 C:/xampp/htdocs/maternal-care-system/vendor/laravel/framework/src/Illuminate/Http/Middleware/TrustProxies.php(58): Illuminate/Pipeline/Pipeline->{closure:{closure:Illuminate/Pipeline/Pipeline::carry():194}:195}()
#44 C:/xampp/htdocs/maternal-care-system/vendor/laravel/framework/src/Illuminate/Pipeline/Pipeline.php(219): Illuminate/Http/Middleware/TrustProxies->handle()
#45 C:/xampp/htdocs/maternal-care-system/vendor/laravel/framework/src/Illuminate/Foundation/Http/Middleware/InvokeDeferredCallbacks.php(22): Illuminate/Pipeline/Pipeline->{closure:{closure:Illuminate/Pipeline/Pipeline::carry():194}:195}()
#46 C:/xampp/htdocs/maternal-care-system/vendor/laravel/framework/src/Illuminate/Pipeline/Pipeline.php(219): Illuminate/Foundation/Http/Middleware/InvokeDeferredCallbacks->handle()
#47 C:/xampp/htdocs/maternal-care-system/vendor/laravel/framework/src/Illuminate/Http/Middleware/ValidatePathEncoding.php(28): Illuminate/Pipeline/Pipeline->{closure:{closure:Illuminate/Pipeline/Pipeline::carry():194}:195}()
#48 C:/xampp/htdocs/maternal-care-system/vendor/laravel/framework/src/Illuminate/Pipeline/Pipeline.php(219): Illuminate/Http/Middleware/ValidatePathEncoding->handle()
#49 C:/xampp/htdocs/maternal-care-system/vendor/laravel/framework/src/Illuminate/Pipeline/Pipeline.php(137): Illuminate/Pipeline/Pipeline->{closure:{closure:Illuminate/Pipeline/Pipeline::carry():194}:195}()
#50 C:/xampp/htdocs/maternal-care-system/vendor/laravel/framework/src/Illuminate/Foundation/Http/Kernel.php(175): Illuminate/Pipeline/Pipeline->then()
#51 C:/xampp/htdocs/maternal-care-system/vendor/laravel/framework/src/Illuminate/Foundation/Http/Kernel.php(144): Illuminate/Foundation/Http/Kernel->sendRequestThroughRouter()
#52 C:/xampp/htdocs/maternal-care-system/vendor/laravel/framework/src/Illuminate/Foundation/Application.php(1220): Illuminate/Foundation/Http/Kernel->handle()
#53 C:/xampp/htdocs/maternal-care-system/public/index.php(20): Illuminate/Foundation/Application->handleRequest()
#54 C:/xampp/htdocs/maternal-care-system/vendor/laravel/framework/src/Illuminate/Foundation/resources/server.php(23): require_once('...')
#55 {main}

[previous exception] [object] (ParseError(code: 0): syntax error, unexpected token \"endforeach\", expecting end of file at C:/xampp/htdocs/maternal-care-system/storage/framework/views/b2e3f3a6667759a21daf36b9d6d65e01.php:136)
[stacktrace]
#0 C:/xampp/htdocs/maternal-care-system/vendor/laravel/framework/src/Illuminate/Filesystem/Filesystem.php(124): Illuminate/Filesystem/Filesystem::{closure:Illuminate/Filesystem/Filesystem::getRequire():120}()
#1 C:/xampp/htdocs/maternal-care-system/vendor/laravel/framework/src/Illuminate/View/Engines/PhpEngine.php(57): Illuminate/Filesystem/Filesystem->getRequire()
#2 C:/xampp/htdocs/maternal-care-system/vendor/laravel/framework/src/Illuminate/View/Engines/CompilerEngine.php(76): Illuminate/View/Engines/PhpEngine->evaluatePath()
#3 C:/xampp/htdocs/maternal-care-system/vendor/laravel/framework/src/Illuminate/View/View.php(208): Illuminate/View/Engines/CompilerEngine->get()
#4 C:/xampp/htdocs/maternal-care-system/vendor/laravel/framework/src/Illuminate/View/View.php(191): Illuminate/View/View->getContents()
#5 C:/xampp/htdocs/maternal-care-system/vendor/laravel/framework/src/Illuminate/View/View.php(160): Illuminate/View/View->renderContents()
#6 C:/xampp/htdocs/maternal-care-system/vendor/laravel/framework/src/Illuminate/Http/Response.php(82): Illuminate/View/View->render()
#7 C:/xampp/htdocs/maternal-care-system/vendor/laravel/framework/src/Illuminate/Http/Response.php(40): Illuminate/Http/Response->setContent()
#8 C:/xampp/htdocs/maternal-care-system/vendor/laravel/framework/src/Illuminate/Routing/Router.php(939): Illuminate/Http/Response->__construct()
#9 C:/xampp/htdocs/maternal-care-system/vendor/laravel/framework/src/Illuminate/Routing/Router.php(906): Illuminate/Routing/Router::toResponse()
#10 C:/xampp/htdocs/maternal-care-system/vendor/laravel/framework/src/Illuminate/Routing/Router.php(821): Illuminate/Routing/Router->prepareResponse()
#11 C:/xampp/htdocs/maternal-care-system/vendor/laravel/framework/src/Illuminate/Pipeline/Pipeline.php(180): Illuminate/Routing/Router->{closure:Illuminate/Routing/Router::runRouteWithinStack():821}()
#12 C:/xampp/htdocs/maternal-care-system/vendor/laravel/framework/src/Illuminate/Routing/Middleware/SubstituteBindings.php(52): Illuminate/Pipeline/Pipeline->{closure:Illuminate/Pipeline/Pipeline::prepareDestination():178}()
#13 C:/xampp/htdocs/maternal-care-system/vendor/laravel/framework/src/Illuminate/Pipeline/Pipeline.php(219): Illuminate/Routing/Middleware/SubstituteBindings->handle()
#14 C:/xampp/htdocs/maternal-care-system/vendor/laravel/framework/src/Illuminate/Foundation/Http/Middleware/PreventRequestForgery.php(104): Illuminate/Pipeline/Pipeline->{closure:{closure:Illuminate/Pipeline/Pipeline::carry():194}:195}()
#15 C:/xampp/htdocs/maternal-care-system/vendor/laravel/framework/src/Illuminate/Pipeline/Pipeline.php(219): Illuminate/Foundation/Http/Middleware/PreventRequestForgery->handle()
#16 C:/xampp/htdocs/maternal-care-system/vendor/laravel/framework/src/Illuminate/View/Middleware/ShareErrorsFromSession.php(48): Illuminate/Pipeline/Pipeline->{closure:{closure:Illuminate/Pipeline/Pipeline::carry():194}:195}()
#17 C:/xampp/htdocs/maternal-care-system/vendor/laravel/framework/src/Illuminate/Pipeline/Pipeline.php(219): Illuminate/View/Middleware/ShareErrorsFromSession->handle()
#18 C:/xampp/htdocs/maternal-care-system/vendor/laravel/framework/src/Illuminate/Session/Middleware/StartSession.php(120): Illuminate/Pipeline/Pipeline->{closure:{closure:Illuminate/Pipeline/Pipeline::carry():194}:195}()
#19 C:/xampp/htdocs/maternal-care-system/vendor/laravel/framework/src/Illuminate/Session/Middleware/StartSession.php(63): Illuminate/Session/Middleware/StartSession->handleStatefulRequest()
#20 C:/xampp/htdocs/maternal-care-system/vendor/laravel/framework/src/Illuminate/Pipeline/Pipeline.php(219): Illuminate/Session/Middleware/StartSession->handle()
#21 C:/xampp/htdocs/maternal-care-system/vendor/laravel/framework/src/Illuminate/Cookie/Middleware/AddQueuedCookiesToResponse.php(36): Illuminate/Pipeline/Pipeline->{closure:{closure:Illuminate/Pipeline/Pipeline::carry():194}:195}()
#22 C:/xampp/htdocs/maternal-care-system/vendor/laravel/framework/src/Illuminate/Pipeline/Pipeline.php(219): Illuminate/Cookie/Middleware/AddQueuedCookiesToResponse->handle()
#23 C:/xampp/htdocs/maternal-care-system/vendor/laravel/framework/src/Illuminate/Cookie/Middleware/EncryptCookies.php(74): Illuminate/Pipeline/Pipeline->{closure:{closure:Illuminate/Pipeline/Pipeline::carry():194}:195}()
#24 C:/xampp/htdocs/maternal-care-system/vendor/laravel/framework/src/Illuminate/Pipeline/Pipeline.php(219): Illuminate/Cookie/Middleware/EncryptCookies->handle()
#25 C:/xampp/htdocs/maternal-care-system/vendor/laravel/framework/src/Illuminate/Pipeline/Pipeline.php(137): Illuminate/Pipeline/Pipeline->{closure:{closure:Illuminate/Pipeline/Pipeline::carry():194}:195}()
#26 C:/xampp/htdocs/maternal-care-system/vendor/laravel/framework/src/Illuminate/Routing/Router.php(821): Illuminate/Pipeline/Pipeline->then()
#27 C:/xampp/htdocs/maternal-care-system/vendor/laravel/framework/src/Illuminate/Routing/Router.php(800): Illuminate/Routing/Router->runRouteWithinStack()
#28 C:/xampp/htdocs/maternal-care-system/vendor/laravel/framework/src/Illuminate/Routing/Router.php(764): Illuminate/Routing/Router->runRoute()
#29 C:/xampp/htdocs/maternal-care-system/vendor/laravel/framework/src/Illuminate/Routing/Router.php(753): Illuminate/Routing/Router->dispatchToRoute()
#30 C:/xampp/htdocs/maternal-care-system/vendor/laravel/framework/src/Illuminate/Foundation/Http/Kernel.php(200): Illuminate/Routing/Router->dispatch()
#31 C:/xampp/htdocs/maternal-care-system/vendor/laravel/framework/src/Illuminate/Pipeline/Pipeline.php(180): Illuminate/Foundation/Http/Kernel->{closure:Illuminate/Foundation/Http/Kernel::dispatchToRouter():197}()
#32 C:/xampp/htdocs/maternal-care-system/vendor/laravel/framework/src/Illuminate/Foundation/Http/Middleware/TransformsRequest.php(21): Illuminate/Pipeline/Pipeline->{closure:Illuminate/Pipeline/Pipeline::prepareDestination():178}()
#33 C:/xampp/htdocs/maternal-care-system/vendor/laravel/framework/src/Illuminate/Foundation/Http/Middleware/ConvertEmptyStringsToNull.php(31): Illuminate/Foundation/Http/Middleware/TransformsRequest->handle()
#34 C:/xampp/htdocs/maternal-care-system/vendor/laravel/framework/src/Illuminate/Pipeline/Pipeline.php(219): Illuminate/Foundation/Http/Middleware/ConvertEmptyStringsToNull->handle()
#35 C:/xampp/htdocs/maternal-care-system/vendor/laravel/framework/src/Illuminate/Foundation/Http/Middleware/TransformsRequest.php(21): Illuminate/Pipeline/Pipeline->{closure:{closure:Illuminate/Pipeline/Pipeline::carry():194}:195}()
#36 C:/xampp/htdocs/maternal-care-system/vendor/laravel/framework/src/Illuminate/Foundation/Http/Middleware/TrimStrings.php(51): Illuminate/Foundation/Http/Middleware/TransformsRequest->handle()
#37 C:/xampp/htdocs/maternal-care-system/vendor/laravel/framework/src/Illuminate/Pipeline/Pipeline.php(219): Illuminate/Foundation/Http/Middleware/TrimStrings->handle()
#38 C:/xampp/htdocs/maternal-care-system/vendor/laravel/framework/src/Illuminate/Http/Middleware/ValidatePostSize.php(27): Illuminate/Pipeline/Pipeline->{closure:{closure:Illuminate/Pipeline/Pipeline::carry():194}:195}()
#39 C:/xampp/htdocs/maternal-care-system/vendor/laravel/framework/src/Illuminate/Pipeline/Pipeline.php(219): Illuminate/Http/Middleware/ValidatePostSize->handle()
#40 C:/xampp/htdocs/maternal-care-system/vendor/laravel/framework/src/Illuminate/Foundation/Http/Middleware/PreventRequestsDuringMaintenance.php(109): Illuminate/Pipeline/Pipeline->{closure:{closure:Illuminate/Pipeline/Pipeline::carry():194}:195}()
#41 C:/xampp/htdocs/maternal-care-system/vendor/laravel/framework/src/Illuminate/Pipeline/Pipeline.php(219): Illuminate/Foundation/Http/Middleware/PreventRequestsDuringMaintenance->handle()
#42 C:/xampp/htdocs/maternal-care-system/vendor/laravel/framework/src/Illuminate/Http/Middleware/HandleCors.php(61): Illuminate/Pipeline/Pipeline->{closure:{closure:Illuminate/Pipeline/Pipeline::carry():194}:195}()
#43 C:/xampp/htdocs/maternal-care-system/vendor/laravel/framework/src/Illuminate/Pipeline/Pipeline.php(219): Illuminate/Http/Middleware/HandleCors->handle()
#44 C:/xampp/htdocs/maternal-care-system/vendor/laravel/framework/src/Illuminate/Http/Middleware/TrustProxies.php(58): Illuminate/Pipeline/Pipeline->{closure:{closure:Illuminate/Pipeline/Pipeline::carry():194}:195}()
#45 C:/xampp/htdocs/maternal-care-system/vendor/laravel/framework/src/Illuminate/Pipeline/Pipeline.php(219): Illuminate/Http/Middleware/TrustProxies->handle()
#46 C:/xampp/htdocs/maternal-care-system/vendor/laravel/framework/src/Illuminate/Foundation/Http/Middleware/InvokeDeferredCallbacks.php(22): Illuminate/Pipeline/Pipeline->{closure:{closure:Illuminate/Pipeline/Pipeline::carry():194}:195}()
#47 C:/xampp/htdocs/maternal-care-system/vendor/laravel/framework/src/Illuminate/Pipeline/Pipeline.php(219): Illuminate/Foundation/Http/Middleware/InvokeDeferredCallbacks->handle()
#48 C:/xampp/htdocs/maternal-care-system/vendor/laravel/framework/src/Illuminate/Http/Middleware/ValidatePathEncoding.php(28): Illuminate/Pipeline/Pipeline->{closure:{closure:Illuminate/Pipeline/Pipeline::carry():194}:195}()
#49 C:/xampp/htdocs/maternal-care-system/vendor/laravel/framework/src/Illuminate/Pipeline/Pipeline.php(219): Illuminate/Http/Middleware/ValidatePathEncoding->handle()
#50 C:/xampp/htdocs/maternal-care-system/vendor/laravel/framework/src/Illuminate/Pipeline/Pipeline.php(137): Illuminate/Pipeline/Pipeline->{closure:{closure:Illuminate/Pipeline/Pipeline::carry():194}:195}()
#51 C:/xampp/htdocs/maternal-care-system/vendor/laravel/framework/src/Illuminate/Foundation/Http/Kernel.php(175): Illuminate/Pipeline/Pipeline->then()
#52 C:/xampp/htdocs/maternal-care-system/vendor/laravel/framework/src/Illuminate/Foundation/Http/Kernel.php(144): Illuminate/Foundation/Http/Kernel->sendRequestThroughRouter()
#53 C:/xampp/htdocs/maternal-care-system/vendor/laravel/framework/src/Illuminate/Foundation/Application.php(1220): Illuminate/Foundation/Http/Kernel->handle()
#54 C:/xampp/htdocs/maternal-care-system/public/index.php(20): Illuminate/Foundation/Application->handleRequest()
#55 C:/xampp/htdocs/maternal-care-system/vendor/laravel/framework/src/Illuminate/Foundation/resources/server.php(23): require_once('...')
#56 {main}
"} 
[2026-07-21 06:54:49] local.ERROR: syntax error, unexpected end of file (View: C:\xampp\htdocs\maternal-care-system\resources\views\midwife\visits.blade.php) {"userId":1,"exception":"[object] (Illuminate\\View\\ViewException(code: 0): syntax error, unexpected end of file (View: C:\\xampp\\htdocs\\maternal-care-system\\resources\\views\\midwife\\visits.blade.php) at C:/xampp/htdocs/maternal-care-system/storage/framework/views/b2e3f3a6667759a21daf36b9d6d65e01.php:645)
[stacktrace]
#0 C:/xampp/htdocs/maternal-care-system/vendor/laravel/framework/src/Illuminate/View/Engines/PhpEngine.php(59): Illuminate/View/Engines/CompilerEngine->handleViewException()
#1 C:/xampp/htdocs/maternal-care-system/vendor/laravel/framework/src/Illuminate/View/Engines/CompilerEngine.php(76): Illuminate/View/Engines/PhpEngine->evaluatePath()
#2 C:/xampp/htdocs/maternal-care-system/vendor/laravel/framework/src/Illuminate/View/View.php(208): Illuminate/View/Engines/CompilerEngine->get()
#3 C:/xampp/htdocs/maternal-care-system/vendor/laravel/framework/src/Illuminate/View/View.php(191): Illuminate/View/View->getContents()
#4 C:/xampp/htdocs/maternal-care-system/vendor/laravel/framework/src/Illuminate/View/View.php(160): Illuminate/View/View->renderContents()
#5 C:/xampp/htdocs/maternal-care-system/vendor/laravel/framework/src/Illuminate/Http/Response.php(82): Illuminate/View/View->render()
#6 C:/xampp/htdocs/maternal-care-system/vendor/laravel/framework/src/Illuminate/Http/Response.php(40): Illuminate/Http/Response->setContent()
#7 C:/xampp/htdocs/maternal-care-system/vendor/laravel/framework/src/Illuminate/Routing/Router.php(939): Illuminate/Http/Response->__construct()
#8 C:/xampp/htdocs/maternal-care-system/vendor/laravel/framework/src/Illuminate/Routing/Router.php(906): Illuminate/Routing/Router::toResponse()
#9 C:/xampp/htdocs/maternal-care-system/vendor/laravel/framework/src/Illuminate/Routing/Router.php(821): Illuminate/Routing/Router->prepareResponse()
#10 C:/xampp/htdocs/maternal-care-system/vendor/laravel/framework/src/Illuminate/Pipeline/Pipeline.php(180): Illuminate/Routing/Router->{closure:Illuminate/Routing/Router::runRouteWithinStack():821}()
#11 C:/xampp/htdocs/maternal-care-system/vendor/laravel/framework/src/Illuminate/Routing/Middleware/SubstituteBindings.php(52): Illuminate/Pipeline/Pipeline->{closure:Illuminate/Pipeline/Pipeline::prepareDestination():178}()
#12 C:/xampp/htdocs/maternal-care-system/vendor/laravel/framework/src/Illuminate/Pipeline/Pipeline.php(219): Illuminate/Routing/Middleware/SubstituteBindings->handle()
#13 C:/xampp/htdocs/maternal-care-system/vendor/laravel/framework/src/Illuminate/Foundation/Http/Middleware/PreventRequestForgery.php(104): Illuminate/Pipeline/Pipeline->{closure:{closure:Illuminate/Pipeline/Pipeline::carry():194}:195}()
#14 C:/xampp/htdocs/maternal-care-system/vendor/laravel/framework/src/Illuminate/Pipeline/Pipeline.php(219): Illuminate/Foundation/Http/Middleware/PreventRequestForgery->handle()
#15 C:/xampp/htdocs/maternal-care-system/vendor/laravel/framework/src/Illuminate/View/Middleware/ShareErrorsFromSession.php(48): Illuminate/Pipeline/Pipeline->{closure:{closure:Illuminate/Pipeline/Pipeline::carry():194}:195}()
#16 C:/xampp/htdocs/maternal-care-system/vendor/laravel/framework/src/Illuminate/Pipeline/Pipeline.php(219): Illuminate/View/Middleware/ShareErrorsFromSession->handle()
#17 C:/xampp/htdocs/maternal-care-system/vendor/laravel/framework/src/Illuminate/Session/Middleware/StartSession.php(120): Illuminate/Pipeline/Pipeline->{closure:{closure:Illuminate/Pipeline/Pipeline::carry():194}:195}()
#18 C:/xampp/htdocs/maternal-care-system/vendor/laravel/framework/src/Illuminate/Session/Middleware/StartSession.php(63): Illuminate/Session/Middleware/StartSession->handleStatefulRequest()
#19 C:/xampp/htdocs/maternal-care-system/vendor/laravel/framework/src/Illuminate/Pipeline/Pipeline.php(219): Illuminate/Session/Middleware/StartSession->handle()
#20 C:/xampp/htdocs/maternal-care-system/vendor/laravel/framework/src/Illuminate/Cookie/Middleware/AddQueuedCookiesToResponse.php(36): Illuminate/Pipeline/Pipeline->{closure:{closure:Illuminate/Pipeline/Pipeline::carry():194}:195}()
#21 C:/xampp/htdocs/maternal-care-system/vendor/laravel/framework/src/Illuminate/Pipeline/Pipeline.php(219): Illuminate/Cookie/Middleware/AddQueuedCookiesToResponse->handle()
#22 C:/xampp/htdocs/maternal-care-system/vendor/laravel/framework/src/Illuminate/Cookie/Middleware/EncryptCookies.php(74): Illuminate/Pipeline/Pipeline->{closure:{closure:Illuminate/Pipeline/Pipeline::carry():194}:195}()
#23 C:/xampp/htdocs/maternal-care-system/vendor/laravel/framework/src/Illuminate/Pipeline/Pipeline.php(219): Illuminate/Cookie/Middleware/EncryptCookies->handle()
#24 C:/xampp/htdocs/maternal-care-system/vendor/laravel/framework/src/Illuminate/Pipeline/Pipeline.php(137): Illuminate/Pipeline/Pipeline->{closure:{closure:Illuminate/Pipeline/Pipeline::carry():194}:195}()
#25 C:/xampp/htdocs/maternal-care-system/vendor/laravel/framework/src/Illuminate/Routing/Router.php(821): Illuminate/Pipeline/Pipeline->then()
#26 C:/xampp/htdocs/maternal-care-system/vendor/laravel/framework/src/Illuminate/Routing/Router.php(800): Illuminate/Routing/Router->runRouteWithinStack()
#27 C:/xampp/htdocs/maternal-care-system/vendor/laravel/framework/src/Illuminate/Routing/Router.php(764): Illuminate/Routing/Router->runRoute()
#28 C:/xampp/htdocs/maternal-care-system/vendor/laravel/framework/src/Illuminate/Routing/Router.php(753): Illuminate/Routing/Router->dispatchToRoute()
#29 C:/xampp/htdocs/maternal-care-system/vendor/laravel/framework/src/Illuminate/Foundation/Http/Kernel.php(200): Illuminate/Routing/Router->dispatch()
#30 C:/xampp/htdocs/maternal-care-system/vendor/laravel/framework/src/Illuminate/Pipeline/Pipeline.php(180): Illuminate/Foundation/Http/Kernel->{closure:Illuminate/Foundation/Http/Kernel::dispatchToRouter():197}()
#31 C:/xampp/htdocs/maternal-care-system/vendor/laravel/framework/src/Illuminate/Foundation/Http/Middleware/TransformsRequest.php(21): Illuminate/Pipeline/Pipeline->{closure:Illuminate/Pipeline/Pipeline::prepareDestination():178}()
#32 C:/xampp/htdocs/maternal-care-system/vendor/laravel/framework/src/Illuminate/Foundation/Http/Middleware/ConvertEmptyStringsToNull.php(31): Illuminate/Foundation/Http/Middleware/TransformsRequest->handle()
#33 C:/xampp/htdocs/maternal-care-system/vendor/laravel/framework/src/Illuminate/Pipeline/Pipeline.php(219): Illuminate/Foundation/Http/Middleware/ConvertEmptyStringsToNull->handle()
#34 C:/xampp/htdocs/maternal-care-system/vendor/laravel/framework/src/Illuminate/Foundation/Http/Middleware/TransformsRequest.php(21): Illuminate/Pipeline/Pipeline->{closure:{closure:Illuminate/Pipeline/Pipeline::carry():194}:195}()
#35 C:/xampp/htdocs/maternal-care-system/vendor/laravel/framework/src/Illuminate/Foundation/Http/Middleware/TrimStrings.php(51): Illuminate/Foundation/Http/Middleware/TransformsRequest->handle()
#36 C:/xampp/htdocs/maternal-care-system/vendor/laravel/framework/src/Illuminate/Pipeline/Pipeline.php(219): Illuminate/Foundation/Http/Middleware/TrimStrings->handle()
#37 C:/xampp/htdocs/maternal-care-system/vendor/laravel/framework/src/Illuminate/Http/Middleware/ValidatePostSize.php(27): Illuminate/Pipeline/Pipeline->{closure:{closure:Illuminate/Pipeline/Pipeline::carry():194}:195}()
#38 C:/xampp/htdocs/maternal-care-system/vendor/laravel/framework/src/Illuminate/Pipeline/Pipeline.php(219): Illuminate/Http/Middleware/ValidatePostSize->handle()
#39 C:/xampp/htdocs/maternal-care-system/vendor/laravel/framework/src/Illuminate/Foundation/Http/Middleware/PreventRequestsDuringMaintenance.php(109): Illuminate/Pipeline/Pipeline->{closure:{closure:Illuminate/Pipeline/Pipeline::carry():194}:195}()
#40 C:/xampp/htdocs/maternal-care-system/vendor/laravel/framework/src/Illuminate/Pipeline/Pipeline.php(219): Illuminate/Foundation/Http/Middleware/PreventRequestsDuringMaintenance->handle()
#41 C:/xampp/htdocs/maternal-care-system/vendor/laravel/framework/src/Illuminate/Http/Middleware/HandleCors.php(61): Illuminate/Pipeline/Pipeline->{closure:{closure:Illuminate/Pipeline/Pipeline::carry():194}:195}()
#42 C:/xampp/htdocs/maternal-care-system/vendor/laravel/framework/src/Illuminate/Pipeline/Pipeline.php(219): Illuminate/Http/Middleware/HandleCors->handle()
#43 C:/xampp/htdocs/maternal-care-system/vendor/laravel/framework/src/Illuminate/Http/Middleware/TrustProxies.php(58): Illuminate/Pipeline/Pipeline->{closure:{closure:Illuminate/Pipeline/Pipeline::carry():194}:195}()
#44 C:/xampp/htdocs/maternal-care-system/vendor/laravel/framework/src/Illuminate/Pipeline/Pipeline.php(219): Illuminate/Http/Middleware/TrustProxies->handle()
#45 C:/xampp/htdocs/maternal-care-system/vendor/laravel/framework/src/Illuminate/Foundation/Http/Middleware/InvokeDeferredCallbacks.php(22): Illuminate/Pipeline/Pipeline->{closure:{closure:Illuminate/Pipeline/Pipeline::carry():194}:195}()
#46 C:/xampp/htdocs/maternal-care-system/vendor/laravel/framework/src/Illuminate/Pipeline/Pipeline.php(219): Illuminate/Foundation/Http/Middleware/InvokeDeferredCallbacks->handle()
#47 C:/xampp/htdocs/maternal-care-system/vendor/laravel/framework/src/Illuminate/Http/Middleware/ValidatePathEncoding.php(28): Illuminate/Pipeline/Pipeline->{closure:{closure:Illuminate/Pipeline/Pipeline::carry():194}:195}()
#48 C:/xampp/htdocs/maternal-care-system/vendor/laravel/framework/src/Illuminate/Pipeline/Pipeline.php(219): Illuminate/Http/Middleware/ValidatePathEncoding->handle()
#49 C:/xampp/htdocs/maternal-care-system/vendor/laravel/framework/src/Illuminate/Pipeline/Pipeline.php(137): Illuminate/Pipeline/Pipeline->{closure:{closure:Illuminate/Pipeline/Pipeline::carry():194}:195}()
#50 C:/xampp/htdocs/maternal-care-system/vendor/laravel/framework/src/Illuminate/Foundation/Http/Kernel.php(175): Illuminate/Pipeline/Pipeline->then()
#51 C:/xampp/htdocs/maternal-care-system/vendor/laravel/framework/src/Illuminate/Foundation/Http/Kernel.php(144): Illuminate/Foundation/Http/Kernel->sendRequestThroughRouter()
#52 C:/xampp/htdocs/maternal-care-system/vendor/laravel/framework/src/Illuminate/Foundation/Application.php(1220): Illuminate/Foundation/Http/Kernel->handle()
#53 C:/xampp/htdocs/maternal-care-system/public/index.php(20): Illuminate/Foundation/Application->handleRequest()
#54 C:/xampp/htdocs/maternal-care-system/vendor/laravel/framework/src/Illuminate/Foundation/resources/server.php(23): require_once('...')
#55 {main}

[previous exception] [object] (ParseError(code: 0): syntax error, unexpected end of file at C:/xampp/htdocs/maternal-care-system/storage/framework/views/b2e3f3a6667759a21daf36b9d6d65e01.php:645)
[stacktrace]
#0 C:/xampp/htdocs/maternal-care-system/vendor/laravel/framework/src/Illuminate/Filesystem/Filesystem.php(124): Illuminate/Filesystem/Filesystem::{closure:Illuminate/Filesystem/Filesystem::getRequire():120}()
#1 C:/xampp/htdocs/maternal-care-system/vendor/laravel/framework/src/Illuminate/View/Engines/PhpEngine.php(57): Illuminate/Filesystem/Filesystem->getRequire()
#2 C:/xampp/htdocs/maternal-care-system/vendor/laravel/framework/src/Illuminate/View/Engines/CompilerEngine.php(76): Illuminate/View/Engines/PhpEngine->evaluatePath()
#3 C:/xampp/htdocs/maternal-care-system/vendor/laravel/framework/src/Illuminate/View/View.php(208): Illuminate/View/Engines/CompilerEngine->get()
#4 C:/xampp/htdocs/maternal-care-system/vendor/laravel/framework/src/Illuminate/View/View.php(191): Illuminate/View/View->getContents()
#5 C:/xampp/htdocs/maternal-care-system/vendor/laravel/framework/src/Illuminate/View/View.php(160): Illuminate/View/View->renderContents()
#6 C:/xampp/htdocs/maternal-care-system/vendor/laravel/framework/src/Illuminate/Http/Response.php(82): Illuminate/View/View->render()
#7 C:/xampp/htdocs/maternal-care-system/vendor/laravel/framework/src/Illuminate/Http/Response.php(40): Illuminate/Http/Response->setContent()
#8 C:/xampp/htdocs/maternal-care-system/vendor/laravel/framework/src/Illuminate/Routing/Router.php(939): Illuminate/Http/Response->__construct()
#9 C:/xampp/htdocs/maternal-care-system/vendor/laravel/framework/src/Illuminate/Routing/Router.php(906): Illuminate/Routing/Router::toResponse()
#10 C:/xampp/htdocs/maternal-care-system/vendor/laravel/framework/src/Illuminate/Routing/Router.php(821): Illuminate/Routing/Router->prepareResponse()
#11 C:/xampp/htdocs/maternal-care-system/vendor/laravel/framework/src/Illuminate/Pipeline/Pipeline.php(180): Illuminate/Routing/Router->{closure:Illuminate/Routing/Router::runRouteWithinStack():821}()
#12 C:/xampp/htdocs/maternal-care-system/vendor/laravel/framework/src/Illuminate/Routing/Middleware/SubstituteBindings.php(52): Illuminate/Pipeline/Pipeline->{closure:Illuminate/Pipeline/Pipeline::prepareDestination():178}()
#13 C:/xampp/htdocs/maternal-care-system/vendor/laravel/framework/src/Illuminate/Pipeline/Pipeline.php(219): Illuminate/Routing/Middleware/SubstituteBindings->handle()
#14 C:/xampp/htdocs/maternal-care-system/vendor/laravel/framework/src/Illuminate/Foundation/Http/Middleware/PreventRequestForgery.php(104): Illuminate/Pipeline/Pipeline->{closure:{closure:Illuminate/Pipeline/Pipeline::carry():194}:195}()
#15 C:/xampp/htdocs/maternal-care-system/vendor/laravel/framework/src/Illuminate/Pipeline/Pipeline.php(219): Illuminate/Foundation/Http/Middleware/PreventRequestForgery->handle()
#16 C:/xampp/htdocs/maternal-care-system/vendor/laravel/framework/src/Illuminate/View/Middleware/ShareErrorsFromSession.php(48): Illuminate/Pipeline/Pipeline->{closure:{closure:Illuminate/Pipeline/Pipeline::carry():194}:195}()
#17 C:/xampp/htdocs/maternal-care-system/vendor/laravel/framework/src/Illuminate/Pipeline/Pipeline.php(219): Illuminate/View/Middleware/ShareErrorsFromSession->handle()
#18 C:/xampp/htdocs/maternal-care-system/vendor/laravel/framework/src/Illuminate/Session/Middleware/StartSession.php(120): Illuminate/Pipeline/Pipeline->{closure:{closure:Illuminate/Pipeline/Pipeline::carry():194}:195}()
#19 C:/xampp/htdocs/maternal-care-system/vendor/laravel/framework/src/Illuminate/Session/Middleware/StartSession.php(63): Illuminate/Session/Middleware/StartSession->handleStatefulRequest()
#20 C:/xampp/htdocs/maternal-care-system/vendor/laravel/framework/src/Illuminate/Pipeline/Pipeline.php(219): Illuminate/Session/Middleware/StartSession->handle()
#21 C:/xampp/htdocs/maternal-care-system/vendor/laravel/framework/src/Illuminate/Cookie/Middleware/AddQueuedCookiesToResponse.php(36): Illuminate/Pipeline/Pipeline->{closure:{closure:Illuminate/Pipeline/Pipeline::carry():194}:195}()
#22 C:/xampp/htdocs/maternal-care-system/vendor/laravel/framework/src/Illuminate/Pipeline/Pipeline.php(219): Illuminate/Cookie/Middleware/AddQueuedCookiesToResponse->handle()
#23 C:/xampp/htdocs/maternal-care-system/vendor/laravel/framework/src/Illuminate/Cookie/Middleware/EncryptCookies.php(74): Illuminate/Pipeline/Pipeline->{closure:{closure:Illuminate/Pipeline/Pipeline::carry():194}:195}()
#24 C:/xampp/htdocs/maternal-care-system/vendor/laravel/framework/src/Illuminate/Pipeline/Pipeline.php(219): Illuminate/Cookie/Middleware/EncryptCookies->handle()
#25 C:/xampp/htdocs/maternal-care-system/vendor/laravel/framework/src/Illuminate/Pipeline/Pipeline.php(137): Illuminate/Pipeline/Pipeline->{closure:{closure:Illuminate/Pipeline/Pipeline::carry():194}:195}()
#26 C:/xampp/htdocs/maternal-care-system/vendor/laravel/framework/src/Illuminate/Routing/Router.php(821): Illuminate/Pipeline/Pipeline->then()
#27 C:/xampp/htdocs/maternal-care-system/vendor/laravel/framework/src/Illuminate/Routing/Router.php(800): Illuminate/Routing/Router->runRouteWithinStack()
#28 C:/xampp/htdocs/maternal-care-system/vendor/laravel/framework/src/Illuminate/Routing/Router.php(764): Illuminate/Routing/Router->runRoute()
#29 C:/xampp/htdocs/maternal-care-system/vendor/laravel/framework/src/Illuminate/Routing/Router.php(753): Illuminate/Routing/Router->dispatchToRoute()
#30 C:/xampp/htdocs/maternal-care-system/vendor/laravel/framework/src/Illuminate/Foundation/Http/Kernel.php(200): Illuminate/Routing/Router->dispatch()
#31 C:/xampp/htdocs/maternal-care-system/vendor/laravel/framework/src/Illuminate/Pipeline/Pipeline.php(180): Illuminate/Foundation/Http/Kernel->{closure:Illuminate/Foundation/Http/Kernel::dispatchToRouter():197}()
#32 C:/xampp/htdocs/maternal-care-system/vendor/laravel/framework/src/Illuminate/Foundation/Http/Middleware/TransformsRequest.php(21): Illuminate/Pipeline/Pipeline->{closure:Illuminate/Pipeline/Pipeline::prepareDestination():178}()
#33 C:/xampp/htdocs/maternal-care-system/vendor/laravel/framework/src/Illuminate/Foundation/Http/Middleware/ConvertEmptyStringsToNull.php(31): Illuminate/Foundation/Http/Middleware/TransformsRequest->handle()
#34 C:/xampp/htdocs/maternal-care-system/vendor/laravel/framework/src/Illuminate/Pipeline/Pipeline.php(219): Illuminate/Foundation/Http/Middleware/ConvertEmptyStringsToNull->handle()
#35 C:/xampp/htdocs/maternal-care-system/vendor/laravel/framework/src/Illuminate/Foundation/Http/Middleware/TransformsRequest.php(21): Illuminate/Pipeline/Pipeline->{closure:{closure:Illuminate/Pipeline/Pipeline::carry():194}:195}()
#36 C:/xampp/htdocs/maternal-care-system/vendor/laravel/framework/src/Illuminate/Foundation/Http/Middleware/TrimStrings.php(51): Illuminate/Foundation/Http/Middleware/TransformsRequest->handle()
#37 C:/xampp/htdocs/maternal-care-system/vendor/laravel/framework/src/Illuminate/Pipeline/Pipeline.php(219): Illuminate/Foundation/Http/Middleware/TrimStrings->handle()
#38 C:/xampp/htdocs/maternal-care-system/vendor/laravel/framework/src/Illuminate/Http/Middleware/ValidatePostSize.php(27): Illuminate/Pipeline/Pipeline->{closure:{closure:Illuminate/Pipeline/Pipeline::carry():194}:195}()
#39 C:/xampp/htdocs/maternal-care-system/vendor/laravel/framework/src/Illuminate/Pipeline/Pipeline.php(219): Illuminate/Http/Middleware/ValidatePostSize->handle()
#40 C:/xampp/htdocs/maternal-care-system/vendor/laravel/framework/src/Illuminate/Foundation/Http/Middleware/PreventRequestsDuringMaintenance.php(109): Illuminate/Pipeline/Pipeline->{closure:{closure:Illuminate/Pipeline/Pipeline::carry():194}:195}()
#41 C:/xampp/htdocs/maternal-care-system/vendor/laravel/framework/src/Illuminate/Pipeline/Pipeline.php(219): Illuminate/Foundation/Http/Middleware/PreventRequestsDuringMaintenance->handle()
#42 C:/xampp/htdocs/maternal-care-system/vendor/laravel/framework/src/Illuminate/Http/Middleware/HandleCors.php(61): Illuminate/Pipeline/Pipeline->{closure:{closure:Illuminate/Pipeline/Pipeline::carry():194}:195}()
#43 C:/xampp/htdocs/maternal-care-system/vendor/laravel/framework/src/Illuminate/Pipeline/Pipeline.php(219): Illuminate/Http/Middleware/HandleCors->handle()
#44 C:/xampp/htdocs/maternal-care-system/vendor/laravel/framework/src/Illuminate/Http/Middleware/TrustProxies.php(58): Illuminate/Pipeline/Pipeline->{closure:{closure:Illuminate/Pipeline/Pipeline::carry():194}:195}()
#45 C:/xampp/htdocs/maternal-care-system/vendor/laravel/framework/src/Illuminate/Pipeline/Pipeline.php(219): Illuminate/Http/Middleware/TrustProxies->handle()
#46 C:/xampp/htdocs/maternal-care-system/vendor/laravel/framework/src/Illuminate/Foundation/Http/Middleware/InvokeDeferredCallbacks.php(22): Illuminate/Pipeline/Pipeline->{closure:{closure:Illuminate/Pipeline/Pipeline::carry():194}:195}()
#47 C:/xampp/htdocs/maternal-care-system/vendor/laravel/framework/src/Illuminate/Pipeline/Pipeline.php(219): Illuminate/Foundation/Http/Middleware/InvokeDeferredCallbacks->handle()
#48 C:/xampp/htdocs/maternal-care-system/vendor/laravel/framework/src/Illuminate/Http/Middleware/ValidatePathEncoding.php(28): Illuminate/Pipeline/Pipeline->{closure:{closure:Illuminate/Pipeline/Pipeline::carry():194}:195}()
#49 C:/xampp/htdocs/maternal-care-system/vendor/laravel/framework/src/Illuminate/Pipeline/Pipeline.php(219): Illuminate/Http/Middleware/ValidatePathEncoding->handle()
#50 C:/xampp/htdocs/maternal-care-system/vendor/laravel/framework/src/Illuminate/Pipeline/Pipeline.php(137): Illuminate/Pipeline/Pipeline->{closure:{closure:Illuminate/Pipeline/Pipeline::carry():194}:195}()
#51 C:/xampp/htdocs/maternal-care-system/vendor/laravel/framework/src/Illuminate/Foundation/Http/Kernel.php(175): Illuminate/Pipeline/Pipeline->then()
#52 C:/xampp/htdocs/maternal-care-system/vendor/laravel/framework/src/Illuminate/Foundation/Http/Kernel.php(144): Illuminate/Foundation/Http/Kernel->sendRequestThroughRouter()
#53 C:/xampp/htdocs/maternal-care-system/vendor/laravel/framework/src/Illuminate/Foundation/Application.php(1220): Illuminate/Foundation/Http/Kernel->handle()
#54 C:/xampp/htdocs/maternal-care-system/public/index.php(20): Illuminate/Foundation/Application->handleRequest()
#55 C:/xampp/htdocs/maternal-care-system/vendor/laravel/framework/src/Illuminate/Foundation/resources/server.php(23): require_once('...')
#56 {main}
"} 
[2026-07-21 08:07:04] local.ERROR: SQLSTATE[01000]: Warning: 1265 Data truncated for column 'visit_type' at row 1 (Connection: mysql, Host: 127.0.0.1, Port: 3306, Database: maternal_care_system, SQL: insert into `visits` (`mother_id`, `midwife_id`, `visit_date`, `next_visit_date`, `visit_type`, `blood_pressure`, `weight`, `notes`, `updated_at`, `created_at`) values (2, 1, 2026-07-21, 2026-07-24, Home, 110, 56, nothing, 2026-07-21 08:07:04, 2026-07-21 08:07:04)) {"userId":1,"exception":"[object] (Illuminate\\Database\\QueryException(code: 01000): SQLSTATE[01000]: Warning: 1265 Data truncated for column 'visit_type' at row 1 (Connection: mysql, Host: 127.0.0.1, Port: 3306, Database: maternal_care_system, SQL: insert into `visits` (`mother_id`, `midwife_id`, `visit_date`, `next_visit_date`, `visit_type`, `blood_pressure`, `weight`, `notes`, `updated_at`, `created_at`) values (2, 1, 2026-07-21, 2026-07-24, Home, 110, 56, nothing, 2026-07-21 08:07:04, 2026-07-21 08:07:04)) at C:/xampp/htdocs/maternal-care-system/vendor/laravel/framework/src/Illuminate/Database/Connection.php:857)
[stacktrace]
#0 C:/xampp/htdocs/maternal-care-system/vendor/laravel/framework/src/Illuminate/Database/Connection.php(813): Illuminate/Database/Connection->runQueryCallback()
#1 C:/xampp/htdocs/maternal-care-system/vendor/laravel/framework/src/Illuminate/Database/MySqlConnection.php(42): Illuminate/Database/Connection->run()
#2 C:/xampp/htdocs/maternal-care-system/vendor/laravel/framework/src/Illuminate/Database/Query/Processors/MySqlProcessor.php(35): Illuminate/Database/MySqlConnection->insert()
#3 C:/xampp/htdocs/maternal-care-system/vendor/laravel/framework/src/Illuminate/Database/Query/Builder.php(4257): Illuminate/Database/Query/Processors/MySqlProcessor->processInsertGetId()
#4 C:/xampp/htdocs/maternal-care-system/vendor/laravel/framework/src/Illuminate/Database/Eloquent/Builder.php(2271): Illuminate/Database/Query/Builder->insertGetId()
#5 C:/xampp/htdocs/maternal-care-system/vendor/laravel/framework/src/Illuminate/Database/Eloquent/Model.php(1684): Illuminate/Database/Eloquent/Builder->__call()
#6 C:/xampp/htdocs/maternal-care-system/vendor/laravel/framework/src/Illuminate/Database/Eloquent/Model.php(1600): Illuminate/Database/Eloquent/Model->insertAndSetId()
#7 C:/xampp/htdocs/maternal-care-system/vendor/laravel/framework/src/Illuminate/Database/Eloquent/Model.php(1404): Illuminate/Database/Eloquent/Model->performInsert()
#8 C:/xampp/htdocs/maternal-care-system/vendor/laravel/framework/src/Illuminate/Database/Eloquent/Builder.php(1225): Illuminate/Database/Eloquent/Model->save()
#9 C:/xampp/htdocs/maternal-care-system/vendor/laravel/framework/src/Illuminate/Support/helpers.php(393): Illuminate/Database/Eloquent/Builder->{closure:Illuminate/Database/Eloquent/Builder::create():1224}()
#10 C:/xampp/htdocs/maternal-care-system/vendor/laravel/framework/src/Illuminate/Database/Eloquent/Builder.php(1224): tap()
#11 C:/xampp/htdocs/maternal-care-system/vendor/laravel/framework/src/Illuminate/Support/Traits/ForwardsCalls.php(23): Illuminate/Database/Eloquent/Builder->create()
#12 C:/xampp/htdocs/maternal-care-system/vendor/laravel/framework/src/Illuminate/Database/Eloquent/Model.php(2831): Illuminate/Database/Eloquent/Model->forwardCallTo()
#13 C:/xampp/htdocs/maternal-care-system/vendor/laravel/framework/src/Illuminate/Database/Eloquent/Model.php(2847): Illuminate/Database/Eloquent/Model->__call()
#14 C:/xampp/htdocs/maternal-care-system/app/Http/Controllers/VisitController.php(74): Illuminate/Database/Eloquent/Model::__callStatic()
#15 C:/xampp/htdocs/maternal-care-system/vendor/laravel/framework/src/Illuminate/Routing/ControllerDispatcher.php(46): App/Http/Controllers/VisitController->store()
#16 C:/xampp/htdocs/maternal-care-system/vendor/laravel/framework/src/Illuminate/Routing/Route.php(276): Illuminate/Routing/ControllerDispatcher->dispatch()
#17 C:/xampp/htdocs/maternal-care-system/vendor/laravel/framework/src/Illuminate/Routing/Route.php(216): Illuminate/Routing/Route->runController()
#18 C:/xampp/htdocs/maternal-care-system/vendor/laravel/framework/src/Illuminate/Routing/Router.php(822): Illuminate/Routing/Route->run()
#19 C:/xampp/htdocs/maternal-care-system/vendor/laravel/framework/src/Illuminate/Pipeline/Pipeline.php(180): Illuminate/Routing/Router->{closure:Illuminate/Routing/Router::runRouteWithinStack():821}()
#20 C:/xampp/htdocs/maternal-care-system/vendor/laravel/framework/src/Illuminate/Routing/Middleware/SubstituteBindings.php(52): Illuminate/Pipeline/Pipeline->{closure:Illuminate/Pipeline/Pipeline::prepareDestination():178}()
#21 C:/xampp/htdocs/maternal-care-system/vendor/laravel/framework/src/Illuminate/Pipeline/Pipeline.php(219): Illuminate/Routing/Middleware/SubstituteBindings->handle()
#22 C:/xampp/htdocs/maternal-care-system/vendor/laravel/framework/src/Illuminate/Foundation/Http/Middleware/PreventRequestForgery.php(104): Illuminate/Pipeline/Pipeline->{closure:{closure:Illuminate/Pipeline/Pipeline::carry():194}:195}()
#23 C:/xampp/htdocs/maternal-care-system/vendor/laravel/framework/src/Illuminate/Pipeline/Pipeline.php(219): Illuminate/Foundation/Http/Middleware/PreventRequestForgery->handle()
#24 C:/xampp/htdocs/maternal-care-system/vendor/laravel/framework/src/Illuminate/View/Middleware/ShareErrorsFromSession.php(48): Illuminate/Pipeline/Pipeline->{closure:{closure:Illuminate/Pipeline/Pipeline::carry():194}:195}()
#25 C:/xampp/htdocs/maternal-care-system/vendor/laravel/framework/src/Illuminate/Pipeline/Pipeline.php(219): Illuminate/View/Middleware/ShareErrorsFromSession->handle()
#26 C:/xampp/htdocs/maternal-care-system/vendor/laravel/framework/src/Illuminate/Session/Middleware/StartSession.php(120): Illuminate/Pipeline/Pipeline->{closure:{closure:Illuminate/Pipeline/Pipeline::carry():194}:195}()
#27 C:/xampp/htdocs/maternal-care-system/vendor/laravel/framework/src/Illuminate/Session/Middleware/StartSession.php(63): Illuminate/Session/Middleware/StartSession->handleStatefulRequest()
#28 C:/xampp/htdocs/maternal-care-system/vendor/laravel/framework/src/Illuminate/Pipeline/Pipeline.php(219): Illuminate/Session/Middleware/StartSession->handle()
#29 C:/xampp/htdocs/maternal-care-system/vendor/laravel/framework/src/Illuminate/Cookie/Middleware/AddQueuedCookiesToResponse.php(36): Illuminate/Pipeline/Pipeline->{closure:{closure:Illuminate/Pipeline/Pipeline::carry():194}:195}()
#30 C:/xampp/htdocs/maternal-care-system/vendor/laravel/framework/src/Illuminate/Pipeline/Pipeline.php(219): Illuminate/Cookie/Middleware/AddQueuedCookiesToResponse->handle()
#31 C:/xampp/htdocs/maternal-care-system/vendor/laravel/framework/src/Illuminate/Cookie/Middleware/EncryptCookies.php(74): Illuminate/Pipeline/Pipeline->{closure:{closure:Illuminate/Pipeline/Pipeline::carry():194}:195}()
#32 C:/xampp/htdocs/maternal-care-system/vendor/laravel/framework/src/Illuminate/Pipeline/Pipeline.php(219): Illuminate/Cookie/Middleware/EncryptCookies->handle()
#33 C:/xampp/htdocs/maternal-care-system/vendor/laravel/framework/src/Illuminate/Pipeline/Pipeline.php(137): Illuminate/Pipeline/Pipeline->{closure:{closure:Illuminate/Pipeline/Pipeline::carry():194}:195}()
#34 C:/xampp/htdocs/maternal-care-system/vendor/laravel/framework/src/Illuminate/Routing/Router.php(821): Illuminate/Pipeline/Pipeline->then()
#35 C:/xampp/htdocs/maternal-care-system/vendor/laravel/framework/src/Illuminate/Routing/Router.php(800): Illuminate/Routing/Router->runRouteWithinStack()
#36 C:/xampp/htdocs/maternal-care-system/vendor/laravel/framework/src/Illuminate/Routing/Router.php(764): Illuminate/Routing/Router->runRoute()
#37 C:/xampp/htdocs/maternal-care-system/vendor/laravel/framework/src/Illuminate/Routing/Router.php(753): Illuminate/Routing/Router->dispatchToRoute()
#38 C:/xampp/htdocs/maternal-care-system/vendor/laravel/framework/src/Illuminate/Foundation/Http/Kernel.php(200): Illuminate/Routing/Router->dispatch()
#39 C:/xampp/htdocs/maternal-care-system/vendor/laravel/framework/src/Illuminate/Pipeline/Pipeline.php(180): Illuminate/Foundation/Http/Kernel->{closure:Illuminate/Foundation/Http/Kernel::dispatchToRouter():197}()
#40 C:/xampp/htdocs/maternal-care-system/vendor/laravel/framework/src/Illuminate/Foundation/Http/Middleware/TransformsRequest.php(21): Illuminate/Pipeline/Pipeline->{closure:Illuminate/Pipeline/Pipeline::prepareDestination():178}()
#41 C:/xampp/htdocs/maternal-care-system/vendor/laravel/framework/src/Illuminate/Foundation/Http/Middleware/ConvertEmptyStringsToNull.php(31): Illuminate/Foundation/Http/Middleware/TransformsRequest->handle()
#42 C:/xampp/htdocs/maternal-care-system/vendor/laravel/framework/src/Illuminate/Pipeline/Pipeline.php(219): Illuminate/Foundation/Http/Middleware/ConvertEmptyStringsToNull->handle()
#43 C:/xampp/htdocs/maternal-care-system/vendor/laravel/framework/src/Illuminate/Foundation/Http/Middleware/TransformsRequest.php(21): Illuminate/Pipeline/Pipeline->{closure:{closure:Illuminate/Pipeline/Pipeline::carry():194}:195}()
#44 C:/xampp/htdocs/maternal-care-system/vendor/laravel/framework/src/Illuminate/Foundation/Http/Middleware/TrimStrings.php(51): Illuminate/Foundation/Http/Middleware/TransformsRequest->handle()
#45 C:/xampp/htdocs/maternal-care-system/vendor/laravel/framework/src/Illuminate/Pipeline/Pipeline.php(219): Illuminate/Foundation/Http/Middleware/TrimStrings->handle()
#46 C:/xampp/htdocs/maternal-care-system/vendor/laravel/framework/src/Illuminate/Http/Middleware/ValidatePostSize.php(27): Illuminate/Pipeline/Pipeline->{closure:{closure:Illuminate/Pipeline/Pipeline::carry():194}:195}()
#47 C:/xampp/htdocs/maternal-care-system/vendor/laravel/framework/src/Illuminate/Pipeline/Pipeline.php(219): Illuminate/Http/Middleware/ValidatePostSize->handle()
#48 C:/xampp/htdocs/maternal-care-system/vendor/laravel/framework/src/Illuminate/Foundation/Http/Middleware/PreventRequestsDuringMaintenance.php(109): Illuminate/Pipeline/Pipeline->{closure:{closure:Illuminate/Pipeline/Pipeline::carry():194}:195}()
#49 C:/xampp/htdocs/maternal-care-system/vendor/laravel/framework/src/Illuminate/Pipeline/Pipeline.php(219): Illuminate/Foundation/Http/Middleware/PreventRequestsDuringMaintenance->handle()
#50 C:/xampp/htdocs/maternal-care-system/vendor/laravel/framework/src/Illuminate/Http/Middleware/HandleCors.php(61): Illuminate/Pipeline/Pipeline->{closure:{closure:Illuminate/Pipeline/Pipeline::carry():194}:195}()
#51 C:/xampp/htdocs/maternal-care-system/vendor/laravel/framework/src/Illuminate/Pipeline/Pipeline.php(219): Illuminate/Http/Middleware/HandleCors->handle()
#52 C:/xampp/htdocs/maternal-care-system/vendor/laravel/framework/src/Illuminate/Http/Middleware/TrustProxies.php(58): Illuminate/Pipeline/Pipeline->{closure:{closure:Illuminate/Pipeline/Pipeline::carry():194}:195}()
#53 C:/xampp/htdocs/maternal-care-system/vendor/laravel/framework/src/Illuminate/Pipeline/Pipeline.php(219): Illuminate/Http/Middleware/TrustProxies->handle()
#54 C:/xampp/htdocs/maternal-care-system/vendor/laravel/framework/src/Illuminate/Foundation/Http/Middleware/InvokeDeferredCallbacks.php(22): Illuminate/Pipeline/Pipeline->{closure:{closure:Illuminate/Pipeline/Pipeline::carry():194}:195}()
#55 C:/xampp/htdocs/maternal-care-system/vendor/laravel/framework/src/Illuminate/Pipeline/Pipeline.php(219): Illuminate/Foundation/Http/Middleware/InvokeDeferredCallbacks->handle()
#56 C:/xampp/htdocs/maternal-care-system/vendor/laravel/framework/src/Illuminate/Http/Middleware/ValidatePathEncoding.php(28): Illuminate/Pipeline/Pipeline->{closure:{closure:Illuminate/Pipeline/Pipeline::carry():194}:195}()
#57 C:/xampp/htdocs/maternal-care-system/vendor/laravel/framework/src/Illuminate/Pipeline/Pipeline.php(219): Illuminate/Http/Middleware/ValidatePathEncoding->handle()
#58 C:/xampp/htdocs/maternal-care-system/vendor/laravel/framework/src/Illuminate/Pipeline/Pipeline.php(137): Illuminate/Pipeline/Pipeline->{closure:{closure:Illuminate/Pipeline/Pipeline::carry():194}:195}()
#59 C:/xampp/htdocs/maternal-care-system/vendor/laravel/framework/src/Illuminate/Foundation/Http/Kernel.php(175): Illuminate/Pipeline/Pipeline->then()
#60 C:/xampp/htdocs/maternal-care-system/vendor/laravel/framework/src/Illuminate/Foundation/Http/Kernel.php(144): Illuminate/Foundation/Http/Kernel->sendRequestThroughRouter()
#61 C:/xampp/htdocs/maternal-care-system/vendor/laravel/framework/src/Illuminate/Foundation/Application.php(1220): Illuminate/Foundation/Http/Kernel->handle()
#62 C:/xampp/htdocs/maternal-care-system/public/index.php(20): Illuminate/Foundation/Application->handleRequest()
#63 C:/xampp/htdocs/maternal-care-system/vendor/laravel/framework/src/Illuminate/Foundation/resources/server.php(23): require_once('...')
#64 {main}

[previous exception] [object] (PDOException(code: 01000): SQLSTATE[01000]: Warning: 1265 Data truncated for column 'visit_type' at row 1 at C:/xampp/htdocs/maternal-care-system/vendor/laravel/framework/src/Illuminate/Database/MySqlConnection.php:53)
[stacktrace]
#0 C:/xampp/htdocs/maternal-care-system/vendor/laravel/framework/src/Illuminate/Database/MySqlConnection.php(53): PDOStatement->execute()
#1 C:/xampp/htdocs/maternal-care-system/vendor/laravel/framework/src/Illuminate/Database/Connection.php(846): Illuminate/Database/MySqlConnection->{closure:Illuminate/Database/MySqlConnection::insert():42}()
#2 C:/xampp/htdocs/maternal-care-system/vendor/laravel/framework/src/Illuminate/Database/Connection.php(813): Illuminate/Database/Connection->runQueryCallback()
#3 C:/xampp/htdocs/maternal-care-system/vendor/laravel/framework/src/Illuminate/Database/MySqlConnection.php(42): Illuminate/Database/Connection->run()
#4 C:/xampp/htdocs/maternal-care-system/vendor/laravel/framework/src/Illuminate/Database/Query/Processors/MySqlProcessor.php(35): Illuminate/Database/MySqlConnection->insert()
#5 C:/xampp/htdocs/maternal-care-system/vendor/laravel/framework/src/Illuminate/Database/Query/Builder.php(4257): Illuminate/Database/Query/Processors/MySqlProcessor->processInsertGetId()
#6 C:/xampp/htdocs/maternal-care-system/vendor/laravel/framework/src/Illuminate/Database/Eloquent/Builder.php(2271): Illuminate/Database/Query/Builder->insertGetId()
#7 C:/xampp/htdocs/maternal-care-system/vendor/laravel/framework/src/Illuminate/Database/Eloquent/Model.php(1684): Illuminate/Database/Eloquent/Builder->__call()
#8 C:/xampp/htdocs/maternal-care-system/vendor/laravel/framework/src/Illuminate/Database/Eloquent/Model.php(1600): Illuminate/Database/Eloquent/Model->insertAndSetId()
#9 C:/xampp/htdocs/maternal-care-system/vendor/laravel/framework/src/Illuminate/Database/Eloquent/Model.php(1404): Illuminate/Database/Eloquent/Model->performInsert()
#10 C:/xampp/htdocs/maternal-care-system/vendor/laravel/framework/src/Illuminate/Database/Eloquent/Builder.php(1225): Illuminate/Database/Eloquent/Model->save()
#11 C:/xampp/htdocs/maternal-care-system/vendor/laravel/framework/src/Illuminate/Support/helpers.php(393): Illuminate/Database/Eloquent/Builder->{closure:Illuminate/Database/Eloquent/Builder::create():1224}()
#12 C:/xampp/htdocs/maternal-care-system/vendor/laravel/framework/src/Illuminate/Database/Eloquent/Builder.php(1224): tap()
#13 C:/xampp/htdocs/maternal-care-system/vendor/laravel/framework/src/Illuminate/Support/Traits/ForwardsCalls.php(23): Illuminate/Database/Eloquent/Builder->create()
#14 C:/xampp/htdocs/maternal-care-system/vendor/laravel/framework/src/Illuminate/Database/Eloquent/Model.php(2831): Illuminate/Database/Eloquent/Model->forwardCallTo()
#15 C:/xampp/htdocs/maternal-care-system/vendor/laravel/framework/src/Illuminate/Database/Eloquent/Model.php(2847): Illuminate/Database/Eloquent/Model->__call()
#16 C:/xampp/htdocs/maternal-care-system/app/Http/Controllers/VisitController.php(74): Illuminate/Database/Eloquent/Model::__callStatic()
#17 C:/xampp/htdocs/maternal-care-system/vendor/laravel/framework/src/Illuminate/Routing/ControllerDispatcher.php(46): App/Http/Controllers/VisitController->store()
#18 C:/xampp/htdocs/maternal-care-system/vendor/laravel/framework/src/Illuminate/Routing/Route.php(276): Illuminate/Routing/ControllerDispatcher->dispatch()
#19 C:/xampp/htdocs/maternal-care-system/vendor/laravel/framework/src/Illuminate/Routing/Route.php(216): Illuminate/Routing/Route->runController()
#20 C:/xampp/htdocs/maternal-care-system/vendor/laravel/framework/src/Illuminate/Routing/Router.php(822): Illuminate/Routing/Route->run()
#21 C:/xampp/htdocs/maternal-care-system/vendor/laravel/framework/src/Illuminate/Pipeline/Pipeline.php(180): Illuminate/Routing/Router->{closure:Illuminate/Routing/Router::runRouteWithinStack():821}()
#22 C:/xampp/htdocs/maternal-care-system/vendor/laravel/framework/src/Illuminate/Routing/Middleware/SubstituteBindings.php(52): Illuminate/Pipeline/Pipeline->{closure:Illuminate/Pipeline/Pipeline::prepareDestination():178}()
#23 C:/xampp/htdocs/maternal-care-system/vendor/laravel/framework/src/Illuminate/Pipeline/Pipeline.php(219): Illuminate/Routing/Middleware/SubstituteBindings->handle()
#24 C:/xampp/htdocs/maternal-care-system/vendor/laravel/framework/src/Illuminate/Foundation/Http/Middleware/PreventRequestForgery.php(104): Illuminate/Pipeline/Pipeline->{closure:{closure:Illuminate/Pipeline/Pipeline::carry():194}:195}()
#25 C:/xampp/htdocs/maternal-care-system/vendor/laravel/framework/src/Illuminate/Pipeline/Pipeline.php(219): Illuminate/Foundation/Http/Middleware/PreventRequestForgery->handle()
#26 C:/xampp/htdocs/maternal-care-system/vendor/laravel/framework/src/Illuminate/View/Middleware/ShareErrorsFromSession.php(48): Illuminate/Pipeline/Pipeline->{closure:{closure:Illuminate/Pipeline/Pipeline::carry():194}:195}()
#27 C:/xampp/htdocs/maternal-care-system/vendor/laravel/framework/src/Illuminate/Pipeline/Pipeline.php(219): Illuminate/View/Middleware/ShareErrorsFromSession->handle()
#28 C:/xampp/htdocs/maternal-care-system/vendor/laravel/framework/src/Illuminate/Session/Middleware/StartSession.php(120): Illuminate/Pipeline/Pipeline->{closure:{closure:Illuminate/Pipeline/Pipeline::carry():194}:195}()
#29 C:/xampp/htdocs/maternal-care-system/vendor/laravel/framework/src/Illuminate/Session/Middleware/StartSession.php(63): Illuminate/Session/Middleware/StartSession->handleStatefulRequest()
#30 C:/xampp/htdocs/maternal-care-system/vendor/laravel/framework/src/Illuminate/Pipeline/Pipeline.php(219): Illuminate/Session/Middleware/StartSession->handle()
#31 C:/xampp/htdocs/maternal-care-system/vendor/laravel/framework/src/Illuminate/Cookie/Middleware/AddQueuedCookiesToResponse.php(36): Illuminate/Pipeline/Pipeline->{closure:{closure:Illuminate/Pipeline/Pipeline::carry():194}:195}()
#32 C:/xampp/htdocs/maternal-care-system/vendor/laravel/framework/src/Illuminate/Pipeline/Pipeline.php(219): Illuminate/Cookie/Middleware/AddQueuedCookiesToResponse->handle()
#33 C:/xampp/htdocs/maternal-care-system/vendor/laravel/framework/src/Illuminate/Cookie/Middleware/EncryptCookies.php(74): Illuminate/Pipeline/Pipeline->{closure:{closure:Illuminate/Pipeline/Pipeline::carry():194}:195}()
#34 C:/xampp/htdocs/maternal-care-system/vendor/laravel/framework/src/Illuminate/Pipeline/Pipeline.php(219): Illuminate/Cookie/Middleware/EncryptCookies->handle()
#35 C:/xampp/htdocs/maternal-care-system/vendor/laravel/framework/src/Illuminate/Pipeline/Pipeline.php(137): Illuminate/Pipeline/Pipeline->{closure:{closure:Illuminate/Pipeline/Pipeline::carry():194}:195}()
#36 C:/xampp/htdocs/maternal-care-system/vendor/laravel/framework/src/Illuminate/Routing/Router.php(821): Illuminate/Pipeline/Pipeline->then()
#37 C:/xampp/htdocs/maternal-care-system/vendor/laravel/framework/src/Illuminate/Routing/Router.php(800): Illuminate/Routing/Router->runRouteWithinStack()
#38 C:/xampp/htdocs/maternal-care-system/vendor/laravel/framework/src/Illuminate/Routing/Router.php(764): Illuminate/Routing/Router->runRoute()
#39 C:/xampp/htdocs/maternal-care-system/vendor/laravel/framework/src/Illuminate/Routing/Router.php(753): Illuminate/Routing/Router->dispatchToRoute()
#40 C:/xampp/htdocs/maternal-care-system/vendor/laravel/framework/src/Illuminate/Foundation/Http/Kernel.php(200): Illuminate/Routing/Router->dispatch()
#41 C:/xampp/htdocs/maternal-care-system/vendor/laravel/framework/src/Illuminate/Pipeline/Pipeline.php(180): Illuminate/Foundation/Http/Kernel->{closure:Illuminate/Foundation/Http/Kernel::dispatchToRouter():197}()
#42 C:/xampp/htdocs/maternal-care-system/vendor/laravel/framework/src/Illuminate/Foundation/Http/Middleware/TransformsRequest.php(21): Illuminate/Pipeline/Pipeline->{closure:Illuminate/Pipeline/Pipeline::prepareDestination():178}()
#43 C:/xampp/htdocs/maternal-care-system/vendor/laravel/framework/src/Illuminate/Foundation/Http/Middleware/ConvertEmptyStringsToNull.php(31): Illuminate/Foundation/Http/Middleware/TransformsRequest->handle()
#44 C:/xampp/htdocs/maternal-care-system/vendor/laravel/framework/src/Illuminate/Pipeline/Pipeline.php(219): Illuminate/Foundation/Http/Middleware/ConvertEmptyStringsToNull->handle()
#45 C:/xampp/htdocs/maternal-care-system/vendor/laravel/framework/src/Illuminate/Foundation/Http/Middleware/TransformsRequest.php(21): Illuminate/Pipeline/Pipeline->{closure:{closure:Illuminate/Pipeline/Pipeline::carry():194}:195}()
#46 C:/xampp/htdocs/maternal-care-system/vendor/laravel/framework/src/Illuminate/Foundation/Http/Middleware/TrimStrings.php(51): Illuminate/Foundation/Http/Middleware/TransformsRequest->handle()
#47 C:/xampp/htdocs/maternal-care-system/vendor/laravel/framework/src/Illuminate/Pipeline/Pipeline.php(219): Illuminate/Foundation/Http/Middleware/TrimStrings->handle()
#48 C:/xampp/htdocs/maternal-care-system/vendor/laravel/framework/src/Illuminate/Http/Middleware/ValidatePostSize.php(27): Illuminate/Pipeline/Pipeline->{closure:{closure:Illuminate/Pipeline/Pipeline::carry():194}:195}()
#49 C:/xampp/htdocs/maternal-care-system/vendor/laravel/framework/src/Illuminate/Pipeline/Pipeline.php(219): Illuminate/Http/Middleware/ValidatePostSize->handle()
#50 C:/xampp/htdocs/maternal-care-system/vendor/laravel/framework/src/Illuminate/Foundation/Http/Middleware/PreventRequestsDuringMaintenance.php(109): Illuminate/Pipeline/Pipeline->{closure:{closure:Illuminate/Pipeline/Pipeline::carry():194}:195}()
#51 C:/xampp/htdocs/maternal-care-system/vendor/laravel/framework/src/Illuminate/Pipeline/Pipeline.php(219): Illuminate/Foundation/Http/Middleware/PreventRequestsDuringMaintenance->handle()
#52 C:/xampp/htdocs/maternal-care-system/vendor/laravel/framework/src/Illuminate/Http/Middleware/HandleCors.php(61): Illuminate/Pipeline/Pipeline->{closure:{closure:Illuminate/Pipeline/Pipeline::carry():194}:195}()
#53 C:/xampp/htdocs/maternal-care-system/vendor/laravel/framework/src/Illuminate/Pipeline/Pipeline.php(219): Illuminate/Http/Middleware/HandleCors->handle()
#54 C:/xampp/htdocs/maternal-care-system/vendor/laravel/framework/src/Illuminate/Http/Middleware/TrustProxies.php(58): Illuminate/Pipeline/Pipeline->{closure:{closure:Illuminate/Pipeline/Pipeline::carry():194}:195}()
#55 C:/xampp/htdocs/maternal-care-system/vendor/laravel/framework/src/Illuminate/Pipeline/Pipeline.php(219): Illuminate/Http/Middleware/TrustProxies->handle()
#56 C:/xampp/htdocs/maternal-care-system/vendor/laravel/framework/src/Illuminate/Foundation/Http/Middleware/InvokeDeferredCallbacks.php(22): Illuminate/Pipeline/Pipeline->{closure:{closure:Illuminate/Pipeline/Pipeline::carry():194}:195}()
#57 C:/xampp/htdocs/maternal-care-system/vendor/laravel/framework/src/Illuminate/Pipeline/Pipeline.php(219): Illuminate/Foundation/Http/Middleware/InvokeDeferredCallbacks->handle()
#58 C:/xampp/htdocs/maternal-care-system/vendor/laravel/framework/src/Illuminate/Http/Middleware/ValidatePathEncoding.php(28): Illuminate/Pipeline/Pipeline->{closure:{closure:Illuminate/Pipeline/Pipeline::carry():194}:195}()
#59 C:/xampp/htdocs/maternal-care-system/vendor/laravel/framework/src/Illuminate/Pipeline/Pipeline.php(219): Illuminate/Http/Middleware/ValidatePathEncoding->handle()
#60 C:/xampp/htdocs/maternal-care-system/vendor/laravel/framework/src/Illuminate/Pipeline/Pipeline.php(137): Illuminate/Pipeline/Pipeline->{closure:{closure:Illuminate/Pipeline/Pipeline::carry():194}:195}()
#61 C:/xampp/htdocs/maternal-care-system/vendor/laravel/framework/src/Illuminate/Foundation/Http/Kernel.php(175): Illuminate/Pipeline/Pipeline->then()
#62 C:/xampp/htdocs/maternal-care-system/vendor/laravel/framework/src/Illuminate/Foundation/Http/Kernel.php(144): Illuminate/Foundation/Http/Kernel->sendRequestThroughRouter()
#63 C:/xampp/htdocs/maternal-care-system/vendor/laravel/framework/src/Illuminate/Foundation/Application.php(1220): Illuminate/Foundation/Http/Kernel->handle()
#64 C:/xampp/htdocs/maternal-care-system/public/index.php(20): Illuminate/Foundation/Application->handleRequest()
#65 C:/xampp/htdocs/maternal-care-system/vendor/laravel/framework/src/Illuminate/Foundation/resources/server.php(23): require_once('...')
#66 {main}
"} 
[2026-07-21 08:46:38] local.ERROR: View [midwife.edit-visit] not found. {"userId":1,"exception":"[object] (InvalidArgumentException(code: 0): View [midwife.edit-visit] not found. at C:/xampp/htdocs/maternal-care-system/vendor/laravel/framework/src/Illuminate/View/FileViewFinder.php:138)
[stacktrace]
#0 C:/xampp/htdocs/maternal-care-system/vendor/laravel/framework/src/Illuminate/View/FileViewFinder.php(78): Illuminate/View/FileViewFinder->findInPaths()
#1 C:/xampp/htdocs/maternal-care-system/vendor/laravel/framework/src/Illuminate/View/Factory.php(150): Illuminate/View/FileViewFinder->find()
#2 C:/xampp/htdocs/maternal-care-system/vendor/laravel/framework/src/Illuminate/Foundation/helpers.php(1101): Illuminate/View/Factory->make()
#3 C:/xampp/htdocs/maternal-care-system/app/Http/Controllers/VisitController.php(111): view()
#4 C:/xampp/htdocs/maternal-care-system/vendor/laravel/framework/src/Illuminate/Routing/ControllerDispatcher.php(46): App/Http/Controllers/VisitController->edit()
#5 C:/xampp/htdocs/maternal-care-system/vendor/laravel/framework/src/Illuminate/Routing/Route.php(276): Illuminate/Routing/ControllerDispatcher->dispatch()
#6 C:/xampp/htdocs/maternal-care-system/vendor/laravel/framework/src/Illuminate/Routing/Route.php(216): Illuminate/Routing/Route->runController()
#7 C:/xampp/htdocs/maternal-care-system/vendor/laravel/framework/src/Illuminate/Routing/Router.php(822): Illuminate/Routing/Route->run()
#8 C:/xampp/htdocs/maternal-care-system/vendor/laravel/framework/src/Illuminate/Pipeline/Pipeline.php(180): Illuminate/Routing/Router->{closure:Illuminate/Routing/Router::runRouteWithinStack():821}()
#9 C:/xampp/htdocs/maternal-care-system/vendor/laravel/framework/src/Illuminate/Routing/Middleware/SubstituteBindings.php(52): Illuminate/Pipeline/Pipeline->{closure:Illuminate/Pipeline/Pipeline::prepareDestination():178}()
#10 C:/xampp/htdocs/maternal-care-system/vendor/laravel/framework/src/Illuminate/Pipeline/Pipeline.php(219): Illuminate/Routing/Middleware/SubstituteBindings->handle()
#11 C:/xampp/htdocs/maternal-care-system/vendor/laravel/framework/src/Illuminate/Foundation/Http/Middleware/PreventRequestForgery.php(104): Illuminate/Pipeline/Pipeline->{closure:{closure:Illuminate/Pipeline/Pipeline::carry():194}:195}()
#12 C:/xampp/htdocs/maternal-care-system/vendor/laravel/framework/src/Illuminate/Pipeline/Pipeline.php(219): Illuminate/Foundation/Http/Middleware/PreventRequestForgery->handle()
#13 C:/xampp/htdocs/maternal-care-system/vendor/laravel/framework/src/Illuminate/View/Middleware/ShareErrorsFromSession.php(48): Illuminate/Pipeline/Pipeline->{closure:{closure:Illuminate/Pipeline/Pipeline::carry():194}:195}()
#14 C:/xampp/htdocs/maternal-care-system/vendor/laravel/framework/src/Illuminate/Pipeline/Pipeline.php(219): Illuminate/View/Middleware/ShareErrorsFromSession->handle()
#15 C:/xampp/htdocs/maternal-care-system/vendor/laravel/framework/src/Illuminate/Session/Middleware/StartSession.php(120): Illuminate/Pipeline/Pipeline->{closure:{closure:Illuminate/Pipeline/Pipeline::carry():194}:195}()
#16 C:/xampp/htdocs/maternal-care-system/vendor/laravel/framework/src/Illuminate/Session/Middleware/StartSession.php(63): Illuminate/Session/Middleware/StartSession->handleStatefulRequest()
#17 C:/xampp/htdocs/maternal-care-system/vendor/laravel/framework/src/Illuminate/Pipeline/Pipeline.php(219): Illuminate/Session/Middleware/StartSession->handle()
#18 C:/xampp/htdocs/maternal-care-system/vendor/laravel/framework/src/Illuminate/Cookie/Middleware/AddQueuedCookiesToResponse.php(36): Illuminate/Pipeline/Pipeline->{closure:{closure:Illuminate/Pipeline/Pipeline::carry():194}:195}()
#19 C:/xampp/htdocs/maternal-care-system/vendor/laravel/framework/src/Illuminate/Pipeline/Pipeline.php(219): Illuminate/Cookie/Middleware/AddQueuedCookiesToResponse->handle()
#20 C:/xampp/htdocs/maternal-care-system/vendor/laravel/framework/src/Illuminate/Cookie/Middleware/EncryptCookies.php(74): Illuminate/Pipeline/Pipeline->{closure:{closure:Illuminate/Pipeline/Pipeline::carry():194}:195}()
#21 C:/xampp/htdocs/maternal-care-system/vendor/laravel/framework/src/Illuminate/Pipeline/Pipeline.php(219): Illuminate/Cookie/Middleware/EncryptCookies->handle()
#22 C:/xampp/htdocs/maternal-care-system/vendor/laravel/framework/src/Illuminate/Pipeline/Pipeline.php(137): Illuminate/Pipeline/Pipeline->{closure:{closure:Illuminate/Pipeline/Pipeline::carry():194}:195}()
#23 C:/xampp/htdocs/maternal-care-system/vendor/laravel/framework/src/Illuminate/Routing/Router.php(821): Illuminate/Pipeline/Pipeline->then()
#24 C:/xampp/htdocs/maternal-care-system/vendor/laravel/framework/src/Illuminate/Routing/Router.php(800): Illuminate/Routing/Router->runRouteWithinStack()
#25 C:/xampp/htdocs/maternal-care-system/vendor/laravel/framework/src/Illuminate/Routing/Router.php(764): Illuminate/Routing/Router->runRoute()
#26 C:/xampp/htdocs/maternal-care-system/vendor/laravel/framework/src/Illuminate/Routing/Router.php(753): Illuminate/Routing/Router->dispatchToRoute()
#27 C:/xampp/htdocs/maternal-care-system/vendor/laravel/framework/src/Illuminate/Foundation/Http/Kernel.php(200): Illuminate/Routing/Router->dispatch()
#28 C:/xampp/htdocs/maternal-care-system/vendor/laravel/framework/src/Illuminate/Pipeline/Pipeline.php(180): Illuminate/Foundation/Http/Kernel->{closure:Illuminate/Foundation/Http/Kernel::dispatchToRouter():197}()
#29 C:/xampp/htdocs/maternal-care-system/vendor/laravel/framework/src/Illuminate/Foundation/Http/Middleware/TransformsRequest.php(21): Illuminate/Pipeline/Pipeline->{closure:Illuminate/Pipeline/Pipeline::prepareDestination():178}()
#30 C:/xampp/htdocs/maternal-care-system/vendor/laravel/framework/src/Illuminate/Foundation/Http/Middleware/ConvertEmptyStringsToNull.php(31): Illuminate/Foundation/Http/Middleware/TransformsRequest->handle()
#31 C:/xampp/htdocs/maternal-care-system/vendor/laravel/framework/src/Illuminate/Pipeline/Pipeline.php(219): Illuminate/Foundation/Http/Middleware/ConvertEmptyStringsToNull->handle()
#32 C:/xampp/htdocs/maternal-care-system/vendor/laravel/framework/src/Illuminate/Foundation/Http/Middleware/TransformsRequest.php(21): Illuminate/Pipeline/Pipeline->{closure:{closure:Illuminate/Pipeline/Pipeline::carry():194}:195}()
#33 C:/xampp/htdocs/maternal-care-system/vendor/laravel/framework/src/Illuminate/Foundation/Http/Middleware/TrimStrings.php(51): Illuminate/Foundation/Http/Middleware/TransformsRequest->handle()
#34 C:/xampp/htdocs/maternal-care-system/vendor/laravel/framework/src/Illuminate/Pipeline/Pipeline.php(219): Illuminate/Foundation/Http/Middleware/TrimStrings->handle()
#35 C:/xampp/htdocs/maternal-care-system/vendor/laravel/framework/src/Illuminate/Http/Middleware/ValidatePostSize.php(27): Illuminate/Pipeline/Pipeline->{closure:{closure:Illuminate/Pipeline/Pipeline::carry():194}:195}()
#36 C:/xampp/htdocs/maternal-care-system/vendor/laravel/framework/src/Illuminate/Pipeline/Pipeline.php(219): Illuminate/Http/Middleware/ValidatePostSize->handle()
#37 C:/xampp/htdocs/maternal-care-system/vendor/laravel/framework/src/Illuminate/Foundation/Http/Middleware/PreventRequestsDuringMaintenance.php(109): Illuminate/Pipeline/Pipeline->{closure:{closure:Illuminate/Pipeline/Pipeline::carry():194}:195}()
#38 C:/xampp/htdocs/maternal-care-system/vendor/laravel/framework/src/Illuminate/Pipeline/Pipeline.php(219): Illuminate/Foundation/Http/Middleware/PreventRequestsDuringMaintenance->handle()
#39 C:/xampp/htdocs/maternal-care-system/vendor/laravel/framework/src/Illuminate/Http/Middleware/HandleCors.php(61): Illuminate/Pipeline/Pipeline->{closure:{closure:Illuminate/Pipeline/Pipeline::carry():194}:195}()
#40 C:/xampp/htdocs/maternal-care-system/vendor/laravel/framework/src/Illuminate/Pipeline/Pipeline.php(219): Illuminate/Http/Middleware/HandleCors->handle()
#41 C:/xampp/htdocs/maternal-care-system/vendor/laravel/framework/src/Illuminate/Http/Middleware/TrustProxies.php(58): Illuminate/Pipeline/Pipeline->{closure:{closure:Illuminate/Pipeline/Pipeline::carry():194}:195}()
#42 C:/xampp/htdocs/maternal-care-system/vendor/laravel/framework/src/Illuminate/Pipeline/Pipeline.php(219): Illuminate/Http/Middleware/TrustProxies->handle()
#43 C:/xampp/htdocs/maternal-care-system/vendor/laravel/framework/src/Illuminate/Foundation/Http/Middleware/InvokeDeferredCallbacks.php(22): Illuminate/Pipeline/Pipeline->{closure:{closure:Illuminate/Pipeline/Pipeline::carry():194}:195}()
#44 C:/xampp/htdocs/maternal-care-system/vendor/laravel/framework/src/Illuminate/Pipeline/Pipeline.php(219): Illuminate/Foundation/Http/Middleware/InvokeDeferredCallbacks->handle()
#45 C:/xampp/htdocs/maternal-care-system/vendor/laravel/framework/src/Illuminate/Http/Middleware/ValidatePathEncoding.php(28): Illuminate/Pipeline/Pipeline->{closure:{closure:Illuminate/Pipeline/Pipeline::carry():194}:195}()
#46 C:/xampp/htdocs/maternal-care-system/vendor/laravel/framework/src/Illuminate/Pipeline/Pipeline.php(219): Illuminate/Http/Middleware/ValidatePathEncoding->handle()
#47 C:/xampp/htdocs/maternal-care-system/vendor/laravel/framework/src/Illuminate/Pipeline/Pipeline.php(137): Illuminate/Pipeline/Pipeline->{closure:{closure:Illuminate/Pipeline/Pipeline::carry():194}:195}()
#48 C:/xampp/htdocs/maternal-care-system/vendor/laravel/framework/src/Illuminate/Foundation/Http/Kernel.php(175): Illuminate/Pipeline/Pipeline->then()
#49 C:/xampp/htdocs/maternal-care-system/vendor/laravel/framework/src/Illuminate/Foundation/Http/Kernel.php(144): Illuminate/Foundation/Http/Kernel->sendRequestThroughRouter()
#50 C:/xampp/htdocs/maternal-care-system/vendor/laravel/framework/src/Illuminate/Foundation/Application.php(1220): Illuminate/Foundation/Http/Kernel->handle()
#51 C:/xampp/htdocs/maternal-care-system/public/index.php(20): Illuminate/Foundation/Application->handleRequest()
#52 C:/xampp/htdocs/maternal-care-system/vendor/laravel/framework/src/Illuminate/Foundation/resources/server.php(23): require_once('...')
#53 {main}
"} 
[2026-07-21 08:47:00] local.ERROR: View [midwife.edit-visit] not found. {"userId":1,"exception":"[object] (InvalidArgumentException(code: 0): View [midwife.edit-visit] not found. at C:/xampp/htdocs/maternal-care-system/vendor/laravel/framework/src/Illuminate/View/FileViewFinder.php:138)
[stacktrace]
#0 C:/xampp/htdocs/maternal-care-system/vendor/laravel/framework/src/Illuminate/View/FileViewFinder.php(78): Illuminate/View/FileViewFinder->findInPaths()
#1 C:/xampp/htdocs/maternal-care-system/vendor/laravel/framework/src/Illuminate/View/Factory.php(150): Illuminate/View/FileViewFinder->find()
#2 C:/xampp/htdocs/maternal-care-system/vendor/laravel/framework/src/Illuminate/Foundation/helpers.php(1101): Illuminate/View/Factory->make()
#3 C:/xampp/htdocs/maternal-care-system/app/Http/Controllers/VisitController.php(111): view()
#4 C:/xampp/htdocs/maternal-care-system/vendor/laravel/framework/src/Illuminate/Routing/ControllerDispatcher.php(46): App/Http/Controllers/VisitController->edit()
#5 C:/xampp/htdocs/maternal-care-system/vendor/laravel/framework/src/Illuminate/Routing/Route.php(276): Illuminate/Routing/ControllerDispatcher->dispatch()
#6 C:/xampp/htdocs/maternal-care-system/vendor/laravel/framework/src/Illuminate/Routing/Route.php(216): Illuminate/Routing/Route->runController()
#7 C:/xampp/htdocs/maternal-care-system/vendor/laravel/framework/src/Illuminate/Routing/Router.php(822): Illuminate/Routing/Route->run()
#8 C:/xampp/htdocs/maternal-care-system/vendor/laravel/framework/src/Illuminate/Pipeline/Pipeline.php(180): Illuminate/Routing/Router->{closure:Illuminate/Routing/Router::runRouteWithinStack():821}()
#9 C:/xampp/htdocs/maternal-care-system/vendor/laravel/framework/src/Illuminate/Routing/Middleware/SubstituteBindings.php(52): Illuminate/Pipeline/Pipeline->{closure:Illuminate/Pipeline/Pipeline::prepareDestination():178}()
#10 C:/xampp/htdocs/maternal-care-system/vendor/laravel/framework/src/Illuminate/Pipeline/Pipeline.php(219): Illuminate/Routing/Middleware/SubstituteBindings->handle()
#11 C:/xampp/htdocs/maternal-care-system/vendor/laravel/framework/src/Illuminate/Foundation/Http/Middleware/PreventRequestForgery.php(104): Illuminate/Pipeline/Pipeline->{closure:{closure:Illuminate/Pipeline/Pipeline::carry():194}:195}()
#12 C:/xampp/htdocs/maternal-care-system/vendor/laravel/framework/src/Illuminate/Pipeline/Pipeline.php(219): Illuminate/Foundation/Http/Middleware/PreventRequestForgery->handle()
#13 C:/xampp/htdocs/maternal-care-system/vendor/laravel/framework/src/Illuminate/View/Middleware/ShareErrorsFromSession.php(48): Illuminate/Pipeline/Pipeline->{closure:{closure:Illuminate/Pipeline/Pipeline::carry():194}:195}()
#14 C:/xampp/htdocs/maternal-care-system/vendor/laravel/framework/src/Illuminate/Pipeline/Pipeline.php(219): Illuminate/View/Middleware/ShareErrorsFromSession->handle()
#15 C:/xampp/htdocs/maternal-care-system/vendor/laravel/framework/src/Illuminate/Session/Middleware/StartSession.php(120): Illuminate/Pipeline/Pipeline->{closure:{closure:Illuminate/Pipeline/Pipeline::carry():194}:195}()
#16 C:/xampp/htdocs/maternal-care-system/vendor/laravel/framework/src/Illuminate/Session/Middleware/StartSession.php(63): Illuminate/Session/Middleware/StartSession->handleStatefulRequest()
#17 C:/xampp/htdocs/maternal-care-system/vendor/laravel/framework/src/Illuminate/Pipeline/Pipeline.php(219): Illuminate/Session/Middleware/StartSession->handle()
#18 C:/xampp/htdocs/maternal-care-system/vendor/laravel/framework/src/Illuminate/Cookie/Middleware/AddQueuedCookiesToResponse.php(36): Illuminate/Pipeline/Pipeline->{closure:{closure:Illuminate/Pipeline/Pipeline::carry():194}:195}()
#19 C:/xampp/htdocs/maternal-care-system/vendor/laravel/framework/src/Illuminate/Pipeline/Pipeline.php(219): Illuminate/Cookie/Middleware/AddQueuedCookiesToResponse->handle()
#20 C:/xampp/htdocs/maternal-care-system/vendor/laravel/framework/src/Illuminate/Cookie/Middleware/EncryptCookies.php(74): Illuminate/Pipeline/Pipeline->{closure:{closure:Illuminate/Pipeline/Pipeline::carry():194}:195}()
#21 C:/xampp/htdocs/maternal-care-system/vendor/laravel/framework/src/Illuminate/Pipeline/Pipeline.php(219): Illuminate/Cookie/Middleware/EncryptCookies->handle()
#22 C:/xampp/htdocs/maternal-care-system/vendor/laravel/framework/src/Illuminate/Pipeline/Pipeline.php(137): Illuminate/Pipeline/Pipeline->{closure:{closure:Illuminate/Pipeline/Pipeline::carry():194}:195}()
#23 C:/xampp/htdocs/maternal-care-system/vendor/laravel/framework/src/Illuminate/Routing/Router.php(821): Illuminate/Pipeline/Pipeline->then()
#24 C:/xampp/htdocs/maternal-care-system/vendor/laravel/framework/src/Illuminate/Routing/Router.php(800): Illuminate/Routing/Router->runRouteWithinStack()
#25 C:/xampp/htdocs/maternal-care-system/vendor/laravel/framework/src/Illuminate/Routing/Router.php(764): Illuminate/Routing/Router->runRoute()
#26 C:/xampp/htdocs/maternal-care-system/vendor/laravel/framework/src/Illuminate/Routing/Router.php(753): Illuminate/Routing/Router->dispatchToRoute()
#27 C:/xampp/htdocs/maternal-care-system/vendor/laravel/framework/src/Illuminate/Foundation/Http/Kernel.php(200): Illuminate/Routing/Router->dispatch()
#28 C:/xampp/htdocs/maternal-care-system/vendor/laravel/framework/src/Illuminate/Pipeline/Pipeline.php(180): Illuminate/Foundation/Http/Kernel->{closure:Illuminate/Foundation/Http/Kernel::dispatchToRouter():197}()
#29 C:/xampp/htdocs/maternal-care-system/vendor/laravel/framework/src/Illuminate/Foundation/Http/Middleware/TransformsRequest.php(21): Illuminate/Pipeline/Pipeline->{closure:Illuminate/Pipeline/Pipeline::prepareDestination():178}()
#30 C:/xampp/htdocs/maternal-care-system/vendor/laravel/framework/src/Illuminate/Foundation/Http/Middleware/ConvertEmptyStringsToNull.php(31): Illuminate/Foundation/Http/Middleware/TransformsRequest->handle()
#31 C:/xampp/htdocs/maternal-care-system/vendor/laravel/framework/src/Illuminate/Pipeline/Pipeline.php(219): Illuminate/Foundation/Http/Middleware/ConvertEmptyStringsToNull->handle()
#32 C:/xampp/htdocs/maternal-care-system/vendor/laravel/framework/src/Illuminate/Foundation/Http/Middleware/TransformsRequest.php(21): Illuminate/Pipeline/Pipeline->{closure:{closure:Illuminate/Pipeline/Pipeline::carry():194}:195}()
#33 C:/xampp/htdocs/maternal-care-system/vendor/laravel/framework/src/Illuminate/Foundation/Http/Middleware/TrimStrings.php(51): Illuminate/Foundation/Http/Middleware/TransformsRequest->handle()
#34 C:/xampp/htdocs/maternal-care-system/vendor/laravel/framework/src/Illuminate/Pipeline/Pipeline.php(219): Illuminate/Foundation/Http/Middleware/TrimStrings->handle()
#35 C:/xampp/htdocs/maternal-care-system/vendor/laravel/framework/src/Illuminate/Http/Middleware/ValidatePostSize.php(27): Illuminate/Pipeline/Pipeline->{closure:{closure:Illuminate/Pipeline/Pipeline::carry():194}:195}()
#36 C:/xampp/htdocs/maternal-care-system/vendor/laravel/framework/src/Illuminate/Pipeline/Pipeline.php(219): Illuminate/Http/Middleware/ValidatePostSize->handle()
#37 C:/xampp/htdocs/maternal-care-system/vendor/laravel/framework/src/Illuminate/Foundation/Http/Middleware/PreventRequestsDuringMaintenance.php(109): Illuminate/Pipeline/Pipeline->{closure:{closure:Illuminate/Pipeline/Pipeline::carry():194}:195}()
#38 C:/xampp/htdocs/maternal-care-system/vendor/laravel/framework/src/Illuminate/Pipeline/Pipeline.php(219): Illuminate/Foundation/Http/Middleware/PreventRequestsDuringMaintenance->handle()
#39 C:/xampp/htdocs/maternal-care-system/vendor/laravel/framework/src/Illuminate/Http/Middleware/HandleCors.php(61): Illuminate/Pipeline/Pipeline->{closure:{closure:Illuminate/Pipeline/Pipeline::carry():194}:195}()
#40 C:/xampp/htdocs/maternal-care-system/vendor/laravel/framework/src/Illuminate/Pipeline/Pipeline.php(219): Illuminate/Http/Middleware/HandleCors->handle()
#41 C:/xampp/htdocs/maternal-care-system/vendor/laravel/framework/src/Illuminate/Http/Middleware/TrustProxies.php(58): Illuminate/Pipeline/Pipeline->{closure:{closure:Illuminate/Pipeline/Pipeline::carry():194}:195}()
#42 C:/xampp/htdocs/maternal-care-system/vendor/laravel/framework/src/Illuminate/Pipeline/Pipeline.php(219): Illuminate/Http/Middleware/TrustProxies->handle()
#43 C:/xampp/htdocs/maternal-care-system/vendor/laravel/framework/src/Illuminate/Foundation/Http/Middleware/InvokeDeferredCallbacks.php(22): Illuminate/Pipeline/Pipeline->{closure:{closure:Illuminate/Pipeline/Pipeline::carry():194}:195}()
#44 C:/xampp/htdocs/maternal-care-system/vendor/laravel/framework/src/Illuminate/Pipeline/Pipeline.php(219): Illuminate/Foundation/Http/Middleware/InvokeDeferredCallbacks->handle()
#45 C:/xampp/htdocs/maternal-care-system/vendor/laravel/framework/src/Illuminate/Http/Middleware/ValidatePathEncoding.php(28): Illuminate/Pipeline/Pipeline->{closure:{closure:Illuminate/Pipeline/Pipeline::carry():194}:195}()
#46 C:/xampp/htdocs/maternal-care-system/vendor/laravel/framework/src/Illuminate/Pipeline/Pipeline.php(219): Illuminate/Http/Middleware/ValidatePathEncoding->handle()
#47 C:/xampp/htdocs/maternal-care-system/vendor/laravel/framework/src/Illuminate/Pipeline/Pipeline.php(137): Illuminate/Pipeline/Pipeline->{closure:{closure:Illuminate/Pipeline/Pipeline::carry():194}:195}()
#48 C:/xampp/htdocs/maternal-care-system/vendor/laravel/framework/src/Illuminate/Foundation/Http/Kernel.php(175): Illuminate/Pipeline/Pipeline->then()
#49 C:/xampp/htdocs/maternal-care-system/vendor/laravel/framework/src/Illuminate/Foundation/Http/Kernel.php(144): Illuminate/Foundation/Http/Kernel->sendRequestThroughRouter()
#50 C:/xampp/htdocs/maternal-care-system/vendor/laravel/framework/src/Illuminate/Foundation/Application.php(1220): Illuminate/Foundation/Http/Kernel->handle()
#51 C:/xampp/htdocs/maternal-care-system/public/index.php(20): Illuminate/Foundation/Application->handleRequest()
#52 C:/xampp/htdocs/maternal-care-system/vendor/laravel/framework/src/Illuminate/Foundation/resources/server.php(23): require_once('...')
#53 {main}
"} 
[2026-07-21 09:41:55] local.ERROR: SQLSTATE[23000]: Integrity constraint violation: 1048 Column 'visit_id' cannot be null (Connection: mysql, Host: 127.0.0.1, Port: 3306, Database: maternal_care_system, SQL: insert into `medicines` (`mother_id`, `visit_id`, `medicine_name`, `dosage`, `quantity`, `remarks`, `updated_at`, `created_at`) values (2, ?, Calcium, 1, 39, -----------------, 2026-07-21 09:41:55, 2026-07-21 09:41:55)) {"userId":1,"exception":"[object] (Illuminate\\Database\\QueryException(code: 23000): SQLSTATE[23000]: Integrity constraint violation: 1048 Column 'visit_id' cannot be null (Connection: mysql, Host: 127.0.0.1, Port: 3306, Database: maternal_care_system, SQL: insert into `medicines` (`mother_id`, `visit_id`, `medicine_name`, `dosage`, `quantity`, `remarks`, `updated_at`, `created_at`) values (2, ?, Calcium, 1, 39, -----------------, 2026-07-21 09:41:55, 2026-07-21 09:41:55)) at C:/xampp/htdocs/maternal-care-system/vendor/laravel/framework/src/Illuminate/Database/Connection.php:857)
[stacktrace]
#0 C:/xampp/htdocs/maternal-care-system/vendor/laravel/framework/src/Illuminate/Database/Connection.php(813): Illuminate/Database/Connection->runQueryCallback()
#1 C:/xampp/htdocs/maternal-care-system/vendor/laravel/framework/src/Illuminate/Database/MySqlConnection.php(42): Illuminate/Database/Connection->run()
#2 C:/xampp/htdocs/maternal-care-system/vendor/laravel/framework/src/Illuminate/Database/Query/Processors/MySqlProcessor.php(35): Illuminate/Database/MySqlConnection->insert()
#3 C:/xampp/htdocs/maternal-care-system/vendor/laravel/framework/src/Illuminate/Database/Query/Builder.php(4257): Illuminate/Database/Query/Processors/MySqlProcessor->processInsertGetId()
#4 C:/xampp/htdocs/maternal-care-system/vendor/laravel/framework/src/Illuminate/Database/Eloquent/Builder.php(2271): Illuminate/Database/Query/Builder->insertGetId()
#5 C:/xampp/htdocs/maternal-care-system/vendor/laravel/framework/src/Illuminate/Database/Eloquent/Model.php(1684): Illuminate/Database/Eloquent/Builder->__call()
#6 C:/xampp/htdocs/maternal-care-system/vendor/laravel/framework/src/Illuminate/Database/Eloquent/Model.php(1600): Illuminate/Database/Eloquent/Model->insertAndSetId()
#7 C:/xampp/htdocs/maternal-care-system/vendor/laravel/framework/src/Illuminate/Database/Eloquent/Model.php(1404): Illuminate/Database/Eloquent/Model->performInsert()
#8 C:/xampp/htdocs/maternal-care-system/vendor/laravel/framework/src/Illuminate/Database/Eloquent/Builder.php(1225): Illuminate/Database/Eloquent/Model->save()
#9 C:/xampp/htdocs/maternal-care-system/vendor/laravel/framework/src/Illuminate/Support/helpers.php(393): Illuminate/Database/Eloquent/Builder->{closure:Illuminate/Database/Eloquent/Builder::create():1224}()
#10 C:/xampp/htdocs/maternal-care-system/vendor/laravel/framework/src/Illuminate/Database/Eloquent/Builder.php(1224): tap()
#11 C:/xampp/htdocs/maternal-care-system/vendor/laravel/framework/src/Illuminate/Support/Traits/ForwardsCalls.php(23): Illuminate/Database/Eloquent/Builder->create()
#12 C:/xampp/htdocs/maternal-care-system/vendor/laravel/framework/src/Illuminate/Database/Eloquent/Model.php(2831): Illuminate/Database/Eloquent/Model->forwardCallTo()
#13 C:/xampp/htdocs/maternal-care-system/vendor/laravel/framework/src/Illuminate/Database/Eloquent/Model.php(2847): Illuminate/Database/Eloquent/Model->__call()
#14 C:/xampp/htdocs/maternal-care-system/app/Http/Controllers/MedicineController.php(64): Illuminate/Database/Eloquent/Model::__callStatic()
#15 C:/xampp/htdocs/maternal-care-system/vendor/laravel/framework/src/Illuminate/Routing/ControllerDispatcher.php(46): App/Http/Controllers/MedicineController->store()
#16 C:/xampp/htdocs/maternal-care-system/vendor/laravel/framework/src/Illuminate/Routing/Route.php(276): Illuminate/Routing/ControllerDispatcher->dispatch()
#17 C:/xampp/htdocs/maternal-care-system/vendor/laravel/framework/src/Illuminate/Routing/Route.php(216): Illuminate/Routing/Route->runController()
#18 C:/xampp/htdocs/maternal-care-system/vendor/laravel/framework/src/Illuminate/Routing/Router.php(822): Illuminate/Routing/Route->run()
#19 C:/xampp/htdocs/maternal-care-system/vendor/laravel/framework/src/Illuminate/Pipeline/Pipeline.php(180): Illuminate/Routing/Router->{closure:Illuminate/Routing/Router::runRouteWithinStack():821}()
#20 C:/xampp/htdocs/maternal-care-system/vendor/laravel/framework/src/Illuminate/Routing/Middleware/SubstituteBindings.php(52): Illuminate/Pipeline/Pipeline->{closure:Illuminate/Pipeline/Pipeline::prepareDestination():178}()
#21 C:/xampp/htdocs/maternal-care-system/vendor/laravel/framework/src/Illuminate/Pipeline/Pipeline.php(219): Illuminate/Routing/Middleware/SubstituteBindings->handle()
#22 C:/xampp/htdocs/maternal-care-system/vendor/laravel/framework/src/Illuminate/Foundation/Http/Middleware/PreventRequestForgery.php(104): Illuminate/Pipeline/Pipeline->{closure:{closure:Illuminate/Pipeline/Pipeline::carry():194}:195}()
#23 C:/xampp/htdocs/maternal-care-system/vendor/laravel/framework/src/Illuminate/Pipeline/Pipeline.php(219): Illuminate/Foundation/Http/Middleware/PreventRequestForgery->handle()
#24 C:/xampp/htdocs/maternal-care-system/vendor/laravel/framework/src/Illuminate/View/Middleware/ShareErrorsFromSession.php(48): Illuminate/Pipeline/Pipeline->{closure:{closure:Illuminate/Pipeline/Pipeline::carry():194}:195}()
#25 C:/xampp/htdocs/maternal-care-system/vendor/laravel/framework/src/Illuminate/Pipeline/Pipeline.php(219): Illuminate/View/Middleware/ShareErrorsFromSession->handle()
#26 C:/xampp/htdocs/maternal-care-system/vendor/laravel/framework/src/Illuminate/Session/Middleware/StartSession.php(120): Illuminate/Pipeline/Pipeline->{closure:{closure:Illuminate/Pipeline/Pipeline::carry():194}:195}()
#27 C:/xampp/htdocs/maternal-care-system/vendor/laravel/framework/src/Illuminate/Session/Middleware/StartSession.php(63): Illuminate/Session/Middleware/StartSession->handleStatefulRequest()
#28 C:/xampp/htdocs/maternal-care-system/vendor/laravel/framework/src/Illuminate/Pipeline/Pipeline.php(219): Illuminate/Session/Middleware/StartSession->handle()
#29 C:/xampp/htdocs/maternal-care-system/vendor/laravel/framework/src/Illuminate/Cookie/Middleware/AddQueuedCookiesToResponse.php(36): Illuminate/Pipeline/Pipeline->{closure:{closure:Illuminate/Pipeline/Pipeline::carry():194}:195}()
#30 C:/xampp/htdocs/maternal-care-system/vendor/laravel/framework/src/Illuminate/Pipeline/Pipeline.php(219): Illuminate/Cookie/Middleware/AddQueuedCookiesToResponse->handle()
#31 C:/xampp/htdocs/maternal-care-system/vendor/laravel/framework/src/Illuminate/Cookie/Middleware/EncryptCookies.php(74): Illuminate/Pipeline/Pipeline->{closure:{closure:Illuminate/Pipeline/Pipeline::carry():194}:195}()
#32 C:/xampp/htdocs/maternal-care-system/vendor/laravel/framework/src/Illuminate/Pipeline/Pipeline.php(219): Illuminate/Cookie/Middleware/EncryptCookies->handle()
#33 C:/xampp/htdocs/maternal-care-system/vendor/laravel/framework/src/Illuminate/Pipeline/Pipeline.php(137): Illuminate/Pipeline/Pipeline->{closure:{closure:Illuminate/Pipeline/Pipeline::carry():194}:195}()
#34 C:/xampp/htdocs/maternal-care-system/vendor/laravel/framework/src/Illuminate/Routing/Router.php(821): Illuminate/Pipeline/Pipeline->then()
#35 C:/xampp/htdocs/maternal-care-system/vendor/laravel/framework/src/Illuminate/Routing/Router.php(800): Illuminate/Routing/Router->runRouteWithinStack()
#36 C:/xampp/htdocs/maternal-care-system/vendor/laravel/framework/src/Illuminate/Routing/Router.php(764): Illuminate/Routing/Router->runRoute()
#37 C:/xampp/htdocs/maternal-care-system/vendor/laravel/framework/src/Illuminate/Routing/Router.php(753): Illuminate/Routing/Router->dispatchToRoute()
#38 C:/xampp/htdocs/maternal-care-system/vendor/laravel/framework/src/Illuminate/Foundation/Http/Kernel.php(200): Illuminate/Routing/Router->dispatch()
#39 C:/xampp/htdocs/maternal-care-system/vendor/laravel/framework/src/Illuminate/Pipeline/Pipeline.php(180): Illuminate/Foundation/Http/Kernel->{closure:Illuminate/Foundation/Http/Kernel::dispatchToRouter():197}()
#40 C:/xampp/htdocs/maternal-care-system/vendor/laravel/framework/src/Illuminate/Foundation/Http/Middleware/TransformsRequest.php(21): Illuminate/Pipeline/Pipeline->{closure:Illuminate/Pipeline/Pipeline::prepareDestination():178}()
#41 C:/xampp/htdocs/maternal-care-system/vendor/laravel/framework/src/Illuminate/Foundation/Http/Middleware/ConvertEmptyStringsToNull.php(31): Illuminate/Foundation/Http/Middleware/TransformsRequest->handle()
#42 C:/xampp/htdocs/maternal-care-system/vendor/laravel/framework/src/Illuminate/Pipeline/Pipeline.php(219): Illuminate/Foundation/Http/Middleware/ConvertEmptyStringsToNull->handle()
#43 C:/xampp/htdocs/maternal-care-system/vendor/laravel/framework/src/Illuminate/Foundation/Http/Middleware/TransformsRequest.php(21): Illuminate/Pipeline/Pipeline->{closure:{closure:Illuminate/Pipeline/Pipeline::carry():194}:195}()
#44 C:/xampp/htdocs/maternal-care-system/vendor/laravel/framework/src/Illuminate/Foundation/Http/Middleware/TrimStrings.php(51): Illuminate/Foundation/Http/Middleware/TransformsRequest->handle()
#45 C:/xampp/htdocs/maternal-care-system/vendor/laravel/framework/src/Illuminate/Pipeline/Pipeline.php(219): Illuminate/Foundation/Http/Middleware/TrimStrings->handle()
#46 C:/xampp/htdocs/maternal-care-system/vendor/laravel/framework/src/Illuminate/Http/Middleware/ValidatePostSize.php(27): Illuminate/Pipeline/Pipeline->{closure:{closure:Illuminate/Pipeline/Pipeline::carry():194}:195}()
#47 C:/xampp/htdocs/maternal-care-system/vendor/laravel/framework/src/Illuminate/Pipeline/Pipeline.php(219): Illuminate/Http/Middleware/ValidatePostSize->handle()
#48 C:/xampp/htdocs/maternal-care-system/vendor/laravel/framework/src/Illuminate/Foundation/Http/Middleware/PreventRequestsDuringMaintenance.php(109): Illuminate/Pipeline/Pipeline->{closure:{closure:Illuminate/Pipeline/Pipeline::carry():194}:195}()
#49 C:/xampp/htdocs/maternal-care-system/vendor/laravel/framework/src/Illuminate/Pipeline/Pipeline.php(219): Illuminate/Foundation/Http/Middleware/PreventRequestsDuringMaintenance->handle()
#50 C:/xampp/htdocs/maternal-care-system/vendor/laravel/framework/src/Illuminate/Http/Middleware/HandleCors.php(61): Illuminate/Pipeline/Pipeline->{closure:{closure:Illuminate/Pipeline/Pipeline::carry():194}:195}()
#51 C:/xampp/htdocs/maternal-care-system/vendor/laravel/framework/src/Illuminate/Pipeline/Pipeline.php(219): Illuminate/Http/Middleware/HandleCors->handle()
#52 C:/xampp/htdocs/maternal-care-system/vendor/laravel/framework/src/Illuminate/Http/Middleware/TrustProxies.php(58): Illuminate/Pipeline/Pipeline->{closure:{closure:Illuminate/Pipeline/Pipeline::carry():194}:195}()
#53 C:/xampp/htdocs/maternal-care-system/vendor/laravel/framework/src/Illuminate/Pipeline/Pipeline.php(219): Illuminate/Http/Middleware/TrustProxies->handle()
#54 C:/xampp/htdocs/maternal-care-system/vendor/laravel/framework/src/Illuminate/Foundation/Http/Middleware/InvokeDeferredCallbacks.php(22): Illuminate/Pipeline/Pipeline->{closure:{closure:Illuminate/Pipeline/Pipeline::carry():194}:195}()
#55 C:/xampp/htdocs/maternal-care-system/vendor/laravel/framework/src/Illuminate/Pipeline/Pipeline.php(219): Illuminate/Foundation/Http/Middleware/InvokeDeferredCallbacks->handle()
#56 C:/xampp/htdocs/maternal-care-system/vendor/laravel/framework/src/Illuminate/Http/Middleware/ValidatePathEncoding.php(28): Illuminate/Pipeline/Pipeline->{closure:{closure:Illuminate/Pipeline/Pipeline::carry():194}:195}()
#57 C:/xampp/htdocs/maternal-care-system/vendor/laravel/framework/src/Illuminate/Pipeline/Pipeline.php(219): Illuminate/Http/Middleware/ValidatePathEncoding->handle()
#58 C:/xampp/htdocs/maternal-care-system/vendor/laravel/framework/src/Illuminate/Pipeline/Pipeline.php(137): Illuminate/Pipeline/Pipeline->{closure:{closure:Illuminate/Pipeline/Pipeline::carry():194}:195}()
#59 C:/xampp/htdocs/maternal-care-system/vendor/laravel/framework/src/Illuminate/Foundation/Http/Kernel.php(175): Illuminate/Pipeline/Pipeline->then()
#60 C:/xampp/htdocs/maternal-care-system/vendor/laravel/framework/src/Illuminate/Foundation/Http/Kernel.php(144): Illuminate/Foundation/Http/Kernel->sendRequestThroughRouter()
#61 C:/xampp/htdocs/maternal-care-system/vendor/laravel/framework/src/Illuminate/Foundation/Application.php(1220): Illuminate/Foundation/Http/Kernel->handle()
#62 C:/xampp/htdocs/maternal-care-system/public/index.php(20): Illuminate/Foundation/Application->handleRequest()
#63 C:/xampp/htdocs/maternal-care-system/vendor/laravel/framework/src/Illuminate/Foundation/resources/server.php(23): require_once('...')
#64 {main}

[previous exception] [object] (PDOException(code: 23000): SQLSTATE[23000]: Integrity constraint violation: 1048 Column 'visit_id' cannot be null at C:/xampp/htdocs/maternal-care-system/vendor/laravel/framework/src/Illuminate/Database/MySqlConnection.php:53)
[stacktrace]
#0 C:/xampp/htdocs/maternal-care-system/vendor/laravel/framework/src/Illuminate/Database/MySqlConnection.php(53): PDOStatement->execute()
#1 C:/xampp/htdocs/maternal-care-system/vendor/laravel/framework/src/Illuminate/Database/Connection.php(846): Illuminate/Database/MySqlConnection->{closure:Illuminate/Database/MySqlConnection::insert():42}()
#2 C:/xampp/htdocs/maternal-care-system/vendor/laravel/framework/src/Illuminate/Database/Connection.php(813): Illuminate/Database/Connection->runQueryCallback()
#3 C:/xampp/htdocs/maternal-care-system/vendor/laravel/framework/src/Illuminate/Database/MySqlConnection.php(42): Illuminate/Database/Connection->run()
#4 C:/xampp/htdocs/maternal-care-system/vendor/laravel/framework/src/Illuminate/Database/Query/Processors/MySqlProcessor.php(35): Illuminate/Database/MySqlConnection->insert()
#5 C:/xampp/htdocs/maternal-care-system/vendor/laravel/framework/src/Illuminate/Database/Query/Builder.php(4257): Illuminate/Database/Query/Processors/MySqlProcessor->processInsertGetId()
#6 C:/xampp/htdocs/maternal-care-system/vendor/laravel/framework/src/Illuminate/Database/Eloquent/Builder.php(2271): Illuminate/Database/Query/Builder->insertGetId()
#7 C:/xampp/htdocs/maternal-care-system/vendor/laravel/framework/src/Illuminate/Database/Eloquent/Model.php(1684): Illuminate/Database/Eloquent/Builder->__call()
#8 C:/xampp/htdocs/maternal-care-system/vendor/laravel/framework/src/Illuminate/Database/Eloquent/Model.php(1600): Illuminate/Database/Eloquent/Model->insertAndSetId()
#9 C:/xampp/htdocs/maternal-care-system/vendor/laravel/framework/src/Illuminate/Database/Eloquent/Model.php(1404): Illuminate/Database/Eloquent/Model->performInsert()
#10 C:/xampp/htdocs/maternal-care-system/vendor/laravel/framework/src/Illuminate/Database/Eloquent/Builder.php(1225): Illuminate/Database/Eloquent/Model->save()
#11 C:/xampp/htdocs/maternal-care-system/vendor/laravel/framework/src/Illuminate/Support/helpers.php(393): Illuminate/Database/Eloquent/Builder->{closure:Illuminate/Database/Eloquent/Builder::create():1224}()
#12 C:/xampp/htdocs/maternal-care-system/vendor/laravel/framework/src/Illuminate/Database/Eloquent/Builder.php(1224): tap()
#13 C:/xampp/htdocs/maternal-care-system/vendor/laravel/framework/src/Illuminate/Support/Traits/ForwardsCalls.php(23): Illuminate/Database/Eloquent/Builder->create()
#14 C:/xampp/htdocs/maternal-care-system/vendor/laravel/framework/src/Illuminate/Database/Eloquent/Model.php(2831): Illuminate/Database/Eloquent/Model->forwardCallTo()
#15 C:/xampp/htdocs/maternal-care-system/vendor/laravel/framework/src/Illuminate/Database/Eloquent/Model.php(2847): Illuminate/Database/Eloquent/Model->__call()
#16 C:/xampp/htdocs/maternal-care-system/app/Http/Controllers/MedicineController.php(64): Illuminate/Database/Eloquent/Model::__callStatic()
#17 C:/xampp/htdocs/maternal-care-system/vendor/laravel/framework/src/Illuminate/Routing/ControllerDispatcher.php(46): App/Http/Controllers/MedicineController->store()
#18 C:/xampp/htdocs/maternal-care-system/vendor/laravel/framework/src/Illuminate/Routing/Route.php(276): Illuminate/Routing/ControllerDispatcher->dispatch()
#19 C:/xampp/htdocs/maternal-care-system/vendor/laravel/framework/src/Illuminate/Routing/Route.php(216): Illuminate/Routing/Route->runController()
#20 C:/xampp/htdocs/maternal-care-system/vendor/laravel/framework/src/Illuminate/Routing/Router.php(822): Illuminate/Routing/Route->run()
#21 C:/xampp/htdocs/maternal-care-system/vendor/laravel/framework/src/Illuminate/Pipeline/Pipeline.php(180): Illuminate/Routing/Router->{closure:Illuminate/Routing/Router::runRouteWithinStack():821}()
#22 C:/xampp/htdocs/maternal-care-system/vendor/laravel/framework/src/Illuminate/Routing/Middleware/SubstituteBindings.php(52): Illuminate/Pipeline/Pipeline->{closure:Illuminate/Pipeline/Pipeline::prepareDestination():178}()
#23 C:/xampp/htdocs/maternal-care-system/vendor/laravel/framework/src/Illuminate/Pipeline/Pipeline.php(219): Illuminate/Routing/Middleware/SubstituteBindings->handle()
#24 C:/xampp/htdocs/maternal-care-system/vendor/laravel/framework/src/Illuminate/Foundation/Http/Middleware/PreventRequestForgery.php(104): Illuminate/Pipeline/Pipeline->{closure:{closure:Illuminate/Pipeline/Pipeline::carry():194}:195}()
#25 C:/xampp/htdocs/maternal-care-system/vendor/laravel/framework/src/Illuminate/Pipeline/Pipeline.php(219): Illuminate/Foundation/Http/Middleware/PreventRequestForgery->handle()
#26 C:/xampp/htdocs/maternal-care-system/vendor/laravel/framework/src/Illuminate/View/Middleware/ShareErrorsFromSession.php(48): Illuminate/Pipeline/Pipeline->{closure:{closure:Illuminate/Pipeline/Pipeline::carry():194}:195}()
#27 C:/xampp/htdocs/maternal-care-system/vendor/laravel/framework/src/Illuminate/Pipeline/Pipeline.php(219): Illuminate/View/Middleware/ShareErrorsFromSession->handle()
#28 C:/xampp/htdocs/maternal-care-system/vendor/laravel/framework/src/Illuminate/Session/Middleware/StartSession.php(120): Illuminate/Pipeline/Pipeline->{closure:{closure:Illuminate/Pipeline/Pipeline::carry():194}:195}()
#29 C:/xampp/htdocs/maternal-care-system/vendor/laravel/framework/src/Illuminate/Session/Middleware/StartSession.php(63): Illuminate/Session/Middleware/StartSession->handleStatefulRequest()
#30 C:/xampp/htdocs/maternal-care-system/vendor/laravel/framework/src/Illuminate/Pipeline/Pipeline.php(219): Illuminate/Session/Middleware/StartSession->handle()
#31 C:/xampp/htdocs/maternal-care-system/vendor/laravel/framework/src/Illuminate/Cookie/Middleware/AddQueuedCookiesToResponse.php(36): Illuminate/Pipeline/Pipeline->{closure:{closure:Illuminate/Pipeline/Pipeline::carry():194}:195}()
#32 C:/xampp/htdocs/maternal-care-system/vendor/laravel/framework/src/Illuminate/Pipeline/Pipeline.php(219): Illuminate/Cookie/Middleware/AddQueuedCookiesToResponse->handle()
#33 C:/xampp/htdocs/maternal-care-system/vendor/laravel/framework/src/Illuminate/Cookie/Middleware/EncryptCookies.php(74): Illuminate/Pipeline/Pipeline->{closure:{closure:Illuminate/Pipeline/Pipeline::carry():194}:195}()
#34 C:/xampp/htdocs/maternal-care-system/vendor/laravel/framework/src/Illuminate/Pipeline/Pipeline.php(219): Illuminate/Cookie/Middleware/EncryptCookies->handle()
#35 C:/xampp/htdocs/maternal-care-system/vendor/laravel/framework/src/Illuminate/Pipeline/Pipeline.php(137): Illuminate/Pipeline/Pipeline->{closure:{closure:Illuminate/Pipeline/Pipeline::carry():194}:195}()
#36 C:/xampp/htdocs/maternal-care-system/vendor/laravel/framework/src/Illuminate/Routing/Router.php(821): Illuminate/Pipeline/Pipeline->then()
#37 C:/xampp/htdocs/maternal-care-system/vendor/laravel/framework/src/Illuminate/Routing/Router.php(800): Illuminate/Routing/Router->runRouteWithinStack()
#38 C:/xampp/htdocs/maternal-care-system/vendor/laravel/framework/src/Illuminate/Routing/Router.php(764): Illuminate/Routing/Router->runRoute()
#39 C:/xampp/htdocs/maternal-care-system/vendor/laravel/framework/src/Illuminate/Routing/Router.php(753): Illuminate/Routing/Router->dispatchToRoute()
#40 C:/xampp/htdocs/maternal-care-system/vendor/laravel/framework/src/Illuminate/Foundation/Http/Kernel.php(200): Illuminate/Routing/Router->dispatch()
#41 C:/xampp/htdocs/maternal-care-system/vendor/laravel/framework/src/Illuminate/Pipeline/Pipeline.php(180): Illuminate/Foundation/Http/Kernel->{closure:Illuminate/Foundation/Http/Kernel::dispatchToRouter():197}()
#42 C:/xampp/htdocs/maternal-care-system/vendor/laravel/framework/src/Illuminate/Foundation/Http/Middleware/TransformsRequest.php(21): Illuminate/Pipeline/Pipeline->{closure:Illuminate/Pipeline/Pipeline::prepareDestination():178}()
#43 C:/xampp/htdocs/maternal-care-system/vendor/laravel/framework/src/Illuminate/Foundation/Http/Middleware/ConvertEmptyStringsToNull.php(31): Illuminate/Foundation/Http/Middleware/TransformsRequest->handle()
#44 C:/xampp/htdocs/maternal-care-system/vendor/laravel/framework/src/Illuminate/Pipeline/Pipeline.php(219): Illuminate/Foundation/Http/Middleware/ConvertEmptyStringsToNull->handle()
#45 C:/xampp/htdocs/maternal-care-system/vendor/laravel/framework/src/Illuminate/Foundation/Http/Middleware/TransformsRequest.php(21): Illuminate/Pipeline/Pipeline->{closure:{closure:Illuminate/Pipeline/Pipeline::carry():194}:195}()
#46 C:/xampp/htdocs/maternal-care-system/vendor/laravel/framework/src/Illuminate/Foundation/Http/Middleware/TrimStrings.php(51): Illuminate/Foundation/Http/Middleware/TransformsRequest->handle()
#47 C:/xampp/htdocs/maternal-care-system/vendor/laravel/framework/src/Illuminate/Pipeline/Pipeline.php(219): Illuminate/Foundation/Http/Middleware/TrimStrings->handle()
#48 C:/xampp/htdocs/maternal-care-system/vendor/laravel/framework/src/Illuminate/Http/Middleware/ValidatePostSize.php(27): Illuminate/Pipeline/Pipeline->{closure:{closure:Illuminate/Pipeline/Pipeline::carry():194}:195}()
#49 C:/xampp/htdocs/maternal-care-system/vendor/laravel/framework/src/Illuminate/Pipeline/Pipeline.php(219): Illuminate/Http/Middleware/ValidatePostSize->handle()
#50 C:/xampp/htdocs/maternal-care-system/vendor/laravel/framework/src/Illuminate/Foundation/Http/Middleware/PreventRequestsDuringMaintenance.php(109): Illuminate/Pipeline/Pipeline->{closure:{closure:Illuminate/Pipeline/Pipeline::carry():194}:195}()
#51 C:/xampp/htdocs/maternal-care-system/vendor/laravel/framework/src/Illuminate/Pipeline/Pipeline.php(219): Illuminate/Foundation/Http/Middleware/PreventRequestsDuringMaintenance->handle()
#52 C:/xampp/htdocs/maternal-care-system/vendor/laravel/framework/src/Illuminate/Http/Middleware/HandleCors.php(61): Illuminate/Pipeline/Pipeline->{closure:{closure:Illuminate/Pipeline/Pipeline::carry():194}:195}()
#53 C:/xampp/htdocs/maternal-care-system/vendor/laravel/framework/src/Illuminate/Pipeline/Pipeline.php(219): Illuminate/Http/Middleware/HandleCors->handle()
#54 C:/xampp/htdocs/maternal-care-system/vendor/laravel/framework/src/Illuminate/Http/Middleware/TrustProxies.php(58): Illuminate/Pipeline/Pipeline->{closure:{closure:Illuminate/Pipeline/Pipeline::carry():194}:195}()
#55 C:/xampp/htdocs/maternal-care-system/vendor/laravel/framework/src/Illuminate/Pipeline/Pipeline.php(219): Illuminate/Http/Middleware/TrustProxies->handle()
#56 C:/xampp/htdocs/maternal-care-system/vendor/laravel/framework/src/Illuminate/Foundation/Http/Middleware/InvokeDeferredCallbacks.php(22): Illuminate/Pipeline/Pipeline->{closure:{closure:Illuminate/Pipeline/Pipeline::carry():194}:195}()
#57 C:/xampp/htdocs/maternal-care-system/vendor/laravel/framework/src/Illuminate/Pipeline/Pipeline.php(219): Illuminate/Foundation/Http/Middleware/InvokeDeferredCallbacks->handle()
#58 C:/xampp/htdocs/maternal-care-system/vendor/laravel/framework/src/Illuminate/Http/Middleware/ValidatePathEncoding.php(28): Illuminate/Pipeline/Pipeline->{closure:{closure:Illuminate/Pipeline/Pipeline::carry():194}:195}()
#59 C:/xampp/htdocs/maternal-care-system/vendor/laravel/framework/src/Illuminate/Pipeline/Pipeline.php(219): Illuminate/Http/Middleware/ValidatePathEncoding->handle()
#60 C:/xampp/htdocs/maternal-care-system/vendor/laravel/framework/src/Illuminate/Pipeline/Pipeline.php(137): Illuminate/Pipeline/Pipeline->{closure:{closure:Illuminate/Pipeline/Pipeline::carry():194}:195}()
#61 C:/xampp/htdocs/maternal-care-system/vendor/laravel/framework/src/Illuminate/Foundation/Http/Kernel.php(175): Illuminate/Pipeline/Pipeline->then()
#62 C:/xampp/htdocs/maternal-care-system/vendor/laravel/framework/src/Illuminate/Foundation/Http/Kernel.php(144): Illuminate/Foundation/Http/Kernel->sendRequestThroughRouter()
#63 C:/xampp/htdocs/maternal-care-system/vendor/laravel/framework/src/Illuminate/Foundation/Application.php(1220): Illuminate/Foundation/Http/Kernel->handle()
#64 C:/xampp/htdocs/maternal-care-system/public/index.php(20): Illuminate/Foundation/Application->handleRequest()
#65 C:/xampp/htdocs/maternal-care-system/vendor/laravel/framework/src/Illuminate/Foundation/resources/server.php(23): require_once('...')
#66 {main}
"} 
[2026-07-21 11:59:02] local.ERROR: Attempt to read property "id" on null {"exception":"[object] (ErrorException(code: 0): Attempt to read property \"id\" on null at C:/xampp/htdocs/maternal-care-system/app/Http/Controllers/MedicineController.php:18)
[stacktrace]
#0 C:/xampp/htdocs/maternal-care-system/vendor/laravel/framework/src/Illuminate/Foundation/Bootstrap/HandleExceptions.php(263): Illuminate/Foundation/Bootstrap/HandleExceptions->handleError()
#1 C:/xampp/htdocs/maternal-care-system/app/Http/Controllers/MedicineController.php(18): Illuminate/Foundation/Bootstrap/HandleExceptions->{closure:Illuminate/Foundation/Bootstrap/HandleExceptions::forwardsTo():262}()
#2 C:/xampp/htdocs/maternal-care-system/vendor/laravel/framework/src/Illuminate/Routing/ControllerDispatcher.php(46): App/Http/Controllers/MedicineController->index()
#3 C:/xampp/htdocs/maternal-care-system/vendor/laravel/framework/src/Illuminate/Routing/Route.php(276): Illuminate/Routing/ControllerDispatcher->dispatch()
#4 C:/xampp/htdocs/maternal-care-system/vendor/laravel/framework/src/Illuminate/Routing/Route.php(216): Illuminate/Routing/Route->runController()
#5 C:/xampp/htdocs/maternal-care-system/vendor/laravel/framework/src/Illuminate/Routing/Router.php(822): Illuminate/Routing/Route->run()
#6 C:/xampp/htdocs/maternal-care-system/vendor/laravel/framework/src/Illuminate/Pipeline/Pipeline.php(180): Illuminate/Routing/Router->{closure:Illuminate/Routing/Router::runRouteWithinStack():821}()
#7 C:/xampp/htdocs/maternal-care-system/vendor/laravel/framework/src/Illuminate/Routing/Middleware/SubstituteBindings.php(52): Illuminate/Pipeline/Pipeline->{closure:Illuminate/Pipeline/Pipeline::prepareDestination():178}()
#8 C:/xampp/htdocs/maternal-care-system/vendor/laravel/framework/src/Illuminate/Pipeline/Pipeline.php(219): Illuminate/Routing/Middleware/SubstituteBindings->handle()
#9 C:/xampp/htdocs/maternal-care-system/vendor/laravel/framework/src/Illuminate/Foundation/Http/Middleware/PreventRequestForgery.php(104): Illuminate/Pipeline/Pipeline->{closure:{closure:Illuminate/Pipeline/Pipeline::carry():194}:195}()
#10 C:/xampp/htdocs/maternal-care-system/vendor/laravel/framework/src/Illuminate/Pipeline/Pipeline.php(219): Illuminate/Foundation/Http/Middleware/PreventRequestForgery->handle()
#11 C:/xampp/htdocs/maternal-care-system/vendor/laravel/framework/src/Illuminate/View/Middleware/ShareErrorsFromSession.php(48): Illuminate/Pipeline/Pipeline->{closure:{closure:Illuminate/Pipeline/Pipeline::carry():194}:195}()
#12 C:/xampp/htdocs/maternal-care-system/vendor/laravel/framework/src/Illuminate/Pipeline/Pipeline.php(219): Illuminate/View/Middleware/ShareErrorsFromSession->handle()
#13 C:/xampp/htdocs/maternal-care-system/vendor/laravel/framework/src/Illuminate/Session/Middleware/StartSession.php(120): Illuminate/Pipeline/Pipeline->{closure:{closure:Illuminate/Pipeline/Pipeline::carry():194}:195}()
#14 C:/xampp/htdocs/maternal-care-system/vendor/laravel/framework/src/Illuminate/Session/Middleware/StartSession.php(63): Illuminate/Session/Middleware/StartSession->handleStatefulRequest()
#15 C:/xampp/htdocs/maternal-care-system/vendor/laravel/framework/src/Illuminate/Pipeline/Pipeline.php(219): Illuminate/Session/Middleware/StartSession->handle()
#16 C:/xampp/htdocs/maternal-care-system/vendor/laravel/framework/src/Illuminate/Cookie/Middleware/AddQueuedCookiesToResponse.php(36): Illuminate/Pipeline/Pipeline->{closure:{closure:Illuminate/Pipeline/Pipeline::carry():194}:195}()
#17 C:/xampp/htdocs/maternal-care-system/vendor/laravel/framework/src/Illuminate/Pipeline/Pipeline.php(219): Illuminate/Cookie/Middleware/AddQueuedCookiesToResponse->handle()
#18 C:/xampp/htdocs/maternal-care-system/vendor/laravel/framework/src/Illuminate/Cookie/Middleware/EncryptCookies.php(74): Illuminate/Pipeline/Pipeline->{closure:{closure:Illuminate/Pipeline/Pipeline::carry():194}:195}()
#19 C:/xampp/htdocs/maternal-care-system/vendor/laravel/framework/src/Illuminate/Pipeline/Pipeline.php(219): Illuminate/Cookie/Middleware/EncryptCookies->handle()
#20 C:/xampp/htdocs/maternal-care-system/vendor/laravel/framework/src/Illuminate/Pipeline/Pipeline.php(137): Illuminate/Pipeline/Pipeline->{closure:{closure:Illuminate/Pipeline/Pipeline::carry():194}:195}()
#21 C:/xampp/htdocs/maternal-care-system/vendor/laravel/framework/src/Illuminate/Routing/Router.php(821): Illuminate/Pipeline/Pipeline->then()
#22 C:/xampp/htdocs/maternal-care-system/vendor/laravel/framework/src/Illuminate/Routing/Router.php(800): Illuminate/Routing/Router->runRouteWithinStack()
#23 C:/xampp/htdocs/maternal-care-system/vendor/laravel/framework/src/Illuminate/Routing/Router.php(764): Illuminate/Routing/Router->runRoute()
#24 C:/xampp/htdocs/maternal-care-system/vendor/laravel/framework/src/Illuminate/Routing/Router.php(753): Illuminate/Routing/Router->dispatchToRoute()
#25 C:/xampp/htdocs/maternal-care-system/vendor/laravel/framework/src/Illuminate/Foundation/Http/Kernel.php(200): Illuminate/Routing/Router->dispatch()
#26 C:/xampp/htdocs/maternal-care-system/vendor/laravel/framework/src/Illuminate/Pipeline/Pipeline.php(180): Illuminate/Foundation/Http/Kernel->{closure:Illuminate/Foundation/Http/Kernel::dispatchToRouter():197}()
#27 C:/xampp/htdocs/maternal-care-system/vendor/laravel/framework/src/Illuminate/Foundation/Http/Middleware/TransformsRequest.php(21): Illuminate/Pipeline/Pipeline->{closure:Illuminate/Pipeline/Pipeline::prepareDestination():178}()
#28 C:/xampp/htdocs/maternal-care-system/vendor/laravel/framework/src/Illuminate/Foundation/Http/Middleware/ConvertEmptyStringsToNull.php(31): Illuminate/Foundation/Http/Middleware/TransformsRequest->handle()
#29 C:/xampp/htdocs/maternal-care-system/vendor/laravel/framework/src/Illuminate/Pipeline/Pipeline.php(219): Illuminate/Foundation/Http/Middleware/ConvertEmptyStringsToNull->handle()
#30 C:/xampp/htdocs/maternal-care-system/vendor/laravel/framework/src/Illuminate/Foundation/Http/Middleware/TransformsRequest.php(21): Illuminate/Pipeline/Pipeline->{closure:{closure:Illuminate/Pipeline/Pipeline::carry():194}:195}()
#31 C:/xampp/htdocs/maternal-care-system/vendor/laravel/framework/src/Illuminate/Foundation/Http/Middleware/TrimStrings.php(51): Illuminate/Foundation/Http/Middleware/TransformsRequest->handle()
#32 C:/xampp/htdocs/maternal-care-system/vendor/laravel/framework/src/Illuminate/Pipeline/Pipeline.php(219): Illuminate/Foundation/Http/Middleware/TrimStrings->handle()
#33 C:/xampp/htdocs/maternal-care-system/vendor/laravel/framework/src/Illuminate/Http/Middleware/ValidatePostSize.php(27): Illuminate/Pipeline/Pipeline->{closure:{closure:Illuminate/Pipeline/Pipeline::carry():194}:195}()
#34 C:/xampp/htdocs/maternal-care-system/vendor/laravel/framework/src/Illuminate/Pipeline/Pipeline.php(219): Illuminate/Http/Middleware/ValidatePostSize->handle()
#35 C:/xampp/htdocs/maternal-care-system/vendor/laravel/framework/src/Illuminate/Foundation/Http/Middleware/PreventRequestsDuringMaintenance.php(109): Illuminate/Pipeline/Pipeline->{closure:{closure:Illuminate/Pipeline/Pipeline::carry():194}:195}()
#36 C:/xampp/htdocs/maternal-care-system/vendor/laravel/framework/src/Illuminate/Pipeline/Pipeline.php(219): Illuminate/Foundation/Http/Middleware/PreventRequestsDuringMaintenance->handle()
#37 C:/xampp/htdocs/maternal-care-system/vendor/laravel/framework/src/Illuminate/Http/Middleware/HandleCors.php(61): Illuminate/Pipeline/Pipeline->{closure:{closure:Illuminate/Pipeline/Pipeline::carry():194}:195}()
#38 C:/xampp/htdocs/maternal-care-system/vendor/laravel/framework/src/Illuminate/Pipeline/Pipeline.php(219): Illuminate/Http/Middleware/HandleCors->handle()
#39 C:/xampp/htdocs/maternal-care-system/vendor/laravel/framework/src/Illuminate/Http/Middleware/TrustProxies.php(58): Illuminate/Pipeline/Pipeline->{closure:{closure:Illuminate/Pipeline/Pipeline::carry():194}:195}()
#40 C:/xampp/htdocs/maternal-care-system/vendor/laravel/framework/src/Illuminate/Pipeline/Pipeline.php(219): Illuminate/Http/Middleware/TrustProxies->handle()
#41 C:/xampp/htdocs/maternal-care-system/vendor/laravel/framework/src/Illuminate/Foundation/Http/Middleware/InvokeDeferredCallbacks.php(22): Illuminate/Pipeline/Pipeline->{closure:{closure:Illuminate/Pipeline/Pipeline::carry():194}:195}()
#42 C:/xampp/htdocs/maternal-care-system/vendor/laravel/framework/src/Illuminate/Pipeline/Pipeline.php(219): Illuminate/Foundation/Http/Middleware/InvokeDeferredCallbacks->handle()
#43 C:/xampp/htdocs/maternal-care-system/vendor/laravel/framework/src/Illuminate/Http/Middleware/ValidatePathEncoding.php(28): Illuminate/Pipeline/Pipeline->{closure:{closure:Illuminate/Pipeline/Pipeline::carry():194}:195}()
#44 C:/xampp/htdocs/maternal-care-system/vendor/laravel/framework/src/Illuminate/Pipeline/Pipeline.php(219): Illuminate/Http/Middleware/ValidatePathEncoding->handle()
#45 C:/xampp/htdocs/maternal-care-system/vendor/laravel/framework/src/Illuminate/Pipeline/Pipeline.php(137): Illuminate/Pipeline/Pipeline->{closure:{closure:Illuminate/Pipeline/Pipeline::carry():194}:195}()
#46 C:/xampp/htdocs/maternal-care-system/vendor/laravel/framework/src/Illuminate/Foundation/Http/Kernel.php(175): Illuminate/Pipeline/Pipeline->then()
#47 C:/xampp/htdocs/maternal-care-system/vendor/laravel/framework/src/Illuminate/Foundation/Http/Kernel.php(144): Illuminate/Foundation/Http/Kernel->sendRequestThroughRouter()
#48 C:/xampp/htdocs/maternal-care-system/vendor/laravel/framework/src/Illuminate/Foundation/Application.php(1220): Illuminate/Foundation/Http/Kernel->handle()
#49 C:/xampp/htdocs/maternal-care-system/public/index.php(20): Illuminate/Foundation/Application->handleRequest()
#50 C:/xampp/htdocs/maternal-care-system/vendor/laravel/framework/src/Illuminate/Foundation/resources/server.php(23): require_once('...')
#51 {main}
"} 
[2026-07-21 11:59:15] local.ERROR: Maximum execution time of 30 seconds exceeded {"exception":"[object] (Symfony\\Component\\ErrorHandler\\Error\\FatalError(code: 0): Maximum execution time of 30 seconds exceeded at C:/xampp/htdocs/maternal-care-system/storage/framework/views/9180945f7ab98167de1e6585b1801bb9.php:1)
[stacktrace]
#0 {main}
"} 
[2026-07-21 11:59:34] local.ERROR: Attempt to read property "id" on null {"exception":"[object] (ErrorException(code: 0): Attempt to read property \"id\" on null at C:/xampp/htdocs/maternal-care-system/app/Http/Controllers/MidwifeController.php:17)
[stacktrace]
#0 C:/xampp/htdocs/maternal-care-system/vendor/laravel/framework/src/Illuminate/Foundation/Bootstrap/HandleExceptions.php(263): Illuminate/Foundation/Bootstrap/HandleExceptions->handleError()
#1 C:/xampp/htdocs/maternal-care-system/app/Http/Controllers/MidwifeController.php(17): Illuminate/Foundation/Bootstrap/HandleExceptions->{closure:Illuminate/Foundation/Bootstrap/HandleExceptions::forwardsTo():262}()
#2 C:/xampp/htdocs/maternal-care-system/vendor/laravel/framework/src/Illuminate/Routing/ControllerDispatcher.php(46): App/Http/Controllers/MidwifeController->dashboard()
#3 C:/xampp/htdocs/maternal-care-system/vendor/laravel/framework/src/Illuminate/Routing/Route.php(276): Illuminate/Routing/ControllerDispatcher->dispatch()
#4 C:/xampp/htdocs/maternal-care-system/vendor/laravel/framework/src/Illuminate/Routing/Route.php(216): Illuminate/Routing/Route->runController()
#5 C:/xampp/htdocs/maternal-care-system/vendor/laravel/framework/src/Illuminate/Routing/Router.php(822): Illuminate/Routing/Route->run()
#6 C:/xampp/htdocs/maternal-care-system/vendor/laravel/framework/src/Illuminate/Pipeline/Pipeline.php(180): Illuminate/Routing/Router->{closure:Illuminate/Routing/Router::runRouteWithinStack():821}()
#7 C:/xampp/htdocs/maternal-care-system/vendor/laravel/framework/src/Illuminate/Routing/Middleware/SubstituteBindings.php(52): Illuminate/Pipeline/Pipeline->{closure:Illuminate/Pipeline/Pipeline::prepareDestination():178}()
#8 C:/xampp/htdocs/maternal-care-system/vendor/laravel/framework/src/Illuminate/Pipeline/Pipeline.php(219): Illuminate/Routing/Middleware/SubstituteBindings->handle()
#9 C:/xampp/htdocs/maternal-care-system/vendor/laravel/framework/src/Illuminate/Foundation/Http/Middleware/PreventRequestForgery.php(104): Illuminate/Pipeline/Pipeline->{closure:{closure:Illuminate/Pipeline/Pipeline::carry():194}:195}()
#10 C:/xampp/htdocs/maternal-care-system/vendor/laravel/framework/src/Illuminate/Pipeline/Pipeline.php(219): Illuminate/Foundation/Http/Middleware/PreventRequestForgery->handle()
#11 C:/xampp/htdocs/maternal-care-system/vendor/laravel/framework/src/Illuminate/View/Middleware/ShareErrorsFromSession.php(48): Illuminate/Pipeline/Pipeline->{closure:{closure:Illuminate/Pipeline/Pipeline::carry():194}:195}()
#12 C:/xampp/htdocs/maternal-care-system/vendor/laravel/framework/src/Illuminate/Pipeline/Pipeline.php(219): Illuminate/View/Middleware/ShareErrorsFromSession->handle()
#13 C:/xampp/htdocs/maternal-care-system/vendor/laravel/framework/src/Illuminate/Session/Middleware/StartSession.php(120): Illuminate/Pipeline/Pipeline->{closure:{closure:Illuminate/Pipeline/Pipeline::carry():194}:195}()
#14 C:/xampp/htdocs/maternal-care-system/vendor/laravel/framework/src/Illuminate/Session/Middleware/StartSession.php(63): Illuminate/Session/Middleware/StartSession->handleStatefulRequest()
#15 C:/xampp/htdocs/maternal-care-system/vendor/laravel/framework/src/Illuminate/Pipeline/Pipeline.php(219): Illuminate/Session/Middleware/StartSession->handle()
#16 C:/xampp/htdocs/maternal-care-system/vendor/laravel/framework/src/Illuminate/Cookie/Middleware/AddQueuedCookiesToResponse.php(36): Illuminate/Pipeline/Pipeline->{closure:{closure:Illuminate/Pipeline/Pipeline::carry():194}:195}()
#17 C:/xampp/htdocs/maternal-care-system/vendor/laravel/framework/src/Illuminate/Pipeline/Pipeline.php(219): Illuminate/Cookie/Middleware/AddQueuedCookiesToResponse->handle()
#18 C:/xampp/htdocs/maternal-care-system/vendor/laravel/framework/src/Illuminate/Cookie/Middleware/EncryptCookies.php(74): Illuminate/Pipeline/Pipeline->{closure:{closure:Illuminate/Pipeline/Pipeline::carry():194}:195}()
#19 C:/xampp/htdocs/maternal-care-system/vendor/laravel/framework/src/Illuminate/Pipeline/Pipeline.php(219): Illuminate/Cookie/Middleware/EncryptCookies->handle()
#20 C:/xampp/htdocs/maternal-care-system/vendor/laravel/framework/src/Illuminate/Pipeline/Pipeline.php(137): Illuminate/Pipeline/Pipeline->{closure:{closure:Illuminate/Pipeline/Pipeline::carry():194}:195}()
#21 C:/xampp/htdocs/maternal-care-system/vendor/laravel/framework/src/Illuminate/Routing/Router.php(821): Illuminate/Pipeline/Pipeline->then()
#22 C:/xampp/htdocs/maternal-care-system/vendor/laravel/framework/src/Illuminate/Routing/Router.php(800): Illuminate/Routing/Router->runRouteWithinStack()
#23 C:/xampp/htdocs/maternal-care-system/vendor/laravel/framework/src/Illuminate/Routing/Router.php(764): Illuminate/Routing/Router->runRoute()
#24 C:/xampp/htdocs/maternal-care-system/vendor/laravel/framework/src/Illuminate/Routing/Router.php(753): Illuminate/Routing/Router->dispatchToRoute()
#25 C:/xampp/htdocs/maternal-care-system/vendor/laravel/framework/src/Illuminate/Foundation/Http/Kernel.php(200): Illuminate/Routing/Router->dispatch()
#26 C:/xampp/htdocs/maternal-care-system/vendor/laravel/framework/src/Illuminate/Pipeline/Pipeline.php(180): Illuminate/Foundation/Http/Kernel->{closure:Illuminate/Foundation/Http/Kernel::dispatchToRouter():197}()
#27 C:/xampp/htdocs/maternal-care-system/vendor/laravel/framework/src/Illuminate/Foundation/Http/Middleware/TransformsRequest.php(21): Illuminate/Pipeline/Pipeline->{closure:Illuminate/Pipeline/Pipeline::prepareDestination():178}()
#28 C:/xampp/htdocs/maternal-care-system/vendor/laravel/framework/src/Illuminate/Foundation/Http/Middleware/ConvertEmptyStringsToNull.php(31): Illuminate/Foundation/Http/Middleware/TransformsRequest->handle()
#29 C:/xampp/htdocs/maternal-care-system/vendor/laravel/framework/src/Illuminate/Pipeline/Pipeline.php(219): Illuminate/Foundation/Http/Middleware/ConvertEmptyStringsToNull->handle()
#30 C:/xampp/htdocs/maternal-care-system/vendor/laravel/framework/src/Illuminate/Foundation/Http/Middleware/TransformsRequest.php(21): Illuminate/Pipeline/Pipeline->{closure:{closure:Illuminate/Pipeline/Pipeline::carry():194}:195}()
#31 C:/xampp/htdocs/maternal-care-system/vendor/laravel/framework/src/Illuminate/Foundation/Http/Middleware/TrimStrings.php(51): Illuminate/Foundation/Http/Middleware/TransformsRequest->handle()
#32 C:/xampp/htdocs/maternal-care-system/vendor/laravel/framework/src/Illuminate/Pipeline/Pipeline.php(219): Illuminate/Foundation/Http/Middleware/TrimStrings->handle()
#33 C:/xampp/htdocs/maternal-care-system/vendor/laravel/framework/src/Illuminate/Http/Middleware/ValidatePostSize.php(27): Illuminate/Pipeline/Pipeline->{closure:{closure:Illuminate/Pipeline/Pipeline::carry():194}:195}()
#34 C:/xampp/htdocs/maternal-care-system/vendor/laravel/framework/src/Illuminate/Pipeline/Pipeline.php(219): Illuminate/Http/Middleware/ValidatePostSize->handle()
#35 C:/xampp/htdocs/maternal-care-system/vendor/laravel/framework/src/Illuminate/Foundation/Http/Middleware/PreventRequestsDuringMaintenance.php(109): Illuminate/Pipeline/Pipeline->{closure:{closure:Illuminate/Pipeline/Pipeline::carry():194}:195}()
#36 C:/xampp/htdocs/maternal-care-system/vendor/laravel/framework/src/Illuminate/Pipeline/Pipeline.php(219): Illuminate/Foundation/Http/Middleware/PreventRequestsDuringMaintenance->handle()
#37 C:/xampp/htdocs/maternal-care-system/vendor/laravel/framework/src/Illuminate/Http/Middleware/HandleCors.php(61): Illuminate/Pipeline/Pipeline->{closure:{closure:Illuminate/Pipeline/Pipeline::carry():194}:195}()
#38 C:/xampp/htdocs/maternal-care-system/vendor/laravel/framework/src/Illuminate/Pipeline/Pipeline.php(219): Illuminate/Http/Middleware/HandleCors->handle()
#39 C:/xampp/htdocs/maternal-care-system/vendor/laravel/framework/src/Illuminate/Http/Middleware/TrustProxies.php(58): Illuminate/Pipeline/Pipeline->{closure:{closure:Illuminate/Pipeline/Pipeline::carry():194}:195}()
#40 C:/xampp/htdocs/maternal-care-system/vendor/laravel/framework/src/Illuminate/Pipeline/Pipeline.php(219): Illuminate/Http/Middleware/TrustProxies->handle()
#41 C:/xampp/htdocs/maternal-care-system/vendor/laravel/framework/src/Illuminate/Foundation/Http/Middleware/InvokeDeferredCallbacks.php(22): Illuminate/Pipeline/Pipeline->{closure:{closure:Illuminate/Pipeline/Pipeline::carry():194}:195}()
#42 C:/xampp/htdocs/maternal-care-system/vendor/laravel/framework/src/Illuminate/Pipeline/Pipeline.php(219): Illuminate/Foundation/Http/Middleware/InvokeDeferredCallbacks->handle()
#43 C:/xampp/htdocs/maternal-care-system/vendor/laravel/framework/src/Illuminate/Http/Middleware/ValidatePathEncoding.php(28): Illuminate/Pipeline/Pipeline->{closure:{closure:Illuminate/Pipeline/Pipeline::carry():194}:195}()
#44 C:/xampp/htdocs/maternal-care-system/vendor/laravel/framework/src/Illuminate/Pipeline/Pipeline.php(219): Illuminate/Http/Middleware/ValidatePathEncoding->handle()
#45 C:/xampp/htdocs/maternal-care-system/vendor/laravel/framework/src/Illuminate/Pipeline/Pipeline.php(137): Illuminate/Pipeline/Pipeline->{closure:{closure:Illuminate/Pipeline/Pipeline::carry():194}:195}()
#46 C:/xampp/htdocs/maternal-care-system/vendor/laravel/framework/src/Illuminate/Foundation/Http/Kernel.php(175): Illuminate/Pipeline/Pipeline->then()
#47 C:/xampp/htdocs/maternal-care-system/vendor/laravel/framework/src/Illuminate/Foundation/Http/Kernel.php(144): Illuminate/Foundation/Http/Kernel->sendRequestThroughRouter()
#48 C:/xampp/htdocs/maternal-care-system/vendor/laravel/framework/src/Illuminate/Foundation/Application.php(1220): Illuminate/Foundation/Http/Kernel->handle()
#49 C:/xampp/htdocs/maternal-care-system/public/index.php(20): Illuminate/Foundation/Application->handleRequest()
#50 C:/xampp/htdocs/maternal-care-system/vendor/laravel/framework/src/Illuminate/Foundation/resources/server.php(23): require_once('...')
#51 {main}
"} 
[2026-07-21 11:59:57] local.ERROR: Attempt to read property "id" on null {"exception":"[object] (ErrorException(code: 0): Attempt to read property \"id\" on null at C:/xampp/htdocs/maternal-care-system/app/Http/Controllers/MedicineController.php:18)
[stacktrace]
#0 C:/xampp/htdocs/maternal-care-system/vendor/laravel/framework/src/Illuminate/Foundation/Bootstrap/HandleExceptions.php(263): Illuminate/Foundation/Bootstrap/HandleExceptions->handleError()
#1 C:/xampp/htdocs/maternal-care-system/app/Http/Controllers/MedicineController.php(18): Illuminate/Foundation/Bootstrap/HandleExceptions->{closure:Illuminate/Foundation/Bootstrap/HandleExceptions::forwardsTo():262}()
#2 C:/xampp/htdocs/maternal-care-system/vendor/laravel/framework/src/Illuminate/Routing/ControllerDispatcher.php(46): App/Http/Controllers/MedicineController->index()
#3 C:/xampp/htdocs/maternal-care-system/vendor/laravel/framework/src/Illuminate/Routing/Route.php(276): Illuminate/Routing/ControllerDispatcher->dispatch()
#4 C:/xampp/htdocs/maternal-care-system/vendor/laravel/framework/src/Illuminate/Routing/Route.php(216): Illuminate/Routing/Route->runController()
#5 C:/xampp/htdocs/maternal-care-system/vendor/laravel/framework/src/Illuminate/Routing/Router.php(822): Illuminate/Routing/Route->run()
#6 C:/xampp/htdocs/maternal-care-system/vendor/laravel/framework/src/Illuminate/Pipeline/Pipeline.php(180): Illuminate/Routing/Router->{closure:Illuminate/Routing/Router::runRouteWithinStack():821}()
#7 C:/xampp/htdocs/maternal-care-system/vendor/laravel/framework/src/Illuminate/Routing/Middleware/SubstituteBindings.php(52): Illuminate/Pipeline/Pipeline->{closure:Illuminate/Pipeline/Pipeline::prepareDestination():178}()
#8 C:/xampp/htdocs/maternal-care-system/vendor/laravel/framework/src/Illuminate/Pipeline/Pipeline.php(219): Illuminate/Routing/Middleware/SubstituteBindings->handle()
#9 C:/xampp/htdocs/maternal-care-system/vendor/laravel/framework/src/Illuminate/Foundation/Http/Middleware/PreventRequestForgery.php(104): Illuminate/Pipeline/Pipeline->{closure:{closure:Illuminate/Pipeline/Pipeline::carry():194}:195}()
#10 C:/xampp/htdocs/maternal-care-system/vendor/laravel/framework/src/Illuminate/Pipeline/Pipeline.php(219): Illuminate/Foundation/Http/Middleware/PreventRequestForgery->handle()
#11 C:/xampp/htdocs/maternal-care-system/vendor/laravel/framework/src/Illuminate/View/Middleware/ShareErrorsFromSession.php(48): Illuminate/Pipeline/Pipeline->{closure:{closure:Illuminate/Pipeline/Pipeline::carry():194}:195}()
#12 C:/xampp/htdocs/maternal-care-system/vendor/laravel/framework/src/Illuminate/Pipeline/Pipeline.php(219): Illuminate/View/Middleware/ShareErrorsFromSession->handle()
#13 C:/xampp/htdocs/maternal-care-system/vendor/laravel/framework/src/Illuminate/Session/Middleware/StartSession.php(120): Illuminate/Pipeline/Pipeline->{closure:{closure:Illuminate/Pipeline/Pipeline::carry():194}:195}()
#14 C:/xampp/htdocs/maternal-care-system/vendor/laravel/framework/src/Illuminate/Session/Middleware/StartSession.php(63): Illuminate/Session/Middleware/StartSession->handleStatefulRequest()
#15 C:/xampp/htdocs/maternal-care-system/vendor/laravel/framework/src/Illuminate/Pipeline/Pipeline.php(219): Illuminate/Session/Middleware/StartSession->handle()
#16 C:/xampp/htdocs/maternal-care-system/vendor/laravel/framework/src/Illuminate/Cookie/Middleware/AddQueuedCookiesToResponse.php(36): Illuminate/Pipeline/Pipeline->{closure:{closure:Illuminate/Pipeline/Pipeline::carry():194}:195}()
#17 C:/xampp/htdocs/maternal-care-system/vendor/laravel/framework/src/Illuminate/Pipeline/Pipeline.php(219): Illuminate/Cookie/Middleware/AddQueuedCookiesToResponse->handle()
#18 C:/xampp/htdocs/maternal-care-system/vendor/laravel/framework/src/Illuminate/Cookie/Middleware/EncryptCookies.php(74): Illuminate/Pipeline/Pipeline->{closure:{closure:Illuminate/Pipeline/Pipeline::carry():194}:195}()
#19 C:/xampp/htdocs/maternal-care-system/vendor/laravel/framework/src/Illuminate/Pipeline/Pipeline.php(219): Illuminate/Cookie/Middleware/EncryptCookies->handle()
#20 C:/xampp/htdocs/maternal-care-system/vendor/laravel/framework/src/Illuminate/Pipeline/Pipeline.php(137): Illuminate/Pipeline/Pipeline->{closure:{closure:Illuminate/Pipeline/Pipeline::carry():194}:195}()
#21 C:/xampp/htdocs/maternal-care-system/vendor/laravel/framework/src/Illuminate/Routing/Router.php(821): Illuminate/Pipeline/Pipeline->then()
#22 C:/xampp/htdocs/maternal-care-system/vendor/laravel/framework/src/Illuminate/Routing/Router.php(800): Illuminate/Routing/Router->runRouteWithinStack()
#23 C:/xampp/htdocs/maternal-care-system/vendor/laravel/framework/src/Illuminate/Routing/Router.php(764): Illuminate/Routing/Router->runRoute()
#24 C:/xampp/htdocs/maternal-care-system/vendor/laravel/framework/src/Illuminate/Routing/Router.php(753): Illuminate/Routing/Router->dispatchToRoute()
#25 C:/xampp/htdocs/maternal-care-system/vendor/laravel/framework/src/Illuminate/Foundation/Http/Kernel.php(200): Illuminate/Routing/Router->dispatch()
#26 C:/xampp/htdocs/maternal-care-system/vendor/laravel/framework/src/Illuminate/Pipeline/Pipeline.php(180): Illuminate/Foundation/Http/Kernel->{closure:Illuminate/Foundation/Http/Kernel::dispatchToRouter():197}()
#27 C:/xampp/htdocs/maternal-care-system/vendor/laravel/framework/src/Illuminate/Foundation/Http/Middleware/TransformsRequest.php(21): Illuminate/Pipeline/Pipeline->{closure:Illuminate/Pipeline/Pipeline::prepareDestination():178}()
#28 C:/xampp/htdocs/maternal-care-system/vendor/laravel/framework/src/Illuminate/Foundation/Http/Middleware/ConvertEmptyStringsToNull.php(31): Illuminate/Foundation/Http/Middleware/TransformsRequest->handle()
#29 C:/xampp/htdocs/maternal-care-system/vendor/laravel/framework/src/Illuminate/Pipeline/Pipeline.php(219): Illuminate/Foundation/Http/Middleware/ConvertEmptyStringsToNull->handle()
#30 C:/xampp/htdocs/maternal-care-system/vendor/laravel/framework/src/Illuminate/Foundation/Http/Middleware/TransformsRequest.php(21): Illuminate/Pipeline/Pipeline->{closure:{closure:Illuminate/Pipeline/Pipeline::carry():194}:195}()
#31 C:/xampp/htdocs/maternal-care-system/vendor/laravel/framework/src/Illuminate/Foundation/Http/Middleware/TrimStrings.php(51): Illuminate/Foundation/Http/Middleware/TransformsRequest->handle()
#32 C:/xampp/htdocs/maternal-care-system/vendor/laravel/framework/src/Illuminate/Pipeline/Pipeline.php(219): Illuminate/Foundation/Http/Middleware/TrimStrings->handle()
#33 C:/xampp/htdocs/maternal-care-system/vendor/laravel/framework/src/Illuminate/Http/Middleware/ValidatePostSize.php(27): Illuminate/Pipeline/Pipeline->{closure:{closure:Illuminate/Pipeline/Pipeline::carry():194}:195}()
#34 C:/xampp/htdocs/maternal-care-system/vendor/laravel/framework/src/Illuminate/Pipeline/Pipeline.php(219): Illuminate/Http/Middleware/ValidatePostSize->handle()
#35 C:/xampp/htdocs/maternal-care-system/vendor/laravel/framework/src/Illuminate/Foundation/Http/Middleware/PreventRequestsDuringMaintenance.php(109): Illuminate/Pipeline/Pipeline->{closure:{closure:Illuminate/Pipeline/Pipeline::carry():194}:195}()
#36 C:/xampp/htdocs/maternal-care-system/vendor/laravel/framework/src/Illuminate/Pipeline/Pipeline.php(219): Illuminate/Foundation/Http/Middleware/PreventRequestsDuringMaintenance->handle()
#37 C:/xampp/htdocs/maternal-care-system/vendor/laravel/framework/src/Illuminate/Http/Middleware/HandleCors.php(61): Illuminate/Pipeline/Pipeline->{closure:{closure:Illuminate/Pipeline/Pipeline::carry():194}:195}()
#38 C:/xampp/htdocs/maternal-care-system/vendor/laravel/framework/src/Illuminate/Pipeline/Pipeline.php(219): Illuminate/Http/Middleware/HandleCors->handle()
#39 C:/xampp/htdocs/maternal-care-system/vendor/laravel/framework/src/Illuminate/Http/Middleware/TrustProxies.php(58): Illuminate/Pipeline/Pipeline->{closure:{closure:Illuminate/Pipeline/Pipeline::carry():194}:195}()
#40 C:/xampp/htdocs/maternal-care-system/vendor/laravel/framework/src/Illuminate/Pipeline/Pipeline.php(219): Illuminate/Http/Middleware/TrustProxies->handle()
#41 C:/xampp/htdocs/maternal-care-system/vendor/laravel/framework/src/Illuminate/Foundation/Http/Middleware/InvokeDeferredCallbacks.php(22): Illuminate/Pipeline/Pipeline->{closure:{closure:Illuminate/Pipeline/Pipeline::carry():194}:195}()
#42 C:/xampp/htdocs/maternal-care-system/vendor/laravel/framework/src/Illuminate/Pipeline/Pipeline.php(219): Illuminate/Foundation/Http/Middleware/InvokeDeferredCallbacks->handle()
#43 C:/xampp/htdocs/maternal-care-system/vendor/laravel/framework/src/Illuminate/Http/Middleware/ValidatePathEncoding.php(28): Illuminate/Pipeline/Pipeline->{closure:{closure:Illuminate/Pipeline/Pipeline::carry():194}:195}()
#44 C:/xampp/htdocs/maternal-care-system/vendor/laravel/framework/src/Illuminate/Pipeline/Pipeline.php(219): Illuminate/Http/Middleware/ValidatePathEncoding->handle()
#45 C:/xampp/htdocs/maternal-care-system/vendor/laravel/framework/src/Illuminate/Pipeline/Pipeline.php(137): Illuminate/Pipeline/Pipeline->{closure:{closure:Illuminate/Pipeline/Pipeline::carry():194}:195}()
#46 C:/xampp/htdocs/maternal-care-system/vendor/laravel/framework/src/Illuminate/Foundation/Http/Kernel.php(175): Illuminate/Pipeline/Pipeline->then()
#47 C:/xampp/htdocs/maternal-care-system/vendor/laravel/framework/src/Illuminate/Foundation/Http/Kernel.php(144): Illuminate/Foundation/Http/Kernel->sendRequestThroughRouter()
#48 C:/xampp/htdocs/maternal-care-system/vendor/laravel/framework/src/Illuminate/Foundation/Application.php(1220): Illuminate/Foundation/Http/Kernel->handle()
#49 C:/xampp/htdocs/maternal-care-system/public/index.php(20): Illuminate/Foundation/Application->handleRequest()
#50 C:/xampp/htdocs/maternal-care-system/vendor/laravel/framework/src/Illuminate/Foundation/resources/server.php(23): require_once('...')
#51 {main}
"} 
[2026-07-21 12:00:06] local.ERROR: Attempt to read property "id" on null {"exception":"[object] (ErrorException(code: 0): Attempt to read property \"id\" on null at C:/xampp/htdocs/maternal-care-system/app/Http/Controllers/MedicineController.php:18)
[stacktrace]
#0 C:/xampp/htdocs/maternal-care-system/vendor/laravel/framework/src/Illuminate/Foundation/Bootstrap/HandleExceptions.php(263): Illuminate/Foundation/Bootstrap/HandleExceptions->handleError()
#1 C:/xampp/htdocs/maternal-care-system/app/Http/Controllers/MedicineController.php(18): Illuminate/Foundation/Bootstrap/HandleExceptions->{closure:Illuminate/Foundation/Bootstrap/HandleExceptions::forwardsTo():262}()
#2 C:/xampp/htdocs/maternal-care-system/vendor/laravel/framework/src/Illuminate/Routing/ControllerDispatcher.php(46): App/Http/Controllers/MedicineController->index()
#3 C:/xampp/htdocs/maternal-care-system/vendor/laravel/framework/src/Illuminate/Routing/Route.php(276): Illuminate/Routing/ControllerDispatcher->dispatch()
#4 C:/xampp/htdocs/maternal-care-system/vendor/laravel/framework/src/Illuminate/Routing/Route.php(216): Illuminate/Routing/Route->runController()
#5 C:/xampp/htdocs/maternal-care-system/vendor/laravel/framework/src/Illuminate/Routing/Router.php(822): Illuminate/Routing/Route->run()
#6 C:/xampp/htdocs/maternal-care-system/vendor/laravel/framework/src/Illuminate/Pipeline/Pipeline.php(180): Illuminate/Routing/Router->{closure:Illuminate/Routing/Router::runRouteWithinStack():821}()
#7 C:/xampp/htdocs/maternal-care-system/vendor/laravel/framework/src/Illuminate/Routing/Middleware/SubstituteBindings.php(52): Illuminate/Pipeline/Pipeline->{closure:Illuminate/Pipeline/Pipeline::prepareDestination():178}()
#8 C:/xampp/htdocs/maternal-care-system/vendor/laravel/framework/src/Illuminate/Pipeline/Pipeline.php(219): Illuminate/Routing/Middleware/SubstituteBindings->handle()
#9 C:/xampp/htdocs/maternal-care-system/vendor/laravel/framework/src/Illuminate/Foundation/Http/Middleware/PreventRequestForgery.php(104): Illuminate/Pipeline/Pipeline->{closure:{closure:Illuminate/Pipeline/Pipeline::carry():194}:195}()
#10 C:/xampp/htdocs/maternal-care-system/vendor/laravel/framework/src/Illuminate/Pipeline/Pipeline.php(219): Illuminate/Foundation/Http/Middleware/PreventRequestForgery->handle()
#11 C:/xampp/htdocs/maternal-care-system/vendor/laravel/framework/src/Illuminate/View/Middleware/ShareErrorsFromSession.php(48): Illuminate/Pipeline/Pipeline->{closure:{closure:Illuminate/Pipeline/Pipeline::carry():194}:195}()
#12 C:/xampp/htdocs/maternal-care-system/vendor/laravel/framework/src/Illuminate/Pipeline/Pipeline.php(219): Illuminate/View/Middleware/ShareErrorsFromSession->handle()
#13 C:/xampp/htdocs/maternal-care-system/vendor/laravel/framework/src/Illuminate/Session/Middleware/StartSession.php(120): Illuminate/Pipeline/Pipeline->{closure:{closure:Illuminate/Pipeline/Pipeline::carry():194}:195}()
#14 C:/xampp/htdocs/maternal-care-system/vendor/laravel/framework/src/Illuminate/Session/Middleware/StartSession.php(63): Illuminate/Session/Middleware/StartSession->handleStatefulRequest()
#15 C:/xampp/htdocs/maternal-care-system/vendor/laravel/framework/src/Illuminate/Pipeline/Pipeline.php(219): Illuminate/Session/Middleware/StartSession->handle()
#16 C:/xampp/htdocs/maternal-care-system/vendor/laravel/framework/src/Illuminate/Cookie/Middleware/AddQueuedCookiesToResponse.php(36): Illuminate/Pipeline/Pipeline->{closure:{closure:Illuminate/Pipeline/Pipeline::carry():194}:195}()
#17 C:/xampp/htdocs/maternal-care-system/vendor/laravel/framework/src/Illuminate/Pipeline/Pipeline.php(219): Illuminate/Cookie/Middleware/AddQueuedCookiesToResponse->handle()
#18 C:/xampp/htdocs/maternal-care-system/vendor/laravel/framework/src/Illuminate/Cookie/Middleware/EncryptCookies.php(74): Illuminate/Pipeline/Pipeline->{closure:{closure:Illuminate/Pipeline/Pipeline::carry():194}:195}()
#19 C:/xampp/htdocs/maternal-care-system/vendor/laravel/framework/src/Illuminate/Pipeline/Pipeline.php(219): Illuminate/Cookie/Middleware/EncryptCookies->handle()
#20 C:/xampp/htdocs/maternal-care-system/vendor/laravel/framework/src/Illuminate/Pipeline/Pipeline.php(137): Illuminate/Pipeline/Pipeline->{closure:{closure:Illuminate/Pipeline/Pipeline::carry():194}:195}()
#21 C:/xampp/htdocs/maternal-care-system/vendor/laravel/framework/src/Illuminate/Routing/Router.php(821): Illuminate/Pipeline/Pipeline->then()
#22 C:/xampp/htdocs/maternal-care-system/vendor/laravel/framework/src/Illuminate/Routing/Router.php(800): Illuminate/Routing/Router->runRouteWithinStack()
#23 C:/xampp/htdocs/maternal-care-system/vendor/laravel/framework/src/Illuminate/Routing/Router.php(764): Illuminate/Routing/Router->runRoute()
#24 C:/xampp/htdocs/maternal-care-system/vendor/laravel/framework/src/Illuminate/Routing/Router.php(753): Illuminate/Routing/Router->dispatchToRoute()
#25 C:/xampp/htdocs/maternal-care-system/vendor/laravel/framework/src/Illuminate/Foundation/Http/Kernel.php(200): Illuminate/Routing/Router->dispatch()
#26 C:/xampp/htdocs/maternal-care-system/vendor/laravel/framework/src/Illuminate/Pipeline/Pipeline.php(180): Illuminate/Foundation/Http/Kernel->{closure:Illuminate/Foundation/Http/Kernel::dispatchToRouter():197}()
#27 C:/xampp/htdocs/maternal-care-system/vendor/laravel/framework/src/Illuminate/Foundation/Http/Middleware/TransformsRequest.php(21): Illuminate/Pipeline/Pipeline->{closure:Illuminate/Pipeline/Pipeline::prepareDestination():178}()
#28 C:/xampp/htdocs/maternal-care-system/vendor/laravel/framework/src/Illuminate/Foundation/Http/Middleware/ConvertEmptyStringsToNull.php(31): Illuminate/Foundation/Http/Middleware/TransformsRequest->handle()
#29 C:/xampp/htdocs/maternal-care-system/vendor/laravel/framework/src/Illuminate/Pipeline/Pipeline.php(219): Illuminate/Foundation/Http/Middleware/ConvertEmptyStringsToNull->handle()
#30 C:/xampp/htdocs/maternal-care-system/vendor/laravel/framework/src/Illuminate/Foundation/Http/Middleware/TransformsRequest.php(21): Illuminate/Pipeline/Pipeline->{closure:{closure:Illuminate/Pipeline/Pipeline::carry():194}:195}()
#31 C:/xampp/htdocs/maternal-care-system/vendor/laravel/framework/src/Illuminate/Foundation/Http/Middleware/TrimStrings.php(51): Illuminate/Foundation/Http/Middleware/TransformsRequest->handle()
#32 C:/xampp/htdocs/maternal-care-system/vendor/laravel/framework/src/Illuminate/Pipeline/Pipeline.php(219): Illuminate/Foundation/Http/Middleware/TrimStrings->handle()
#33 C:/xampp/htdocs/maternal-care-system/vendor/laravel/framework/src/Illuminate/Http/Middleware/ValidatePostSize.php(27): Illuminate/Pipeline/Pipeline->{closure:{closure:Illuminate/Pipeline/Pipeline::carry():194}:195}()
#34 C:/xampp/htdocs/maternal-care-system/vendor/laravel/framework/src/Illuminate/Pipeline/Pipeline.php(219): Illuminate/Http/Middleware/ValidatePostSize->handle()
#35 C:/xampp/htdocs/maternal-care-system/vendor/laravel/framework/src/Illuminate/Foundation/Http/Middleware/PreventRequestsDuringMaintenance.php(109): Illuminate/Pipeline/Pipeline->{closure:{closure:Illuminate/Pipeline/Pipeline::carry():194}:195}()
#36 C:/xampp/htdocs/maternal-care-system/vendor/laravel/framework/src/Illuminate/Pipeline/Pipeline.php(219): Illuminate/Foundation/Http/Middleware/PreventRequestsDuringMaintenance->handle()
#37 C:/xampp/htdocs/maternal-care-system/vendor/laravel/framework/src/Illuminate/Http/Middleware/HandleCors.php(61): Illuminate/Pipeline/Pipeline->{closure:{closure:Illuminate/Pipeline/Pipeline::carry():194}:195}()
#38 C:/xampp/htdocs/maternal-care-system/vendor/laravel/framework/src/Illuminate/Pipeline/Pipeline.php(219): Illuminate/Http/Middleware/HandleCors->handle()
#39 C:/xampp/htdocs/maternal-care-system/vendor/laravel/framework/src/Illuminate/Http/Middleware/TrustProxies.php(58): Illuminate/Pipeline/Pipeline->{closure:{closure:Illuminate/Pipeline/Pipeline::carry():194}:195}()
#40 C:/xampp/htdocs/maternal-care-system/vendor/laravel/framework/src/Illuminate/Pipeline/Pipeline.php(219): Illuminate/Http/Middleware/TrustProxies->handle()
#41 C:/xampp/htdocs/maternal-care-system/vendor/laravel/framework/src/Illuminate/Foundation/Http/Middleware/InvokeDeferredCallbacks.php(22): Illuminate/Pipeline/Pipeline->{closure:{closure:Illuminate/Pipeline/Pipeline::carry():194}:195}()
#42 C:/xampp/htdocs/maternal-care-system/vendor/laravel/framework/src/Illuminate/Pipeline/Pipeline.php(219): Illuminate/Foundation/Http/Middleware/InvokeDeferredCallbacks->handle()
#43 C:/xampp/htdocs/maternal-care-system/vendor/laravel/framework/src/Illuminate/Http/Middleware/ValidatePathEncoding.php(28): Illuminate/Pipeline/Pipeline->{closure:{closure:Illuminate/Pipeline/Pipeline::carry():194}:195}()
#44 C:/xampp/htdocs/maternal-care-system/vendor/laravel/framework/src/Illuminate/Pipeline/Pipeline.php(219): Illuminate/Http/Middleware/ValidatePathEncoding->handle()
#45 C:/xampp/htdocs/maternal-care-system/vendor/laravel/framework/src/Illuminate/Pipeline/Pipeline.php(137): Illuminate/Pipeline/Pipeline->{closure:{closure:Illuminate/Pipeline/Pipeline::carry():194}:195}()
#46 C:/xampp/htdocs/maternal-care-system/vendor/laravel/framework/src/Illuminate/Foundation/Http/Kernel.php(175): Illuminate/Pipeline/Pipeline->then()
#47 C:/xampp/htdocs/maternal-care-system/vendor/laravel/framework/src/Illuminate/Foundation/Http/Kernel.php(144): Illuminate/Foundation/Http/Kernel->sendRequestThroughRouter()
#48 C:/xampp/htdocs/maternal-care-system/vendor/laravel/framework/src/Illuminate/Foundation/Application.php(1220): Illuminate/Foundation/Http/Kernel->handle()
#49 C:/xampp/htdocs/maternal-care-system/public/index.php(20): Illuminate/Foundation/Application->handleRequest()
#50 C:/xampp/htdocs/maternal-care-system/vendor/laravel/framework/src/Illuminate/Foundation/resources/server.php(23): require_once('...')
#51 {main}
"} 
[2026-07-21 12:03:51] local.ERROR: Attempt to read property "id" on null {"exception":"[object] (ErrorException(code: 0): Attempt to read property \"id\" on null at C:/xampp/htdocs/maternal-care-system/app/Http/Controllers/VisitController.php:17)
[stacktrace]
#0 C:/xampp/htdocs/maternal-care-system/vendor/laravel/framework/src/Illuminate/Foundation/Bootstrap/HandleExceptions.php(263): Illuminate/Foundation/Bootstrap/HandleExceptions->handleError()
#1 C:/xampp/htdocs/maternal-care-system/app/Http/Controllers/VisitController.php(17): Illuminate/Foundation/Bootstrap/HandleExceptions->{closure:Illuminate/Foundation/Bootstrap/HandleExceptions::forwardsTo():262}()
#2 C:/xampp/htdocs/maternal-care-system/vendor/laravel/framework/src/Illuminate/Routing/ControllerDispatcher.php(46): App/Http/Controllers/VisitController->index()
#3 C:/xampp/htdocs/maternal-care-system/vendor/laravel/framework/src/Illuminate/Routing/Route.php(276): Illuminate/Routing/ControllerDispatcher->dispatch()
#4 C:/xampp/htdocs/maternal-care-system/vendor/laravel/framework/src/Illuminate/Routing/Route.php(216): Illuminate/Routing/Route->runController()
#5 C:/xampp/htdocs/maternal-care-system/vendor/laravel/framework/src/Illuminate/Routing/Router.php(822): Illuminate/Routing/Route->run()
#6 C:/xampp/htdocs/maternal-care-system/vendor/laravel/framework/src/Illuminate/Pipeline/Pipeline.php(180): Illuminate/Routing/Router->{closure:Illuminate/Routing/Router::runRouteWithinStack():821}()
#7 C:/xampp/htdocs/maternal-care-system/vendor/laravel/framework/src/Illuminate/Routing/Middleware/SubstituteBindings.php(52): Illuminate/Pipeline/Pipeline->{closure:Illuminate/Pipeline/Pipeline::prepareDestination():178}()
#8 C:/xampp/htdocs/maternal-care-system/vendor/laravel/framework/src/Illuminate/Pipeline/Pipeline.php(219): Illuminate/Routing/Middleware/SubstituteBindings->handle()
#9 C:/xampp/htdocs/maternal-care-system/vendor/laravel/framework/src/Illuminate/Foundation/Http/Middleware/PreventRequestForgery.php(104): Illuminate/Pipeline/Pipeline->{closure:{closure:Illuminate/Pipeline/Pipeline::carry():194}:195}()
#10 C:/xampp/htdocs/maternal-care-system/vendor/laravel/framework/src/Illuminate/Pipeline/Pipeline.php(219): Illuminate/Foundation/Http/Middleware/PreventRequestForgery->handle()
#11 C:/xampp/htdocs/maternal-care-system/vendor/laravel/framework/src/Illuminate/View/Middleware/ShareErrorsFromSession.php(48): Illuminate/Pipeline/Pipeline->{closure:{closure:Illuminate/Pipeline/Pipeline::carry():194}:195}()
#12 C:/xampp/htdocs/maternal-care-system/vendor/laravel/framework/src/Illuminate/Pipeline/Pipeline.php(219): Illuminate/View/Middleware/ShareErrorsFromSession->handle()
#13 C:/xampp/htdocs/maternal-care-system/vendor/laravel/framework/src/Illuminate/Session/Middleware/StartSession.php(120): Illuminate/Pipeline/Pipeline->{closure:{closure:Illuminate/Pipeline/Pipeline::carry():194}:195}()
#14 C:/xampp/htdocs/maternal-care-system/vendor/laravel/framework/src/Illuminate/Session/Middleware/StartSession.php(63): Illuminate/Session/Middleware/StartSession->handleStatefulRequest()
#15 C:/xampp/htdocs/maternal-care-system/vendor/laravel/framework/src/Illuminate/Pipeline/Pipeline.php(219): Illuminate/Session/Middleware/StartSession->handle()
#16 C:/xampp/htdocs/maternal-care-system/vendor/laravel/framework/src/Illuminate/Cookie/Middleware/AddQueuedCookiesToResponse.php(36): Illuminate/Pipeline/Pipeline->{closure:{closure:Illuminate/Pipeline/Pipeline::carry():194}:195}()
#17 C:/xampp/htdocs/maternal-care-system/vendor/laravel/framework/src/Illuminate/Pipeline/Pipeline.php(219): Illuminate/Cookie/Middleware/AddQueuedCookiesToResponse->handle()
#18 C:/xampp/htdocs/maternal-care-system/vendor/laravel/framework/src/Illuminate/Cookie/Middleware/EncryptCookies.php(74): Illuminate/Pipeline/Pipeline->{closure:{closure:Illuminate/Pipeline/Pipeline::carry():194}:195}()
#19 C:/xampp/htdocs/maternal-care-system/vendor/laravel/framework/src/Illuminate/Pipeline/Pipeline.php(219): Illuminate/Cookie/Middleware/EncryptCookies->handle()
#20 C:/xampp/htdocs/maternal-care-system/vendor/laravel/framework/src/Illuminate/Pipeline/Pipeline.php(137): Illuminate/Pipeline/Pipeline->{closure:{closure:Illuminate/Pipeline/Pipeline::carry():194}:195}()
#21 C:/xampp/htdocs/maternal-care-system/vendor/laravel/framework/src/Illuminate/Routing/Router.php(821): Illuminate/Pipeline/Pipeline->then()
#22 C:/xampp/htdocs/maternal-care-system/vendor/laravel/framework/src/Illuminate/Routing/Router.php(800): Illuminate/Routing/Router->runRouteWithinStack()
#23 C:/xampp/htdocs/maternal-care-system/vendor/laravel/framework/src/Illuminate/Routing/Router.php(764): Illuminate/Routing/Router->runRoute()
#24 C:/xampp/htdocs/maternal-care-system/vendor/laravel/framework/src/Illuminate/Routing/Router.php(753): Illuminate/Routing/Router->dispatchToRoute()
#25 C:/xampp/htdocs/maternal-care-system/vendor/laravel/framework/src/Illuminate/Foundation/Http/Kernel.php(200): Illuminate/Routing/Router->dispatch()
#26 C:/xampp/htdocs/maternal-care-system/vendor/laravel/framework/src/Illuminate/Pipeline/Pipeline.php(180): Illuminate/Foundation/Http/Kernel->{closure:Illuminate/Foundation/Http/Kernel::dispatchToRouter():197}()
#27 C:/xampp/htdocs/maternal-care-system/vendor/laravel/framework/src/Illuminate/Foundation/Http/Middleware/TransformsRequest.php(21): Illuminate/Pipeline/Pipeline->{closure:Illuminate/Pipeline/Pipeline::prepareDestination():178}()
#28 C:/xampp/htdocs/maternal-care-system/vendor/laravel/framework/src/Illuminate/Foundation/Http/Middleware/ConvertEmptyStringsToNull.php(31): Illuminate/Foundation/Http/Middleware/TransformsRequest->handle()
#29 C:/xampp/htdocs/maternal-care-system/vendor/laravel/framework/src/Illuminate/Pipeline/Pipeline.php(219): Illuminate/Foundation/Http/Middleware/ConvertEmptyStringsToNull->handle()
#30 C:/xampp/htdocs/maternal-care-system/vendor/laravel/framework/src/Illuminate/Foundation/Http/Middleware/TransformsRequest.php(21): Illuminate/Pipeline/Pipeline->{closure:{closure:Illuminate/Pipeline/Pipeline::carry():194}:195}()
#31 C:/xampp/htdocs/maternal-care-system/vendor/laravel/framework/src/Illuminate/Foundation/Http/Middleware/TrimStrings.php(51): Illuminate/Foundation/Http/Middleware/TransformsRequest->handle()
#32 C:/xampp/htdocs/maternal-care-system/vendor/laravel/framework/src/Illuminate/Pipeline/Pipeline.php(219): Illuminate/Foundation/Http/Middleware/TrimStrings->handle()
#33 C:/xampp/htdocs/maternal-care-system/vendor/laravel/framework/src/Illuminate/Http/Middleware/ValidatePostSize.php(27): Illuminate/Pipeline/Pipeline->{closure:{closure:Illuminate/Pipeline/Pipeline::carry():194}:195}()
#34 C:/xampp/htdocs/maternal-care-system/vendor/laravel/framework/src/Illuminate/Pipeline/Pipeline.php(219): Illuminate/Http/Middleware/ValidatePostSize->handle()
#35 C:/xampp/htdocs/maternal-care-system/vendor/laravel/framework/src/Illuminate/Foundation/Http/Middleware/PreventRequestsDuringMaintenance.php(109): Illuminate/Pipeline/Pipeline->{closure:{closure:Illuminate/Pipeline/Pipeline::carry():194}:195}()
#36 C:/xampp/htdocs/maternal-care-system/vendor/laravel/framework/src/Illuminate/Pipeline/Pipeline.php(219): Illuminate/Foundation/Http/Middleware/PreventRequestsDuringMaintenance->handle()
#37 C:/xampp/htdocs/maternal-care-system/vendor/laravel/framework/src/Illuminate/Http/Middleware/HandleCors.php(61): Illuminate/Pipeline/Pipeline->{closure:{closure:Illuminate/Pipeline/Pipeline::carry():194}:195}()
#38 C:/xampp/htdocs/maternal-care-system/vendor/laravel/framework/src/Illuminate/Pipeline/Pipeline.php(219): Illuminate/Http/Middleware/HandleCors->handle()
#39 C:/xampp/htdocs/maternal-care-system/vendor/laravel/framework/src/Illuminate/Http/Middleware/TrustProxies.php(58): Illuminate/Pipeline/Pipeline->{closure:{closure:Illuminate/Pipeline/Pipeline::carry():194}:195}()
#40 C:/xampp/htdocs/maternal-care-system/vendor/laravel/framework/src/Illuminate/Pipeline/Pipeline.php(219): Illuminate/Http/Middleware/TrustProxies->handle()
#41 C:/xampp/htdocs/maternal-care-system/vendor/laravel/framework/src/Illuminate/Foundation/Http/Middleware/InvokeDeferredCallbacks.php(22): Illuminate/Pipeline/Pipeline->{closure:{closure:Illuminate/Pipeline/Pipeline::carry():194}:195}()
#42 C:/xampp/htdocs/maternal-care-system/vendor/laravel/framework/src/Illuminate/Pipeline/Pipeline.php(219): Illuminate/Foundation/Http/Middleware/InvokeDeferredCallbacks->handle()
#43 C:/xampp/htdocs/maternal-care-system/vendor/laravel/framework/src/Illuminate/Http/Middleware/ValidatePathEncoding.php(28): Illuminate/Pipeline/Pipeline->{closure:{closure:Illuminate/Pipeline/Pipeline::carry():194}:195}()
#44 C:/xampp/htdocs/maternal-care-system/vendor/laravel/framework/src/Illuminate/Pipeline/Pipeline.php(219): Illuminate/Http/Middleware/ValidatePathEncoding->handle()
#45 C:/xampp/htdocs/maternal-care-system/vendor/laravel/framework/src/Illuminate/Pipeline/Pipeline.php(137): Illuminate/Pipeline/Pipeline->{closure:{closure:Illuminate/Pipeline/Pipeline::carry():194}:195}()
#46 C:/xampp/htdocs/maternal-care-system/vendor/laravel/framework/src/Illuminate/Foundation/Http/Kernel.php(175): Illuminate/Pipeline/Pipeline->then()
#47 C:/xampp/htdocs/maternal-care-system/vendor/laravel/framework/src/Illuminate/Foundation/Http/Kernel.php(144): Illuminate/Foundation/Http/Kernel->sendRequestThroughRouter()
#48 C:/xampp/htdocs/maternal-care-system/vendor/laravel/framework/src/Illuminate/Foundation/Application.php(1220): Illuminate/Foundation/Http/Kernel->handle()
#49 C:/xampp/htdocs/maternal-care-system/public/index.php(20): Illuminate/Foundation/Application->handleRequest()
#50 C:/xampp/htdocs/maternal-care-system/vendor/laravel/framework/src/Illuminate/Foundation/resources/server.php(23): require_once('...')
#51 {main}
"} 
[2026-07-21 12:04:14] local.ERROR: Maximum execution time of 30 seconds exceeded {"exception":"[object] (Symfony\\Component\\ErrorHandler\\Error\\FatalError(code: 0): Maximum execution time of 30 seconds exceeded at C:/xampp/htdocs/maternal-care-system/storage/framework/views/742747f63e64373f8f7a08b4ac157469.php:1)
[stacktrace]
#0 {main}
"} 
[2026-07-21 12:04:57] local.ERROR: Attempt to read property "id" on null {"exception":"[object] (ErrorException(code: 0): Attempt to read property \"id\" on null at C:/xampp/htdocs/maternal-care-system/app/Http/Controllers/MidwifeController.php:17)
[stacktrace]
#0 C:/xampp/htdocs/maternal-care-system/vendor/laravel/framework/src/Illuminate/Foundation/Bootstrap/HandleExceptions.php(263): Illuminate/Foundation/Bootstrap/HandleExceptions->handleError()
#1 C:/xampp/htdocs/maternal-care-system/app/Http/Controllers/MidwifeController.php(17): Illuminate/Foundation/Bootstrap/HandleExceptions->{closure:Illuminate/Foundation/Bootstrap/HandleExceptions::forwardsTo():262}()
#2 C:/xampp/htdocs/maternal-care-system/vendor/laravel/framework/src/Illuminate/Routing/ControllerDispatcher.php(46): App/Http/Controllers/MidwifeController->dashboard()
#3 C:/xampp/htdocs/maternal-care-system/vendor/laravel/framework/src/Illuminate/Routing/Route.php(276): Illuminate/Routing/ControllerDispatcher->dispatch()
#4 C:/xampp/htdocs/maternal-care-system/vendor/laravel/framework/src/Illuminate/Routing/Route.php(216): Illuminate/Routing/Route->runController()
#5 C:/xampp/htdocs/maternal-care-system/vendor/laravel/framework/src/Illuminate/Routing/Router.php(822): Illuminate/Routing/Route->run()
#6 C:/xampp/htdocs/maternal-care-system/vendor/laravel/framework/src/Illuminate/Pipeline/Pipeline.php(180): Illuminate/Routing/Router->{closure:Illuminate/Routing/Router::runRouteWithinStack():821}()
#7 C:/xampp/htdocs/maternal-care-system/vendor/laravel/framework/src/Illuminate/Routing/Middleware/SubstituteBindings.php(52): Illuminate/Pipeline/Pipeline->{closure:Illuminate/Pipeline/Pipeline::prepareDestination():178}()
#8 C:/xampp/htdocs/maternal-care-system/vendor/laravel/framework/src/Illuminate/Pipeline/Pipeline.php(219): Illuminate/Routing/Middleware/SubstituteBindings->handle()
#9 C:/xampp/htdocs/maternal-care-system/vendor/laravel/framework/src/Illuminate/Foundation/Http/Middleware/PreventRequestForgery.php(104): Illuminate/Pipeline/Pipeline->{closure:{closure:Illuminate/Pipeline/Pipeline::carry():194}:195}()
#10 C:/xampp/htdocs/maternal-care-system/vendor/laravel/framework/src/Illuminate/Pipeline/Pipeline.php(219): Illuminate/Foundation/Http/Middleware/PreventRequestForgery->handle()
#11 C:/xampp/htdocs/maternal-care-system/vendor/laravel/framework/src/Illuminate/View/Middleware/ShareErrorsFromSession.php(48): Illuminate/Pipeline/Pipeline->{closure:{closure:Illuminate/Pipeline/Pipeline::carry():194}:195}()
#12 C:/xampp/htdocs/maternal-care-system/vendor/laravel/framework/src/Illuminate/Pipeline/Pipeline.php(219): Illuminate/View/Middleware/ShareErrorsFromSession->handle()
#13 C:/xampp/htdocs/maternal-care-system/vendor/laravel/framework/src/Illuminate/Session/Middleware/StartSession.php(120): Illuminate/Pipeline/Pipeline->{closure:{closure:Illuminate/Pipeline/Pipeline::carry():194}:195}()
#14 C:/xampp/htdocs/maternal-care-system/vendor/laravel/framework/src/Illuminate/Session/Middleware/StartSession.php(63): Illuminate/Session/Middleware/StartSession->handleStatefulRequest()
#15 C:/xampp/htdocs/maternal-care-system/vendor/laravel/framework/src/Illuminate/Pipeline/Pipeline.php(219): Illuminate/Session/Middleware/StartSession->handle()
#16 C:/xampp/htdocs/maternal-care-system/vendor/laravel/framework/src/Illuminate/Cookie/Middleware/AddQueuedCookiesToResponse.php(36): Illuminate/Pipeline/Pipeline->{closure:{closure:Illuminate/Pipeline/Pipeline::carry():194}:195}()
#17 C:/xampp/htdocs/maternal-care-system/vendor/laravel/framework/src/Illuminate/Pipeline/Pipeline.php(219): Illuminate/Cookie/Middleware/AddQueuedCookiesToResponse->handle()
#18 C:/xampp/htdocs/maternal-care-system/vendor/laravel/framework/src/Illuminate/Cookie/Middleware/EncryptCookies.php(74): Illuminate/Pipeline/Pipeline->{closure:{closure:Illuminate/Pipeline/Pipeline::carry():194}:195}()
#19 C:/xampp/htdocs/maternal-care-system/vendor/laravel/framework/src/Illuminate/Pipeline/Pipeline.php(219): Illuminate/Cookie/Middleware/EncryptCookies->handle()
#20 C:/xampp/htdocs/maternal-care-system/vendor/laravel/framework/src/Illuminate/Pipeline/Pipeline.php(137): Illuminate/Pipeline/Pipeline->{closure:{closure:Illuminate/Pipeline/Pipeline::carry():194}:195}()
#21 C:/xampp/htdocs/maternal-care-system/vendor/laravel/framework/src/Illuminate/Routing/Router.php(821): Illuminate/Pipeline/Pipeline->then()
#22 C:/xampp/htdocs/maternal-care-system/vendor/laravel/framework/src/Illuminate/Routing/Router.php(800): Illuminate/Routing/Router->runRouteWithinStack()
#23 C:/xampp/htdocs/maternal-care-system/vendor/laravel/framework/src/Illuminate/Routing/Router.php(764): Illuminate/Routing/Router->runRoute()
#24 C:/xampp/htdocs/maternal-care-system/vendor/laravel/framework/src/Illuminate/Routing/Router.php(753): Illuminate/Routing/Router->dispatchToRoute()
#25 C:/xampp/htdocs/maternal-care-system/vendor/laravel/framework/src/Illuminate/Foundation/Http/Kernel.php(200): Illuminate/Routing/Router->dispatch()
#26 C:/xampp/htdocs/maternal-care-system/vendor/laravel/framework/src/Illuminate/Pipeline/Pipeline.php(180): Illuminate/Foundation/Http/Kernel->{closure:Illuminate/Foundation/Http/Kernel::dispatchToRouter():197}()
#27 C:/xampp/htdocs/maternal-care-system/vendor/laravel/framework/src/Illuminate/Foundation/Http/Middleware/TransformsRequest.php(21): Illuminate/Pipeline/Pipeline->{closure:Illuminate/Pipeline/Pipeline::prepareDestination():178}()
#28 C:/xampp/htdocs/maternal-care-system/vendor/laravel/framework/src/Illuminate/Foundation/Http/Middleware/ConvertEmptyStringsToNull.php(31): Illuminate/Foundation/Http/Middleware/TransformsRequest->handle()
#29 C:/xampp/htdocs/maternal-care-system/vendor/laravel/framework/src/Illuminate/Pipeline/Pipeline.php(219): Illuminate/Foundation/Http/Middleware/ConvertEmptyStringsToNull->handle()
#30 C:/xampp/htdocs/maternal-care-system/vendor/laravel/framework/src/Illuminate/Foundation/Http/Middleware/TransformsRequest.php(21): Illuminate/Pipeline/Pipeline->{closure:{closure:Illuminate/Pipeline/Pipeline::carry():194}:195}()
#31 C:/xampp/htdocs/maternal-care-system/vendor/laravel/framework/src/Illuminate/Foundation/Http/Middleware/TrimStrings.php(51): Illuminate/Foundation/Http/Middleware/TransformsRequest->handle()
#32 C:/xampp/htdocs/maternal-care-system/vendor/laravel/framework/src/Illuminate/Pipeline/Pipeline.php(219): Illuminate/Foundation/Http/Middleware/TrimStrings->handle()
#33 C:/xampp/htdocs/maternal-care-system/vendor/laravel/framework/src/Illuminate/Http/Middleware/ValidatePostSize.php(27): Illuminate/Pipeline/Pipeline->{closure:{closure:Illuminate/Pipeline/Pipeline::carry():194}:195}()
#34 C:/xampp/htdocs/maternal-care-system/vendor/laravel/framework/src/Illuminate/Pipeline/Pipeline.php(219): Illuminate/Http/Middleware/ValidatePostSize->handle()
#35 C:/xampp/htdocs/maternal-care-system/vendor/laravel/framework/src/Illuminate/Foundation/Http/Middleware/PreventRequestsDuringMaintenance.php(109): Illuminate/Pipeline/Pipeline->{closure:{closure:Illuminate/Pipeline/Pipeline::carry():194}:195}()
#36 C:/xampp/htdocs/maternal-care-system/vendor/laravel/framework/src/Illuminate/Pipeline/Pipeline.php(219): Illuminate/Foundation/Http/Middleware/PreventRequestsDuringMaintenance->handle()
#37 C:/xampp/htdocs/maternal-care-system/vendor/laravel/framework/src/Illuminate/Http/Middleware/HandleCors.php(61): Illuminate/Pipeline/Pipeline->{closure:{closure:Illuminate/Pipeline/Pipeline::carry():194}:195}()
#38 C:/xampp/htdocs/maternal-care-system/vendor/laravel/framework/src/Illuminate/Pipeline/Pipeline.php(219): Illuminate/Http/Middleware/HandleCors->handle()
#39 C:/xampp/htdocs/maternal-care-system/vendor/laravel/framework/src/Illuminate/Http/Middleware/TrustProxies.php(58): Illuminate/Pipeline/Pipeline->{closure:{closure:Illuminate/Pipeline/Pipeline::carry():194}:195}()
#40 C:/xampp/htdocs/maternal-care-system/vendor/laravel/framework/src/Illuminate/Pipeline/Pipeline.php(219): Illuminate/Http/Middleware/TrustProxies->handle()
#41 C:/xampp/htdocs/maternal-care-system/vendor/laravel/framework/src/Illuminate/Foundation/Http/Middleware/InvokeDeferredCallbacks.php(22): Illuminate/Pipeline/Pipeline->{closure:{closure:Illuminate/Pipeline/Pipeline::carry():194}:195}()
#42 C:/xampp/htdocs/maternal-care-system/vendor/laravel/framework/src/Illuminate/Pipeline/Pipeline.php(219): Illuminate/Foundation/Http/Middleware/InvokeDeferredCallbacks->handle()
#43 C:/xampp/htdocs/maternal-care-system/vendor/laravel/framework/src/Illuminate/Http/Middleware/ValidatePathEncoding.php(28): Illuminate/Pipeline/Pipeline->{closure:{closure:Illuminate/Pipeline/Pipeline::carry():194}:195}()
#44 C:/xampp/htdocs/maternal-care-system/vendor/laravel/framework/src/Illuminate/Pipeline/Pipeline.php(219): Illuminate/Http/Middleware/ValidatePathEncoding->handle()
#45 C:/xampp/htdocs/maternal-care-system/vendor/laravel/framework/src/Illuminate/Pipeline/Pipeline.php(137): Illuminate/Pipeline/Pipeline->{closure:{closure:Illuminate/Pipeline/Pipeline::carry():194}:195}()
#46 C:/xampp/htdocs/maternal-care-system/vendor/laravel/framework/src/Illuminate/Foundation/Http/Kernel.php(175): Illuminate/Pipeline/Pipeline->then()
#47 C:/xampp/htdocs/maternal-care-system/vendor/laravel/framework/src/Illuminate/Foundation/Http/Kernel.php(144): Illuminate/Foundation/Http/Kernel->sendRequestThroughRouter()
#48 C:/xampp/htdocs/maternal-care-system/vendor/laravel/framework/src/Illuminate/Foundation/Application.php(1220): Illuminate/Foundation/Http/Kernel->handle()
#49 C:/xampp/htdocs/maternal-care-system/public/index.php(20): Illuminate/Foundation/Application->handleRequest()
#50 C:/xampp/htdocs/maternal-care-system/vendor/laravel/framework/src/Illuminate/Foundation/resources/server.php(23): require_once('...')
#51 {main}
"} 
[2026-07-21 12:20:50] local.ERROR: Attempt to read property "id" on null {"exception":"[object] (ErrorException(code: 0): Attempt to read property \"id\" on null at C:/xampp/htdocs/maternal-care-system/app/Http/Controllers/MidwifeController.php:17)
[stacktrace]
#0 C:/xampp/htdocs/maternal-care-system/vendor/laravel/framework/src/Illuminate/Foundation/Bootstrap/HandleExceptions.php(263): Illuminate/Foundation/Bootstrap/HandleExceptions->handleError()
#1 C:/xampp/htdocs/maternal-care-system/app/Http/Controllers/MidwifeController.php(17): Illuminate/Foundation/Bootstrap/HandleExceptions->{closure:Illuminate/Foundation/Bootstrap/HandleExceptions::forwardsTo():262}()
#2 C:/xampp/htdocs/maternal-care-system/vendor/laravel/framework/src/Illuminate/Routing/ControllerDispatcher.php(46): App/Http/Controllers/MidwifeController->dashboard()
#3 C:/xampp/htdocs/maternal-care-system/vendor/laravel/framework/src/Illuminate/Routing/Route.php(276): Illuminate/Routing/ControllerDispatcher->dispatch()
#4 C:/xampp/htdocs/maternal-care-system/vendor/laravel/framework/src/Illuminate/Routing/Route.php(216): Illuminate/Routing/Route->runController()
#5 C:/xampp/htdocs/maternal-care-system/vendor/laravel/framework/src/Illuminate/Routing/Router.php(822): Illuminate/Routing/Route->run()
#6 C:/xampp/htdocs/maternal-care-system/vendor/laravel/framework/src/Illuminate/Pipeline/Pipeline.php(180): Illuminate/Routing/Router->{closure:Illuminate/Routing/Router::runRouteWithinStack():821}()
#7 C:/xampp/htdocs/maternal-care-system/vendor/laravel/framework/src/Illuminate/Routing/Middleware/SubstituteBindings.php(52): Illuminate/Pipeline/Pipeline->{closure:Illuminate/Pipeline/Pipeline::prepareDestination():178}()
#8 C:/xampp/htdocs/maternal-care-system/vendor/laravel/framework/src/Illuminate/Pipeline/Pipeline.php(219): Illuminate/Routing/Middleware/SubstituteBindings->handle()
#9 C:/xampp/htdocs/maternal-care-system/vendor/laravel/framework/src/Illuminate/Foundation/Http/Middleware/PreventRequestForgery.php(104): Illuminate/Pipeline/Pipeline->{closure:{closure:Illuminate/Pipeline/Pipeline::carry():194}:195}()
#10 C:/xampp/htdocs/maternal-care-system/vendor/laravel/framework/src/Illuminate/Pipeline/Pipeline.php(219): Illuminate/Foundation/Http/Middleware/PreventRequestForgery->handle()
#11 C:/xampp/htdocs/maternal-care-system/vendor/laravel/framework/src/Illuminate/View/Middleware/ShareErrorsFromSession.php(48): Illuminate/Pipeline/Pipeline->{closure:{closure:Illuminate/Pipeline/Pipeline::carry():194}:195}()
#12 C:/xampp/htdocs/maternal-care-system/vendor/laravel/framework/src/Illuminate/Pipeline/Pipeline.php(219): Illuminate/View/Middleware/ShareErrorsFromSession->handle()
#13 C:/xampp/htdocs/maternal-care-system/vendor/laravel/framework/src/Illuminate/Session/Middleware/StartSession.php(120): Illuminate/Pipeline/Pipeline->{closure:{closure:Illuminate/Pipeline/Pipeline::carry():194}:195}()
#14 C:/xampp/htdocs/maternal-care-system/vendor/laravel/framework/src/Illuminate/Session/Middleware/StartSession.php(63): Illuminate/Session/Middleware/StartSession->handleStatefulRequest()
#15 C:/xampp/htdocs/maternal-care-system/vendor/laravel/framework/src/Illuminate/Pipeline/Pipeline.php(219): Illuminate/Session/Middleware/StartSession->handle()
#16 C:/xampp/htdocs/maternal-care-system/vendor/laravel/framework/src/Illuminate/Cookie/Middleware/AddQueuedCookiesToResponse.php(36): Illuminate/Pipeline/Pipeline->{closure:{closure:Illuminate/Pipeline/Pipeline::carry():194}:195}()
#17 C:/xampp/htdocs/maternal-care-system/vendor/laravel/framework/src/Illuminate/Pipeline/Pipeline.php(219): Illuminate/Cookie/Middleware/AddQueuedCookiesToResponse->handle()
#18 C:/xampp/htdocs/maternal-care-system/vendor/laravel/framework/src/Illuminate/Cookie/Middleware/EncryptCookies.php(74): Illuminate/Pipeline/Pipeline->{closure:{closure:Illuminate/Pipeline/Pipeline::carry():194}:195}()
#19 C:/xampp/htdocs/maternal-care-system/vendor/laravel/framework/src/Illuminate/Pipeline/Pipeline.php(219): Illuminate/Cookie/Middleware/EncryptCookies->handle()
#20 C:/xampp/htdocs/maternal-care-system/vendor/laravel/framework/src/Illuminate/Pipeline/Pipeline.php(137): Illuminate/Pipeline/Pipeline->{closure:{closure:Illuminate/Pipeline/Pipeline::carry():194}:195}()
#21 C:/xampp/htdocs/maternal-care-system/vendor/laravel/framework/src/Illuminate/Routing/Router.php(821): Illuminate/Pipeline/Pipeline->then()
#22 C:/xampp/htdocs/maternal-care-system/vendor/laravel/framework/src/Illuminate/Routing/Router.php(800): Illuminate/Routing/Router->runRouteWithinStack()
#23 C:/xampp/htdocs/maternal-care-system/vendor/laravel/framework/src/Illuminate/Routing/Router.php(764): Illuminate/Routing/Router->runRoute()
#24 C:/xampp/htdocs/maternal-care-system/vendor/laravel/framework/src/Illuminate/Routing/Router.php(753): Illuminate/Routing/Router->dispatchToRoute()
#25 C:/xampp/htdocs/maternal-care-system/vendor/laravel/framework/src/Illuminate/Foundation/Http/Kernel.php(200): Illuminate/Routing/Router->dispatch()
#26 C:/xampp/htdocs/maternal-care-system/vendor/laravel/framework/src/Illuminate/Pipeline/Pipeline.php(180): Illuminate/Foundation/Http/Kernel->{closure:Illuminate/Foundation/Http/Kernel::dispatchToRouter():197}()
#27 C:/xampp/htdocs/maternal-care-system/vendor/laravel/framework/src/Illuminate/Foundation/Http/Middleware/TransformsRequest.php(21): Illuminate/Pipeline/Pipeline->{closure:Illuminate/Pipeline/Pipeline::prepareDestination():178}()
#28 C:/xampp/htdocs/maternal-care-system/vendor/laravel/framework/src/Illuminate/Foundation/Http/Middleware/ConvertEmptyStringsToNull.php(31): Illuminate/Foundation/Http/Middleware/TransformsRequest->handle()
#29 C:/xampp/htdocs/maternal-care-system/vendor/laravel/framework/src/Illuminate/Pipeline/Pipeline.php(219): Illuminate/Foundation/Http/Middleware/ConvertEmptyStringsToNull->handle()
#30 C:/xampp/htdocs/maternal-care-system/vendor/laravel/framework/src/Illuminate/Foundation/Http/Middleware/TransformsRequest.php(21): Illuminate/Pipeline/Pipeline->{closure:{closure:Illuminate/Pipeline/Pipeline::carry():194}:195}()
#31 C:/xampp/htdocs/maternal-care-system/vendor/laravel/framework/src/Illuminate/Foundation/Http/Middleware/TrimStrings.php(51): Illuminate/Foundation/Http/Middleware/TransformsRequest->handle()
#32 C:/xampp/htdocs/maternal-care-system/vendor/laravel/framework/src/Illuminate/Pipeline/Pipeline.php(219): Illuminate/Foundation/Http/Middleware/TrimStrings->handle()
#33 C:/xampp/htdocs/maternal-care-system/vendor/laravel/framework/src/Illuminate/Http/Middleware/ValidatePostSize.php(27): Illuminate/Pipeline/Pipeline->{closure:{closure:Illuminate/Pipeline/Pipeline::carry():194}:195}()
#34 C:/xampp/htdocs/maternal-care-system/vendor/laravel/framework/src/Illuminate/Pipeline/Pipeline.php(219): Illuminate/Http/Middleware/ValidatePostSize->handle()
#35 C:/xampp/htdocs/maternal-care-system/vendor/laravel/framework/src/Illuminate/Foundation/Http/Middleware/PreventRequestsDuringMaintenance.php(109): Illuminate/Pipeline/Pipeline->{closure:{closure:Illuminate/Pipeline/Pipeline::carry():194}:195}()
#36 C:/xampp/htdocs/maternal-care-system/vendor/laravel/framework/src/Illuminate/Pipeline/Pipeline.php(219): Illuminate/Foundation/Http/Middleware/PreventRequestsDuringMaintenance->handle()
#37 C:/xampp/htdocs/maternal-care-system/vendor/laravel/framework/src/Illuminate/Http/Middleware/HandleCors.php(61): Illuminate/Pipeline/Pipeline->{closure:{closure:Illuminate/Pipeline/Pipeline::carry():194}:195}()
#38 C:/xampp/htdocs/maternal-care-system/vendor/laravel/framework/src/Illuminate/Pipeline/Pipeline.php(219): Illuminate/Http/Middleware/HandleCors->handle()
#39 C:/xampp/htdocs/maternal-care-system/vendor/laravel/framework/src/Illuminate/Http/Middleware/TrustProxies.php(58): Illuminate/Pipeline/Pipeline->{closure:{closure:Illuminate/Pipeline/Pipeline::carry():194}:195}()
#40 C:/xampp/htdocs/maternal-care-system/vendor/laravel/framework/src/Illuminate/Pipeline/Pipeline.php(219): Illuminate/Http/Middleware/TrustProxies->handle()
#41 C:/xampp/htdocs/maternal-care-system/vendor/laravel/framework/src/Illuminate/Foundation/Http/Middleware/InvokeDeferredCallbacks.php(22): Illuminate/Pipeline/Pipeline->{closure:{closure:Illuminate/Pipeline/Pipeline::carry():194}:195}()
#42 C:/xampp/htdocs/maternal-care-system/vendor/laravel/framework/src/Illuminate/Pipeline/Pipeline.php(219): Illuminate/Foundation/Http/Middleware/InvokeDeferredCallbacks->handle()
#43 C:/xampp/htdocs/maternal-care-system/vendor/laravel/framework/src/Illuminate/Http/Middleware/ValidatePathEncoding.php(28): Illuminate/Pipeline/Pipeline->{closure:{closure:Illuminate/Pipeline/Pipeline::carry():194}:195}()
#44 C:/xampp/htdocs/maternal-care-system/vendor/laravel/framework/src/Illuminate/Pipeline/Pipeline.php(219): Illuminate/Http/Middleware/ValidatePathEncoding->handle()
#45 C:/xampp/htdocs/maternal-care-system/vendor/laravel/framework/src/Illuminate/Pipeline/Pipeline.php(137): Illuminate/Pipeline/Pipeline->{closure:{closure:Illuminate/Pipeline/Pipeline::carry():194}:195}()
#46 C:/xampp/htdocs/maternal-care-system/vendor/laravel/framework/src/Illuminate/Foundation/Http/Kernel.php(175): Illuminate/Pipeline/Pipeline->then()
#47 C:/xampp/htdocs/maternal-care-system/vendor/laravel/framework/src/Illuminate/Foundation/Http/Kernel.php(144): Illuminate/Foundation/Http/Kernel->sendRequestThroughRouter()
#48 C:/xampp/htdocs/maternal-care-system/vendor/laravel/framework/src/Illuminate/Foundation/Application.php(1220): Illuminate/Foundation/Http/Kernel->handle()
#49 C:/xampp/htdocs/maternal-care-system/public/index.php(20): Illuminate/Foundation/Application->handleRequest()
#50 C:/xampp/htdocs/maternal-care-system/vendor/laravel/framework/src/Illuminate/Foundation/resources/server.php(23): require_once('...')
#51 {main}
"} 
[2026-07-21 12:21:00] local.ERROR: Attempt to read property "id" on null {"exception":"[object] (ErrorException(code: 0): Attempt to read property \"id\" on null at C:/xampp/htdocs/maternal-care-system/app/Http/Controllers/MotherController.php:20)
[stacktrace]
#0 C:/xampp/htdocs/maternal-care-system/vendor/laravel/framework/src/Illuminate/Foundation/Bootstrap/HandleExceptions.php(263): Illuminate/Foundation/Bootstrap/HandleExceptions->handleError()
#1 C:/xampp/htdocs/maternal-care-system/app/Http/Controllers/MotherController.php(20): Illuminate/Foundation/Bootstrap/HandleExceptions->{closure:Illuminate/Foundation/Bootstrap/HandleExceptions::forwardsTo():262}()
#2 C:/xampp/htdocs/maternal-care-system/vendor/laravel/framework/src/Illuminate/Routing/ControllerDispatcher.php(46): App/Http/Controllers/MotherController->index()
#3 C:/xampp/htdocs/maternal-care-system/vendor/laravel/framework/src/Illuminate/Routing/Route.php(276): Illuminate/Routing/ControllerDispatcher->dispatch()
#4 C:/xampp/htdocs/maternal-care-system/vendor/laravel/framework/src/Illuminate/Routing/Route.php(216): Illuminate/Routing/Route->runController()
#5 C:/xampp/htdocs/maternal-care-system/vendor/laravel/framework/src/Illuminate/Routing/Router.php(822): Illuminate/Routing/Route->run()
#6 C:/xampp/htdocs/maternal-care-system/vendor/laravel/framework/src/Illuminate/Pipeline/Pipeline.php(180): Illuminate/Routing/Router->{closure:Illuminate/Routing/Router::runRouteWithinStack():821}()
#7 C:/xampp/htdocs/maternal-care-system/vendor/laravel/framework/src/Illuminate/Routing/Middleware/SubstituteBindings.php(52): Illuminate/Pipeline/Pipeline->{closure:Illuminate/Pipeline/Pipeline::prepareDestination():178}()
#8 C:/xampp/htdocs/maternal-care-system/vendor/laravel/framework/src/Illuminate/Pipeline/Pipeline.php(219): Illuminate/Routing/Middleware/SubstituteBindings->handle()
#9 C:/xampp/htdocs/maternal-care-system/vendor/laravel/framework/src/Illuminate/Foundation/Http/Middleware/PreventRequestForgery.php(104): Illuminate/Pipeline/Pipeline->{closure:{closure:Illuminate/Pipeline/Pipeline::carry():194}:195}()
#10 C:/xampp/htdocs/maternal-care-system/vendor/laravel/framework/src/Illuminate/Pipeline/Pipeline.php(219): Illuminate/Foundation/Http/Middleware/PreventRequestForgery->handle()
#11 C:/xampp/htdocs/maternal-care-system/vendor/laravel/framework/src/Illuminate/View/Middleware/ShareErrorsFromSession.php(48): Illuminate/Pipeline/Pipeline->{closure:{closure:Illuminate/Pipeline/Pipeline::carry():194}:195}()
#12 C:/xampp/htdocs/maternal-care-system/vendor/laravel/framework/src/Illuminate/Pipeline/Pipeline.php(219): Illuminate/View/Middleware/ShareErrorsFromSession->handle()
#13 C:/xampp/htdocs/maternal-care-system/vendor/laravel/framework/src/Illuminate/Session/Middleware/StartSession.php(120): Illuminate/Pipeline/Pipeline->{closure:{closure:Illuminate/Pipeline/Pipeline::carry():194}:195}()
#14 C:/xampp/htdocs/maternal-care-system/vendor/laravel/framework/src/Illuminate/Session/Middleware/StartSession.php(63): Illuminate/Session/Middleware/StartSession->handleStatefulRequest()
#15 C:/xampp/htdocs/maternal-care-system/vendor/laravel/framework/src/Illuminate/Pipeline/Pipeline.php(219): Illuminate/Session/Middleware/StartSession->handle()
#16 C:/xampp/htdocs/maternal-care-system/vendor/laravel/framework/src/Illuminate/Cookie/Middleware/AddQueuedCookiesToResponse.php(36): Illuminate/Pipeline/Pipeline->{closure:{closure:Illuminate/Pipeline/Pipeline::carry():194}:195}()
#17 C:/xampp/htdocs/maternal-care-system/vendor/laravel/framework/src/Illuminate/Pipeline/Pipeline.php(219): Illuminate/Cookie/Middleware/AddQueuedCookiesToResponse->handle()
#18 C:/xampp/htdocs/maternal-care-system/vendor/laravel/framework/src/Illuminate/Cookie/Middleware/EncryptCookies.php(74): Illuminate/Pipeline/Pipeline->{closure:{closure:Illuminate/Pipeline/Pipeline::carry():194}:195}()
#19 C:/xampp/htdocs/maternal-care-system/vendor/laravel/framework/src/Illuminate/Pipeline/Pipeline.php(219): Illuminate/Cookie/Middleware/EncryptCookies->handle()
#20 C:/xampp/htdocs/maternal-care-system/vendor/laravel/framework/src/Illuminate/Pipeline/Pipeline.php(137): Illuminate/Pipeline/Pipeline->{closure:{closure:Illuminate/Pipeline/Pipeline::carry():194}:195}()
#21 C:/xampp/htdocs/maternal-care-system/vendor/laravel/framework/src/Illuminate/Routing/Router.php(821): Illuminate/Pipeline/Pipeline->then()
#22 C:/xampp/htdocs/maternal-care-system/vendor/laravel/framework/src/Illuminate/Routing/Router.php(800): Illuminate/Routing/Router->runRouteWithinStack()
#23 C:/xampp/htdocs/maternal-care-system/vendor/laravel/framework/src/Illuminate/Routing/Router.php(764): Illuminate/Routing/Router->runRoute()
#24 C:/xampp/htdocs/maternal-care-system/vendor/laravel/framework/src/Illuminate/Routing/Router.php(753): Illuminate/Routing/Router->dispatchToRoute()
#25 C:/xampp/htdocs/maternal-care-system/vendor/laravel/framework/src/Illuminate/Foundation/Http/Kernel.php(200): Illuminate/Routing/Router->dispatch()
#26 C:/xampp/htdocs/maternal-care-system/vendor/laravel/framework/src/Illuminate/Pipeline/Pipeline.php(180): Illuminate/Foundation/Http/Kernel->{closure:Illuminate/Foundation/Http/Kernel::dispatchToRouter():197}()
#27 C:/xampp/htdocs/maternal-care-system/vendor/laravel/framework/src/Illuminate/Foundation/Http/Middleware/TransformsRequest.php(21): Illuminate/Pipeline/Pipeline->{closure:Illuminate/Pipeline/Pipeline::prepareDestination():178}()
#28 C:/xampp/htdocs/maternal-care-system/vendor/laravel/framework/src/Illuminate/Foundation/Http/Middleware/ConvertEmptyStringsToNull.php(31): Illuminate/Foundation/Http/Middleware/TransformsRequest->handle()
#29 C:/xampp/htdocs/maternal-care-system/vendor/laravel/framework/src/Illuminate/Pipeline/Pipeline.php(219): Illuminate/Foundation/Http/Middleware/ConvertEmptyStringsToNull->handle()
#30 C:/xampp/htdocs/maternal-care-system/vendor/laravel/framework/src/Illuminate/Foundation/Http/Middleware/TransformsRequest.php(21): Illuminate/Pipeline/Pipeline->{closure:{closure:Illuminate/Pipeline/Pipeline::carry():194}:195}()
#31 C:/xampp/htdocs/maternal-care-system/vendor/laravel/framework/src/Illuminate/Foundation/Http/Middleware/TrimStrings.php(51): Illuminate/Foundation/Http/Middleware/TransformsRequest->handle()
#32 C:/xampp/htdocs/maternal-care-system/vendor/laravel/framework/src/Illuminate/Pipeline/Pipeline.php(219): Illuminate/Foundation/Http/Middleware/TrimStrings->handle()
#33 C:/xampp/htdocs/maternal-care-system/vendor/laravel/framework/src/Illuminate/Http/Middleware/ValidatePostSize.php(27): Illuminate/Pipeline/Pipeline->{closure:{closure:Illuminate/Pipeline/Pipeline::carry():194}:195}()
#34 C:/xampp/htdocs/maternal-care-system/vendor/laravel/framework/src/Illuminate/Pipeline/Pipeline.php(219): Illuminate/Http/Middleware/ValidatePostSize->handle()
#35 C:/xampp/htdocs/maternal-care-system/vendor/laravel/framework/src/Illuminate/Foundation/Http/Middleware/PreventRequestsDuringMaintenance.php(109): Illuminate/Pipeline/Pipeline->{closure:{closure:Illuminate/Pipeline/Pipeline::carry():194}:195}()
#36 C:/xampp/htdocs/maternal-care-system/vendor/laravel/framework/src/Illuminate/Pipeline/Pipeline.php(219): Illuminate/Foundation/Http/Middleware/PreventRequestsDuringMaintenance->handle()
#37 C:/xampp/htdocs/maternal-care-system/vendor/laravel/framework/src/Illuminate/Http/Middleware/HandleCors.php(61): Illuminate/Pipeline/Pipeline->{closure:{closure:Illuminate/Pipeline/Pipeline::carry():194}:195}()
#38 C:/xampp/htdocs/maternal-care-system/vendor/laravel/framework/src/Illuminate/Pipeline/Pipeline.php(219): Illuminate/Http/Middleware/HandleCors->handle()
#39 C:/xampp/htdocs/maternal-care-system/vendor/laravel/framework/src/Illuminate/Http/Middleware/TrustProxies.php(58): Illuminate/Pipeline/Pipeline->{closure:{closure:Illuminate/Pipeline/Pipeline::carry():194}:195}()
#40 C:/xampp/htdocs/maternal-care-system/vendor/laravel/framework/src/Illuminate/Pipeline/Pipeline.php(219): Illuminate/Http/Middleware/TrustProxies->handle()
#41 C:/xampp/htdocs/maternal-care-system/vendor/laravel/framework/src/Illuminate/Foundation/Http/Middleware/InvokeDeferredCallbacks.php(22): Illuminate/Pipeline/Pipeline->{closure:{closure:Illuminate/Pipeline/Pipeline::carry():194}:195}()
#42 C:/xampp/htdocs/maternal-care-system/vendor/laravel/framework/src/Illuminate/Pipeline/Pipeline.php(219): Illuminate/Foundation/Http/Middleware/InvokeDeferredCallbacks->handle()
#43 C:/xampp/htdocs/maternal-care-system/vendor/laravel/framework/src/Illuminate/Http/Middleware/ValidatePathEncoding.php(28): Illuminate/Pipeline/Pipeline->{closure:{closure:Illuminate/Pipeline/Pipeline::carry():194}:195}()
#44 C:/xampp/htdocs/maternal-care-system/vendor/laravel/framework/src/Illuminate/Pipeline/Pipeline.php(219): Illuminate/Http/Middleware/ValidatePathEncoding->handle()
#45 C:/xampp/htdocs/maternal-care-system/vendor/laravel/framework/src/Illuminate/Pipeline/Pipeline.php(137): Illuminate/Pipeline/Pipeline->{closure:{closure:Illuminate/Pipeline/Pipeline::carry():194}:195}()
#46 C:/xampp/htdocs/maternal-care-system/vendor/laravel/framework/src/Illuminate/Foundation/Http/Kernel.php(175): Illuminate/Pipeline/Pipeline->then()
#47 C:/xampp/htdocs/maternal-care-system/vendor/laravel/framework/src/Illuminate/Foundation/Http/Kernel.php(144): Illuminate/Foundation/Http/Kernel->sendRequestThroughRouter()
#48 C:/xampp/htdocs/maternal-care-system/vendor/laravel/framework/src/Illuminate/Foundation/Application.php(1220): Illuminate/Foundation/Http/Kernel->handle()
#49 C:/xampp/htdocs/maternal-care-system/public/index.php(20): Illuminate/Foundation/Application->handleRequest()
#50 C:/xampp/htdocs/maternal-care-system/vendor/laravel/framework/src/Illuminate/Foundation/resources/server.php(23): require_once('...')
#51 {main}
"} 
[2026-07-21 12:21:05] local.ERROR: Attempt to read property "id" on null {"exception":"[object] (ErrorException(code: 0): Attempt to read property \"id\" on null at C:/xampp/htdocs/maternal-care-system/app/Http/Controllers/VisitController.php:17)
[stacktrace]
#0 C:/xampp/htdocs/maternal-care-system/vendor/laravel/framework/src/Illuminate/Foundation/Bootstrap/HandleExceptions.php(263): Illuminate/Foundation/Bootstrap/HandleExceptions->handleError()
#1 C:/xampp/htdocs/maternal-care-system/app/Http/Controllers/VisitController.php(17): Illuminate/Foundation/Bootstrap/HandleExceptions->{closure:Illuminate/Foundation/Bootstrap/HandleExceptions::forwardsTo():262}()
#2 C:/xampp/htdocs/maternal-care-system/vendor/laravel/framework/src/Illuminate/Routing/ControllerDispatcher.php(46): App/Http/Controllers/VisitController->index()
#3 C:/xampp/htdocs/maternal-care-system/vendor/laravel/framework/src/Illuminate/Routing/Route.php(276): Illuminate/Routing/ControllerDispatcher->dispatch()
#4 C:/xampp/htdocs/maternal-care-system/vendor/laravel/framework/src/Illuminate/Routing/Route.php(216): Illuminate/Routing/Route->runController()
#5 C:/xampp/htdocs/maternal-care-system/vendor/laravel/framework/src/Illuminate/Routing/Router.php(822): Illuminate/Routing/Route->run()
#6 C:/xampp/htdocs/maternal-care-system/vendor/laravel/framework/src/Illuminate/Pipeline/Pipeline.php(180): Illuminate/Routing/Router->{closure:Illuminate/Routing/Router::runRouteWithinStack():821}()
#7 C:/xampp/htdocs/maternal-care-system/vendor/laravel/framework/src/Illuminate/Routing/Middleware/SubstituteBindings.php(52): Illuminate/Pipeline/Pipeline->{closure:Illuminate/Pipeline/Pipeline::prepareDestination():178}()
#8 C:/xampp/htdocs/maternal-care-system/vendor/laravel/framework/src/Illuminate/Pipeline/Pipeline.php(219): Illuminate/Routing/Middleware/SubstituteBindings->handle()
#9 C:/xampp/htdocs/maternal-care-system/vendor/laravel/framework/src/Illuminate/Foundation/Http/Middleware/PreventRequestForgery.php(104): Illuminate/Pipeline/Pipeline->{closure:{closure:Illuminate/Pipeline/Pipeline::carry():194}:195}()
#10 C:/xampp/htdocs/maternal-care-system/vendor/laravel/framework/src/Illuminate/Pipeline/Pipeline.php(219): Illuminate/Foundation/Http/Middleware/PreventRequestForgery->handle()
#11 C:/xampp/htdocs/maternal-care-system/vendor/laravel/framework/src/Illuminate/View/Middleware/ShareErrorsFromSession.php(48): Illuminate/Pipeline/Pipeline->{closure:{closure:Illuminate/Pipeline/Pipeline::carry():194}:195}()
#12 C:/xampp/htdocs/maternal-care-system/vendor/laravel/framework/src/Illuminate/Pipeline/Pipeline.php(219): Illuminate/View/Middleware/ShareErrorsFromSession->handle()
#13 C:/xampp/htdocs/maternal-care-system/vendor/laravel/framework/src/Illuminate/Session/Middleware/StartSession.php(120): Illuminate/Pipeline/Pipeline->{closure:{closure:Illuminate/Pipeline/Pipeline::carry():194}:195}()
#14 C:/xampp/htdocs/maternal-care-system/vendor/laravel/framework/src/Illuminate/Session/Middleware/StartSession.php(63): Illuminate/Session/Middleware/StartSession->handleStatefulRequest()
#15 C:/xampp/htdocs/maternal-care-system/vendor/laravel/framework/src/Illuminate/Pipeline/Pipeline.php(219): Illuminate/Session/Middleware/StartSession->handle()
#16 C:/xampp/htdocs/maternal-care-system/vendor/laravel/framework/src/Illuminate/Cookie/Middleware/AddQueuedCookiesToResponse.php(36): Illuminate/Pipeline/Pipeline->{closure:{closure:Illuminate/Pipeline/Pipeline::carry():194}:195}()
#17 C:/xampp/htdocs/maternal-care-system/vendor/laravel/framework/src/Illuminate/Pipeline/Pipeline.php(219): Illuminate/Cookie/Middleware/AddQueuedCookiesToResponse->handle()
#18 C:/xampp/htdocs/maternal-care-system/vendor/laravel/framework/src/Illuminate/Cookie/Middleware/EncryptCookies.php(74): Illuminate/Pipeline/Pipeline->{closure:{closure:Illuminate/Pipeline/Pipeline::carry():194}:195}()
#19 C:/xampp/htdocs/maternal-care-system/vendor/laravel/framework/src/Illuminate/Pipeline/Pipeline.php(219): Illuminate/Cookie/Middleware/EncryptCookies->handle()
#20 C:/xampp/htdocs/maternal-care-system/vendor/laravel/framework/src/Illuminate/Pipeline/Pipeline.php(137): Illuminate/Pipeline/Pipeline->{closure:{closure:Illuminate/Pipeline/Pipeline::carry():194}:195}()
#21 C:/xampp/htdocs/maternal-care-system/vendor/laravel/framework/src/Illuminate/Routing/Router.php(821): Illuminate/Pipeline/Pipeline->then()
#22 C:/xampp/htdocs/maternal-care-system/vendor/laravel/framework/src/Illuminate/Routing/Router.php(800): Illuminate/Routing/Router->runRouteWithinStack()
#23 C:/xampp/htdocs/maternal-care-system/vendor/laravel/framework/src/Illuminate/Routing/Router.php(764): Illuminate/Routing/Router->runRoute()
#24 C:/xampp/htdocs/maternal-care-system/vendor/laravel/framework/src/Illuminate/Routing/Router.php(753): Illuminate/Routing/Router->dispatchToRoute()
#25 C:/xampp/htdocs/maternal-care-system/vendor/laravel/framework/src/Illuminate/Foundation/Http/Kernel.php(200): Illuminate/Routing/Router->dispatch()
#26 C:/xampp/htdocs/maternal-care-system/vendor/laravel/framework/src/Illuminate/Pipeline/Pipeline.php(180): Illuminate/Foundation/Http/Kernel->{closure:Illuminate/Foundation/Http/Kernel::dispatchToRouter():197}()
#27 C:/xampp/htdocs/maternal-care-system/vendor/laravel/framework/src/Illuminate/Foundation/Http/Middleware/TransformsRequest.php(21): Illuminate/Pipeline/Pipeline->{closure:Illuminate/Pipeline/Pipeline::prepareDestination():178}()
#28 C:/xampp/htdocs/maternal-care-system/vendor/laravel/framework/src/Illuminate/Foundation/Http/Middleware/ConvertEmptyStringsToNull.php(31): Illuminate/Foundation/Http/Middleware/TransformsRequest->handle()
#29 C:/xampp/htdocs/maternal-care-system/vendor/laravel/framework/src/Illuminate/Pipeline/Pipeline.php(219): Illuminate/Foundation/Http/Middleware/ConvertEmptyStringsToNull->handle()
#30 C:/xampp/htdocs/maternal-care-system/vendor/laravel/framework/src/Illuminate/Foundation/Http/Middleware/TransformsRequest.php(21): Illuminate/Pipeline/Pipeline->{closure:{closure:Illuminate/Pipeline/Pipeline::carry():194}:195}()
#31 C:/xampp/htdocs/maternal-care-system/vendor/laravel/framework/src/Illuminate/Foundation/Http/Middleware/TrimStrings.php(51): Illuminate/Foundation/Http/Middleware/TransformsRequest->handle()
#32 C:/xampp/htdocs/maternal-care-system/vendor/laravel/framework/src/Illuminate/Pipeline/Pipeline.php(219): Illuminate/Foundation/Http/Middleware/TrimStrings->handle()
#33 C:/xampp/htdocs/maternal-care-system/vendor/laravel/framework/src/Illuminate/Http/Middleware/ValidatePostSize.php(27): Illuminate/Pipeline/Pipeline->{closure:{closure:Illuminate/Pipeline/Pipeline::carry():194}:195}()
#34 C:/xampp/htdocs/maternal-care-system/vendor/laravel/framework/src/Illuminate/Pipeline/Pipeline.php(219): Illuminate/Http/Middleware/ValidatePostSize->handle()
#35 C:/xampp/htdocs/maternal-care-system/vendor/laravel/framework/src/Illuminate/Foundation/Http/Middleware/PreventRequestsDuringMaintenance.php(109): Illuminate/Pipeline/Pipeline->{closure:{closure:Illuminate/Pipeline/Pipeline::carry():194}:195}()
#36 C:/xampp/htdocs/maternal-care-system/vendor/laravel/framework/src/Illuminate/Pipeline/Pipeline.php(219): Illuminate/Foundation/Http/Middleware/PreventRequestsDuringMaintenance->handle()
#37 C:/xampp/htdocs/maternal-care-system/vendor/laravel/framework/src/Illuminate/Http/Middleware/HandleCors.php(61): Illuminate/Pipeline/Pipeline->{closure:{closure:Illuminate/Pipeline/Pipeline::carry():194}:195}()
#38 C:/xampp/htdocs/maternal-care-system/vendor/laravel/framework/src/Illuminate/Pipeline/Pipeline.php(219): Illuminate/Http/Middleware/HandleCors->handle()
#39 C:/xampp/htdocs/maternal-care-system/vendor/laravel/framework/src/Illuminate/Http/Middleware/TrustProxies.php(58): Illuminate/Pipeline/Pipeline->{closure:{closure:Illuminate/Pipeline/Pipeline::carry():194}:195}()
#40 C:/xampp/htdocs/maternal-care-system/vendor/laravel/framework/src/Illuminate/Pipeline/Pipeline.php(219): Illuminate/Http/Middleware/TrustProxies->handle()
#41 C:/xampp/htdocs/maternal-care-system/vendor/laravel/framework/src/Illuminate/Foundation/Http/Middleware/InvokeDeferredCallbacks.php(22): Illuminate/Pipeline/Pipeline->{closure:{closure:Illuminate/Pipeline/Pipeline::carry():194}:195}()
#42 C:/xampp/htdocs/maternal-care-system/vendor/laravel/framework/src/Illuminate/Pipeline/Pipeline.php(219): Illuminate/Foundation/Http/Middleware/InvokeDeferredCallbacks->handle()
#43 C:/xampp/htdocs/maternal-care-system/vendor/laravel/framework/src/Illuminate/Http/Middleware/ValidatePathEncoding.php(28): Illuminate/Pipeline/Pipeline->{closure:{closure:Illuminate/Pipeline/Pipeline::carry():194}:195}()
#44 C:/xampp/htdocs/maternal-care-system/vendor/laravel/framework/src/Illuminate/Pipeline/Pipeline.php(219): Illuminate/Http/Middleware/ValidatePathEncoding->handle()
#45 C:/xampp/htdocs/maternal-care-system/vendor/laravel/framework/src/Illuminate/Pipeline/Pipeline.php(137): Illuminate/Pipeline/Pipeline->{closure:{closure:Illuminate/Pipeline/Pipeline::carry():194}:195}()
#46 C:/xampp/htdocs/maternal-care-system/vendor/laravel/framework/src/Illuminate/Foundation/Http/Kernel.php(175): Illuminate/Pipeline/Pipeline->then()
#47 C:/xampp/htdocs/maternal-care-system/vendor/laravel/framework/src/Illuminate/Foundation/Http/Kernel.php(144): Illuminate/Foundation/Http/Kernel->sendRequestThroughRouter()
#48 C:/xampp/htdocs/maternal-care-system/vendor/laravel/framework/src/Illuminate/Foundation/Application.php(1220): Illuminate/Foundation/Http/Kernel->handle()
#49 C:/xampp/htdocs/maternal-care-system/public/index.php(20): Illuminate/Foundation/Application->handleRequest()
#50 C:/xampp/htdocs/maternal-care-system/vendor/laravel/framework/src/Illuminate/Foundation/resources/server.php(23): require_once('...')
#51 {main}
"} 
[2026-07-21 12:21:11] local.ERROR: Attempt to read property "id" on null {"exception":"[object] (ErrorException(code: 0): Attempt to read property \"id\" on null at C:/xampp/htdocs/maternal-care-system/app/Http/Controllers/MedicineController.php:18)
[stacktrace]
#0 C:/xampp/htdocs/maternal-care-system/vendor/laravel/framework/src/Illuminate/Foundation/Bootstrap/HandleExceptions.php(263): Illuminate/Foundation/Bootstrap/HandleExceptions->handleError()
#1 C:/xampp/htdocs/maternal-care-system/app/Http/Controllers/MedicineController.php(18): Illuminate/Foundation/Bootstrap/HandleExceptions->{closure:Illuminate/Foundation/Bootstrap/HandleExceptions::forwardsTo():262}()
#2 C:/xampp/htdocs/maternal-care-system/vendor/laravel/framework/src/Illuminate/Routing/ControllerDispatcher.php(46): App/Http/Controllers/MedicineController->index()
#3 C:/xampp/htdocs/maternal-care-system/vendor/laravel/framework/src/Illuminate/Routing/Route.php(276): Illuminate/Routing/ControllerDispatcher->dispatch()
#4 C:/xampp/htdocs/maternal-care-system/vendor/laravel/framework/src/Illuminate/Routing/Route.php(216): Illuminate/Routing/Route->runController()
#5 C:/xampp/htdocs/maternal-care-system/vendor/laravel/framework/src/Illuminate/Routing/Router.php(822): Illuminate/Routing/Route->run()
#6 C:/xampp/htdocs/maternal-care-system/vendor/laravel/framework/src/Illuminate/Pipeline/Pipeline.php(180): Illuminate/Routing/Router->{closure:Illuminate/Routing/Router::runRouteWithinStack():821}()
#7 C:/xampp/htdocs/maternal-care-system/vendor/laravel/framework/src/Illuminate/Routing/Middleware/SubstituteBindings.php(52): Illuminate/Pipeline/Pipeline->{closure:Illuminate/Pipeline/Pipeline::prepareDestination():178}()
#8 C:/xampp/htdocs/maternal-care-system/vendor/laravel/framework/src/Illuminate/Pipeline/Pipeline.php(219): Illuminate/Routing/Middleware/SubstituteBindings->handle()
#9 C:/xampp/htdocs/maternal-care-system/vendor/laravel/framework/src/Illuminate/Foundation/Http/Middleware/PreventRequestForgery.php(104): Illuminate/Pipeline/Pipeline->{closure:{closure:Illuminate/Pipeline/Pipeline::carry():194}:195}()
#10 C:/xampp/htdocs/maternal-care-system/vendor/laravel/framework/src/Illuminate/Pipeline/Pipeline.php(219): Illuminate/Foundation/Http/Middleware/PreventRequestForgery->handle()
#11 C:/xampp/htdocs/maternal-care-system/vendor/laravel/framework/src/Illuminate/View/Middleware/ShareErrorsFromSession.php(48): Illuminate/Pipeline/Pipeline->{closure:{closure:Illuminate/Pipeline/Pipeline::carry():194}:195}()
#12 C:/xampp/htdocs/maternal-care-system/vendor/laravel/framework/src/Illuminate/Pipeline/Pipeline.php(219): Illuminate/View/Middleware/ShareErrorsFromSession->handle()
#13 C:/xampp/htdocs/maternal-care-system/vendor/laravel/framework/src/Illuminate/Session/Middleware/StartSession.php(120): Illuminate/Pipeline/Pipeline->{closure:{closure:Illuminate/Pipeline/Pipeline::carry():194}:195}()
#14 C:/xampp/htdocs/maternal-care-system/vendor/laravel/framework/src/Illuminate/Session/Middleware/StartSession.php(63): Illuminate/Session/Middleware/StartSession->handleStatefulRequest()
#15 C:/xampp/htdocs/maternal-care-system/vendor/laravel/framework/src/Illuminate/Pipeline/Pipeline.php(219): Illuminate/Session/Middleware/StartSession->handle()
#16 C:/xampp/htdocs/maternal-care-system/vendor/laravel/framework/src/Illuminate/Cookie/Middleware/AddQueuedCookiesToResponse.php(36): Illuminate/Pipeline/Pipeline->{closure:{closure:Illuminate/Pipeline/Pipeline::carry():194}:195}()
#17 C:/xampp/htdocs/maternal-care-system/vendor/laravel/framework/src/Illuminate/Pipeline/Pipeline.php(219): Illuminate/Cookie/Middleware/AddQueuedCookiesToResponse->handle()
#18 C:/xampp/htdocs/maternal-care-system/vendor/laravel/framework/src/Illuminate/Cookie/Middleware/EncryptCookies.php(74): Illuminate/Pipeline/Pipeline->{closure:{closure:Illuminate/Pipeline/Pipeline::carry():194}:195}()
#19 C:/xampp/htdocs/maternal-care-system/vendor/laravel/framework/src/Illuminate/Pipeline/Pipeline.php(219): Illuminate/Cookie/Middleware/EncryptCookies->handle()
#20 C:/xampp/htdocs/maternal-care-system/vendor/laravel/framework/src/Illuminate/Pipeline/Pipeline.php(137): Illuminate/Pipeline/Pipeline->{closure:{closure:Illuminate/Pipeline/Pipeline::carry():194}:195}()
#21 C:/xampp/htdocs/maternal-care-system/vendor/laravel/framework/src/Illuminate/Routing/Router.php(821): Illuminate/Pipeline/Pipeline->then()
#22 C:/xampp/htdocs/maternal-care-system/vendor/laravel/framework/src/Illuminate/Routing/Router.php(800): Illuminate/Routing/Router->runRouteWithinStack()
#23 C:/xampp/htdocs/maternal-care-system/vendor/laravel/framework/src/Illuminate/Routing/Router.php(764): Illuminate/Routing/Router->runRoute()
#24 C:/xampp/htdocs/maternal-care-system/vendor/laravel/framework/src/Illuminate/Routing/Router.php(753): Illuminate/Routing/Router->dispatchToRoute()
#25 C:/xampp/htdocs/maternal-care-system/vendor/laravel/framework/src/Illuminate/Foundation/Http/Kernel.php(200): Illuminate/Routing/Router->dispatch()
#26 C:/xampp/htdocs/maternal-care-system/vendor/laravel/framework/src/Illuminate/Pipeline/Pipeline.php(180): Illuminate/Foundation/Http/Kernel->{closure:Illuminate/Foundation/Http/Kernel::dispatchToRouter():197}()
#27 C:/xampp/htdocs/maternal-care-system/vendor/laravel/framework/src/Illuminate/Foundation/Http/Middleware/TransformsRequest.php(21): Illuminate/Pipeline/Pipeline->{closure:Illuminate/Pipeline/Pipeline::prepareDestination():178}()
#28 C:/xampp/htdocs/maternal-care-system/vendor/laravel/framework/src/Illuminate/Foundation/Http/Middleware/ConvertEmptyStringsToNull.php(31): Illuminate/Foundation/Http/Middleware/TransformsRequest->handle()
#29 C:/xampp/htdocs/maternal-care-system/vendor/laravel/framework/src/Illuminate/Pipeline/Pipeline.php(219): Illuminate/Foundation/Http/Middleware/ConvertEmptyStringsToNull->handle()
#30 C:/xampp/htdocs/maternal-care-system/vendor/laravel/framework/src/Illuminate/Foundation/Http/Middleware/TransformsRequest.php(21): Illuminate/Pipeline/Pipeline->{closure:{closure:Illuminate/Pipeline/Pipeline::carry():194}:195}()
#31 C:/xampp/htdocs/maternal-care-system/vendor/laravel/framework/src/Illuminate/Foundation/Http/Middleware/TrimStrings.php(51): Illuminate/Foundation/Http/Middleware/TransformsRequest->handle()
#32 C:/xampp/htdocs/maternal-care-system/vendor/laravel/framework/src/Illuminate/Pipeline/Pipeline.php(219): Illuminate/Foundation/Http/Middleware/TrimStrings->handle()
#33 C:/xampp/htdocs/maternal-care-system/vendor/laravel/framework/src/Illuminate/Http/Middleware/ValidatePostSize.php(27): Illuminate/Pipeline/Pipeline->{closure:{closure:Illuminate/Pipeline/Pipeline::carry():194}:195}()
#34 C:/xampp/htdocs/maternal-care-system/vendor/laravel/framework/src/Illuminate/Pipeline/Pipeline.php(219): Illuminate/Http/Middleware/ValidatePostSize->handle()
#35 C:/xampp/htdocs/maternal-care-system/vendor/laravel/framework/src/Illuminate/Foundation/Http/Middleware/PreventRequestsDuringMaintenance.php(109): Illuminate/Pipeline/Pipeline->{closure:{closure:Illuminate/Pipeline/Pipeline::carry():194}:195}()
#36 C:/xampp/htdocs/maternal-care-system/vendor/laravel/framework/src/Illuminate/Pipeline/Pipeline.php(219): Illuminate/Foundation/Http/Middleware/PreventRequestsDuringMaintenance->handle()
#37 C:/xampp/htdocs/maternal-care-system/vendor/laravel/framework/src/Illuminate/Http/Middleware/HandleCors.php(61): Illuminate/Pipeline/Pipeline->{closure:{closure:Illuminate/Pipeline/Pipeline::carry():194}:195}()
#38 C:/xampp/htdocs/maternal-care-system/vendor/laravel/framework/src/Illuminate/Pipeline/Pipeline.php(219): Illuminate/Http/Middleware/HandleCors->handle()
#39 C:/xampp/htdocs/maternal-care-system/vendor/laravel/framework/src/Illuminate/Http/Middleware/TrustProxies.php(58): Illuminate/Pipeline/Pipeline->{closure:{closure:Illuminate/Pipeline/Pipeline::carry():194}:195}()
#40 C:/xampp/htdocs/maternal-care-system/vendor/laravel/framework/src/Illuminate/Pipeline/Pipeline.php(219): Illuminate/Http/Middleware/TrustProxies->handle()
#41 C:/xampp/htdocs/maternal-care-system/vendor/laravel/framework/src/Illuminate/Foundation/Http/Middleware/InvokeDeferredCallbacks.php(22): Illuminate/Pipeline/Pipeline->{closure:{closure:Illuminate/Pipeline/Pipeline::carry():194}:195}()
#42 C:/xampp/htdocs/maternal-care-system/vendor/laravel/framework/src/Illuminate/Pipeline/Pipeline.php(219): Illuminate/Foundation/Http/Middleware/InvokeDeferredCallbacks->handle()
#43 C:/xampp/htdocs/maternal-care-system/vendor/laravel/framework/src/Illuminate/Http/Middleware/ValidatePathEncoding.php(28): Illuminate/Pipeline/Pipeline->{closure:{closure:Illuminate/Pipeline/Pipeline::carry():194}:195}()
#44 C:/xampp/htdocs/maternal-care-system/vendor/laravel/framework/src/Illuminate/Pipeline/Pipeline.php(219): Illuminate/Http/Middleware/ValidatePathEncoding->handle()
#45 C:/xampp/htdocs/maternal-care-system/vendor/laravel/framework/src/Illuminate/Pipeline/Pipeline.php(137): Illuminate/Pipeline/Pipeline->{closure:{closure:Illuminate/Pipeline/Pipeline::carry():194}:195}()
#46 C:/xampp/htdocs/maternal-care-system/vendor/laravel/framework/src/Illuminate/Foundation/Http/Kernel.php(175): Illuminate/Pipeline/Pipeline->then()
#47 C:/xampp/htdocs/maternal-care-system/vendor/laravel/framework/src/Illuminate/Foundation/Http/Kernel.php(144): Illuminate/Foundation/Http/Kernel->sendRequestThroughRouter()
#48 C:/xampp/htdocs/maternal-care-system/vendor/laravel/framework/src/Illuminate/Foundation/Application.php(1220): Illuminate/Foundation/Http/Kernel->handle()
#49 C:/xampp/htdocs/maternal-care-system/public/index.php(20): Illuminate/Foundation/Application->handleRequest()
#50 C:/xampp/htdocs/maternal-care-system/vendor/laravel/framework/src/Illuminate/Foundation/resources/server.php(23): require_once('...')
#51 {main}
"} 
[2026-07-21 12:21:21] local.ERROR: Attempt to read property "id" on null {"exception":"[object] (ErrorException(code: 0): Attempt to read property \"id\" on null at C:/xampp/htdocs/maternal-care-system/app/Http/Controllers/MotherController.php:20)
[stacktrace]
#0 C:/xampp/htdocs/maternal-care-system/vendor/laravel/framework/src/Illuminate/Foundation/Bootstrap/HandleExceptions.php(263): Illuminate/Foundation/Bootstrap/HandleExceptions->handleError()
#1 C:/xampp/htdocs/maternal-care-system/app/Http/Controllers/MotherController.php(20): Illuminate/Foundation/Bootstrap/HandleExceptions->{closure:Illuminate/Foundation/Bootstrap/HandleExceptions::forwardsTo():262}()
#2 C:/xampp/htdocs/maternal-care-system/vendor/laravel/framework/src/Illuminate/Routing/ControllerDispatcher.php(46): App/Http/Controllers/MotherController->index()
#3 C:/xampp/htdocs/maternal-care-system/vendor/laravel/framework/src/Illuminate/Routing/Route.php(276): Illuminate/Routing/ControllerDispatcher->dispatch()
#4 C:/xampp/htdocs/maternal-care-system/vendor/laravel/framework/src/Illuminate/Routing/Route.php(216): Illuminate/Routing/Route->runController()
#5 C:/xampp/htdocs/maternal-care-system/vendor/laravel/framework/src/Illuminate/Routing/Router.php(822): Illuminate/Routing/Route->run()
#6 C:/xampp/htdocs/maternal-care-system/vendor/laravel/framework/src/Illuminate/Pipeline/Pipeline.php(180): Illuminate/Routing/Router->{closure:Illuminate/Routing/Router::runRouteWithinStack():821}()
#7 C:/xampp/htdocs/maternal-care-system/vendor/laravel/framework/src/Illuminate/Routing/Middleware/SubstituteBindings.php(52): Illuminate/Pipeline/Pipeline->{closure:Illuminate/Pipeline/Pipeline::prepareDestination():178}()
#8 C:/xampp/htdocs/maternal-care-system/vendor/laravel/framework/src/Illuminate/Pipeline/Pipeline.php(219): Illuminate/Routing/Middleware/SubstituteBindings->handle()
#9 C:/xampp/htdocs/maternal-care-system/vendor/laravel/framework/src/Illuminate/Foundation/Http/Middleware/PreventRequestForgery.php(104): Illuminate/Pipeline/Pipeline->{closure:{closure:Illuminate/Pipeline/Pipeline::carry():194}:195}()
#10 C:/xampp/htdocs/maternal-care-system/vendor/laravel/framework/src/Illuminate/Pipeline/Pipeline.php(219): Illuminate/Foundation/Http/Middleware/PreventRequestForgery->handle()
#11 C:/xampp/htdocs/maternal-care-system/vendor/laravel/framework/src/Illuminate/View/Middleware/ShareErrorsFromSession.php(48): Illuminate/Pipeline/Pipeline->{closure:{closure:Illuminate/Pipeline/Pipeline::carry():194}:195}()
#12 C:/xampp/htdocs/maternal-care-system/vendor/laravel/framework/src/Illuminate/Pipeline/Pipeline.php(219): Illuminate/View/Middleware/ShareErrorsFromSession->handle()
#13 C:/xampp/htdocs/maternal-care-system/vendor/laravel/framework/src/Illuminate/Session/Middleware/StartSession.php(120): Illuminate/Pipeline/Pipeline->{closure:{closure:Illuminate/Pipeline/Pipeline::carry():194}:195}()
#14 C:/xampp/htdocs/maternal-care-system/vendor/laravel/framework/src/Illuminate/Session/Middleware/StartSession.php(63): Illuminate/Session/Middleware/StartSession->handleStatefulRequest()
#15 C:/xampp/htdocs/maternal-care-system/vendor/laravel/framework/src/Illuminate/Pipeline/Pipeline.php(219): Illuminate/Session/Middleware/StartSession->handle()
#16 C:/xampp/htdocs/maternal-care-system/vendor/laravel/framework/src/Illuminate/Cookie/Middleware/AddQueuedCookiesToResponse.php(36): Illuminate/Pipeline/Pipeline->{closure:{closure:Illuminate/Pipeline/Pipeline::carry():194}:195}()
#17 C:/xampp/htdocs/maternal-care-system/vendor/laravel/framework/src/Illuminate/Pipeline/Pipeline.php(219): Illuminate/Cookie/Middleware/AddQueuedCookiesToResponse->handle()
#18 C:/xampp/htdocs/maternal-care-system/vendor/laravel/framework/src/Illuminate/Cookie/Middleware/EncryptCookies.php(74): Illuminate/Pipeline/Pipeline->{closure:{closure:Illuminate/Pipeline/Pipeline::carry():194}:195}()
#19 C:/xampp/htdocs/maternal-care-system/vendor/laravel/framework/src/Illuminate/Pipeline/Pipeline.php(219): Illuminate/Cookie/Middleware/EncryptCookies->handle()
#20 C:/xampp/htdocs/maternal-care-system/vendor/laravel/framework/src/Illuminate/Pipeline/Pipeline.php(137): Illuminate/Pipeline/Pipeline->{closure:{closure:Illuminate/Pipeline/Pipeline::carry():194}:195}()
#21 C:/xampp/htdocs/maternal-care-system/vendor/laravel/framework/src/Illuminate/Routing/Router.php(821): Illuminate/Pipeline/Pipeline->then()
#22 C:/xampp/htdocs/maternal-care-system/vendor/laravel/framework/src/Illuminate/Routing/Router.php(800): Illuminate/Routing/Router->runRouteWithinStack()
#23 C:/xampp/htdocs/maternal-care-system/vendor/laravel/framework/src/Illuminate/Routing/Router.php(764): Illuminate/Routing/Router->runRoute()
#24 C:/xampp/htdocs/maternal-care-system/vendor/laravel/framework/src/Illuminate/Routing/Router.php(753): Illuminate/Routing/Router->dispatchToRoute()
#25 C:/xampp/htdocs/maternal-care-system/vendor/laravel/framework/src/Illuminate/Foundation/Http/Kernel.php(200): Illuminate/Routing/Router->dispatch()
#26 C:/xampp/htdocs/maternal-care-system/vendor/laravel/framework/src/Illuminate/Pipeline/Pipeline.php(180): Illuminate/Foundation/Http/Kernel->{closure:Illuminate/Foundation/Http/Kernel::dispatchToRouter():197}()
#27 C:/xampp/htdocs/maternal-care-system/vendor/laravel/framework/src/Illuminate/Foundation/Http/Middleware/TransformsRequest.php(21): Illuminate/Pipeline/Pipeline->{closure:Illuminate/Pipeline/Pipeline::prepareDestination():178}()
#28 C:/xampp/htdocs/maternal-care-system/vendor/laravel/framework/src/Illuminate/Foundation/Http/Middleware/ConvertEmptyStringsToNull.php(31): Illuminate/Foundation/Http/Middleware/TransformsRequest->handle()
#29 C:/xampp/htdocs/maternal-care-system/vendor/laravel/framework/src/Illuminate/Pipeline/Pipeline.php(219): Illuminate/Foundation/Http/Middleware/ConvertEmptyStringsToNull->handle()
#30 C:/xampp/htdocs/maternal-care-system/vendor/laravel/framework/src/Illuminate/Foundation/Http/Middleware/TransformsRequest.php(21): Illuminate/Pipeline/Pipeline->{closure:{closure:Illuminate/Pipeline/Pipeline::carry():194}:195}()
#31 C:/xampp/htdocs/maternal-care-system/vendor/laravel/framework/src/Illuminate/Foundation/Http/Middleware/TrimStrings.php(51): Illuminate/Foundation/Http/Middleware/TransformsRequest->handle()
#32 C:/xampp/htdocs/maternal-care-system/vendor/laravel/framework/src/Illuminate/Pipeline/Pipeline.php(219): Illuminate/Foundation/Http/Middleware/TrimStrings->handle()
#33 C:/xampp/htdocs/maternal-care-system/vendor/laravel/framework/src/Illuminate/Http/Middleware/ValidatePostSize.php(27): Illuminate/Pipeline/Pipeline->{closure:{closure:Illuminate/Pipeline/Pipeline::carry():194}:195}()
#34 C:/xampp/htdocs/maternal-care-system/vendor/laravel/framework/src/Illuminate/Pipeline/Pipeline.php(219): Illuminate/Http/Middleware/ValidatePostSize->handle()
#35 C:/xampp/htdocs/maternal-care-system/vendor/laravel/framework/src/Illuminate/Foundation/Http/Middleware/PreventRequestsDuringMaintenance.php(109): Illuminate/Pipeline/Pipeline->{closure:{closure:Illuminate/Pipeline/Pipeline::carry():194}:195}()
#36 C:/xampp/htdocs/maternal-care-system/vendor/laravel/framework/src/Illuminate/Pipeline/Pipeline.php(219): Illuminate/Foundation/Http/Middleware/PreventRequestsDuringMaintenance->handle()
#37 C:/xampp/htdocs/maternal-care-system/vendor/laravel/framework/src/Illuminate/Http/Middleware/HandleCors.php(61): Illuminate/Pipeline/Pipeline->{closure:{closure:Illuminate/Pipeline/Pipeline::carry():194}:195}()
#38 C:/xampp/htdocs/maternal-care-system/vendor/laravel/framework/src/Illuminate/Pipeline/Pipeline.php(219): Illuminate/Http/Middleware/HandleCors->handle()
#39 C:/xampp/htdocs/maternal-care-system/vendor/laravel/framework/src/Illuminate/Http/Middleware/TrustProxies.php(58): Illuminate/Pipeline/Pipeline->{closure:{closure:Illuminate/Pipeline/Pipeline::carry():194}:195}()
#40 C:/xampp/htdocs/maternal-care-system/vendor/laravel/framework/src/Illuminate/Pipeline/Pipeline.php(219): Illuminate/Http/Middleware/TrustProxies->handle()
#41 C:/xampp/htdocs/maternal-care-system/vendor/laravel/framework/src/Illuminate/Foundation/Http/Middleware/InvokeDeferredCallbacks.php(22): Illuminate/Pipeline/Pipeline->{closure:{closure:Illuminate/Pipeline/Pipeline::carry():194}:195}()
#42 C:/xampp/htdocs/maternal-care-system/vendor/laravel/framework/src/Illuminate/Pipeline/Pipeline.php(219): Illuminate/Foundation/Http/Middleware/InvokeDeferredCallbacks->handle()
#43 C:/xampp/htdocs/maternal-care-system/vendor/laravel/framework/src/Illuminate/Http/Middleware/ValidatePathEncoding.php(28): Illuminate/Pipeline/Pipeline->{closure:{closure:Illuminate/Pipeline/Pipeline::carry():194}:195}()
#44 C:/xampp/htdocs/maternal-care-system/vendor/laravel/framework/src/Illuminate/Pipeline/Pipeline.php(219): Illuminate/Http/Middleware/ValidatePathEncoding->handle()
#45 C:/xampp/htdocs/maternal-care-system/vendor/laravel/framework/src/Illuminate/Pipeline/Pipeline.php(137): Illuminate/Pipeline/Pipeline->{closure:{closure:Illuminate/Pipeline/Pipeline::carry():194}:195}()
#46 C:/xampp/htdocs/maternal-care-system/vendor/laravel/framework/src/Illuminate/Foundation/Http/Kernel.php(175): Illuminate/Pipeline/Pipeline->then()
#47 C:/xampp/htdocs/maternal-care-system/vendor/laravel/framework/src/Illuminate/Foundation/Http/Kernel.php(144): Illuminate/Foundation/Http/Kernel->sendRequestThroughRouter()
#48 C:/xampp/htdocs/maternal-care-system/vendor/laravel/framework/src/Illuminate/Foundation/Application.php(1220): Illuminate/Foundation/Http/Kernel->handle()
#49 C:/xampp/htdocs/maternal-care-system/public/index.php(20): Illuminate/Foundation/Application->handleRequest()
#50 C:/xampp/htdocs/maternal-care-system/vendor/laravel/framework/src/Illuminate/Foundation/resources/server.php(23): require_once('...')
#51 {main}
"} 
[2026-07-21 12:21:26] local.ERROR: Attempt to read property "id" on null {"exception":"[object] (ErrorException(code: 0): Attempt to read property \"id\" on null at C:/xampp/htdocs/maternal-care-system/app/Http/Controllers/VisitController.php:17)
[stacktrace]
#0 C:/xampp/htdocs/maternal-care-system/vendor/laravel/framework/src/Illuminate/Foundation/Bootstrap/HandleExceptions.php(263): Illuminate/Foundation/Bootstrap/HandleExceptions->handleError()
#1 C:/xampp/htdocs/maternal-care-system/app/Http/Controllers/VisitController.php(17): Illuminate/Foundation/Bootstrap/HandleExceptions->{closure:Illuminate/Foundation/Bootstrap/HandleExceptions::forwardsTo():262}()
#2 C:/xampp/htdocs/maternal-care-system/vendor/laravel/framework/src/Illuminate/Routing/ControllerDispatcher.php(46): App/Http/Controllers/VisitController->index()
#3 C:/xampp/htdocs/maternal-care-system/vendor/laravel/framework/src/Illuminate/Routing/Route.php(276): Illuminate/Routing/ControllerDispatcher->dispatch()
#4 C:/xampp/htdocs/maternal-care-system/vendor/laravel/framework/src/Illuminate/Routing/Route.php(216): Illuminate/Routing/Route->runController()
#5 C:/xampp/htdocs/maternal-care-system/vendor/laravel/framework/src/Illuminate/Routing/Router.php(822): Illuminate/Routing/Route->run()
#6 C:/xampp/htdocs/maternal-care-system/vendor/laravel/framework/src/Illuminate/Pipeline/Pipeline.php(180): Illuminate/Routing/Router->{closure:Illuminate/Routing/Router::runRouteWithinStack():821}()
#7 C:/xampp/htdocs/maternal-care-system/vendor/laravel/framework/src/Illuminate/Routing/Middleware/SubstituteBindings.php(52): Illuminate/Pipeline/Pipeline->{closure:Illuminate/Pipeline/Pipeline::prepareDestination():178}()
#8 C:/xampp/htdocs/maternal-care-system/vendor/laravel/framework/src/Illuminate/Pipeline/Pipeline.php(219): Illuminate/Routing/Middleware/SubstituteBindings->handle()
#9 C:/xampp/htdocs/maternal-care-system/vendor/laravel/framework/src/Illuminate/Foundation/Http/Middleware/PreventRequestForgery.php(104): Illuminate/Pipeline/Pipeline->{closure:{closure:Illuminate/Pipeline/Pipeline::carry():194}:195}()
#10 C:/xampp/htdocs/maternal-care-system/vendor/laravel/framework/src/Illuminate/Pipeline/Pipeline.php(219): Illuminate/Foundation/Http/Middleware/PreventRequestForgery->handle()
#11 C:/xampp/htdocs/maternal-care-system/vendor/laravel/framework/src/Illuminate/View/Middleware/ShareErrorsFromSession.php(48): Illuminate/Pipeline/Pipeline->{closure:{closure:Illuminate/Pipeline/Pipeline::carry():194}:195}()
#12 C:/xampp/htdocs/maternal-care-system/vendor/laravel/framework/src/Illuminate/Pipeline/Pipeline.php(219): Illuminate/View/Middleware/ShareErrorsFromSession->handle()
#13 C:/xampp/htdocs/maternal-care-system/vendor/laravel/framework/src/Illuminate/Session/Middleware/StartSession.php(120): Illuminate/Pipeline/Pipeline->{closure:{closure:Illuminate/Pipeline/Pipeline::carry():194}:195}()
#14 C:/xampp/htdocs/maternal-care-system/vendor/laravel/framework/src/Illuminate/Session/Middleware/StartSession.php(63): Illuminate/Session/Middleware/StartSession->handleStatefulRequest()
#15 C:/xampp/htdocs/maternal-care-system/vendor/laravel/framework/src/Illuminate/Pipeline/Pipeline.php(219): Illuminate/Session/Middleware/StartSession->handle()
#16 C:/xampp/htdocs/maternal-care-system/vendor/laravel/framework/src/Illuminate/Cookie/Middleware/AddQueuedCookiesToResponse.php(36): Illuminate/Pipeline/Pipeline->{closure:{closure:Illuminate/Pipeline/Pipeline::carry():194}:195}()
#17 C:/xampp/htdocs/maternal-care-system/vendor/laravel/framework/src/Illuminate/Pipeline/Pipeline.php(219): Illuminate/Cookie/Middleware/AddQueuedCookiesToResponse->handle()
#18 C:/xampp/htdocs/maternal-care-system/vendor/laravel/framework/src/Illuminate/Cookie/Middleware/EncryptCookies.php(74): Illuminate/Pipeline/Pipeline->{closure:{closure:Illuminate/Pipeline/Pipeline::carry():194}:195}()
#19 C:/xampp/htdocs/maternal-care-system/vendor/laravel/framework/src/Illuminate/Pipeline/Pipeline.php(219): Illuminate/Cookie/Middleware/EncryptCookies->handle()
#20 C:/xampp/htdocs/maternal-care-system/vendor/laravel/framework/src/Illuminate/Pipeline/Pipeline.php(137): Illuminate/Pipeline/Pipeline->{closure:{closure:Illuminate/Pipeline/Pipeline::carry():194}:195}()
#21 C:/xampp/htdocs/maternal-care-system/vendor/laravel/framework/src/Illuminate/Routing/Router.php(821): Illuminate/Pipeline/Pipeline->then()
#22 C:/xampp/htdocs/maternal-care-system/vendor/laravel/framework/src/Illuminate/Routing/Router.php(800): Illuminate/Routing/Router->runRouteWithinStack()
#23 C:/xampp/htdocs/maternal-care-system/vendor/laravel/framework/src/Illuminate/Routing/Router.php(764): Illuminate/Routing/Router->runRoute()
#24 C:/xampp/htdocs/maternal-care-system/vendor/laravel/framework/src/Illuminate/Routing/Router.php(753): Illuminate/Routing/Router->dispatchToRoute()
#25 C:/xampp/htdocs/maternal-care-system/vendor/laravel/framework/src/Illuminate/Foundation/Http/Kernel.php(200): Illuminate/Routing/Router->dispatch()
#26 C:/xampp/htdocs/maternal-care-system/vendor/laravel/framework/src/Illuminate/Pipeline/Pipeline.php(180): Illuminate/Foundation/Http/Kernel->{closure:Illuminate/Foundation/Http/Kernel::dispatchToRouter():197}()
#27 C:/xampp/htdocs/maternal-care-system/vendor/laravel/framework/src/Illuminate/Foundation/Http/Middleware/TransformsRequest.php(21): Illuminate/Pipeline/Pipeline->{closure:Illuminate/Pipeline/Pipeline::prepareDestination():178}()
#28 C:/xampp/htdocs/maternal-care-system/vendor/laravel/framework/src/Illuminate/Foundation/Http/Middleware/ConvertEmptyStringsToNull.php(31): Illuminate/Foundation/Http/Middleware/TransformsRequest->handle()
#29 C:/xampp/htdocs/maternal-care-system/vendor/laravel/framework/src/Illuminate/Pipeline/Pipeline.php(219): Illuminate/Foundation/Http/Middleware/ConvertEmptyStringsToNull->handle()
#30 C:/xampp/htdocs/maternal-care-system/vendor/laravel/framework/src/Illuminate/Foundation/Http/Middleware/TransformsRequest.php(21): Illuminate/Pipeline/Pipeline->{closure:{closure:Illuminate/Pipeline/Pipeline::carry():194}:195}()
#31 C:/xampp/htdocs/maternal-care-system/vendor/laravel/framework/src/Illuminate/Foundation/Http/Middleware/TrimStrings.php(51): Illuminate/Foundation/Http/Middleware/TransformsRequest->handle()
#32 C:/xampp/htdocs/maternal-care-system/vendor/laravel/framework/src/Illuminate/Pipeline/Pipeline.php(219): Illuminate/Foundation/Http/Middleware/TrimStrings->handle()
#33 C:/xampp/htdocs/maternal-care-system/vendor/laravel/framework/src/Illuminate/Http/Middleware/ValidatePostSize.php(27): Illuminate/Pipeline/Pipeline->{closure:{closure:Illuminate/Pipeline/Pipeline::carry():194}:195}()
#34 C:/xampp/htdocs/maternal-care-system/vendor/laravel/framework/src/Illuminate/Pipeline/Pipeline.php(219): Illuminate/Http/Middleware/ValidatePostSize->handle()
#35 C:/xampp/htdocs/maternal-care-system/vendor/laravel/framework/src/Illuminate/Foundation/Http/Middleware/PreventRequestsDuringMaintenance.php(109): Illuminate/Pipeline/Pipeline->{closure:{closure:Illuminate/Pipeline/Pipeline::carry():194}:195}()
#36 C:/xampp/htdocs/maternal-care-system/vendor/laravel/framework/src/Illuminate/Pipeline/Pipeline.php(219): Illuminate/Foundation/Http/Middleware/PreventRequestsDuringMaintenance->handle()
#37 C:/xampp/htdocs/maternal-care-system/vendor/laravel/framework/src/Illuminate/Http/Middleware/HandleCors.php(61): Illuminate/Pipeline/Pipeline->{closure:{closure:Illuminate/Pipeline/Pipeline::carry():194}:195}()
#38 C:/xampp/htdocs/maternal-care-system/vendor/laravel/framework/src/Illuminate/Pipeline/Pipeline.php(219): Illuminate/Http/Middleware/HandleCors->handle()
#39 C:/xampp/htdocs/maternal-care-system/vendor/laravel/framework/src/Illuminate/Http/Middleware/TrustProxies.php(58): Illuminate/Pipeline/Pipeline->{closure:{closure:Illuminate/Pipeline/Pipeline::carry():194}:195}()
#40 C:/xampp/htdocs/maternal-care-system/vendor/laravel/framework/src/Illuminate/Pipeline/Pipeline.php(219): Illuminate/Http/Middleware/TrustProxies->handle()
#41 C:/xampp/htdocs/maternal-care-system/vendor/laravel/framework/src/Illuminate/Foundation/Http/Middleware/InvokeDeferredCallbacks.php(22): Illuminate/Pipeline/Pipeline->{closure:{closure:Illuminate/Pipeline/Pipeline::carry():194}:195}()
#42 C:/xampp/htdocs/maternal-care-system/vendor/laravel/framework/src/Illuminate/Pipeline/Pipeline.php(219): Illuminate/Foundation/Http/Middleware/InvokeDeferredCallbacks->handle()
#43 C:/xampp/htdocs/maternal-care-system/vendor/laravel/framework/src/Illuminate/Http/Middleware/ValidatePathEncoding.php(28): Illuminate/Pipeline/Pipeline->{closure:{closure:Illuminate/Pipeline/Pipeline::carry():194}:195}()
#44 C:/xampp/htdocs/maternal-care-system/vendor/laravel/framework/src/Illuminate/Pipeline/Pipeline.php(219): Illuminate/Http/Middleware/ValidatePathEncoding->handle()
#45 C:/xampp/htdocs/maternal-care-system/vendor/laravel/framework/src/Illuminate/Pipeline/Pipeline.php(137): Illuminate/Pipeline/Pipeline->{closure:{closure:Illuminate/Pipeline/Pipeline::carry():194}:195}()
#46 C:/xampp/htdocs/maternal-care-system/vendor/laravel/framework/src/Illuminate/Foundation/Http/Kernel.php(175): Illuminate/Pipeline/Pipeline->then()
#47 C:/xampp/htdocs/maternal-care-system/vendor/laravel/framework/src/Illuminate/Foundation/Http/Kernel.php(144): Illuminate/Foundation/Http/Kernel->sendRequestThroughRouter()
#48 C:/xampp/htdocs/maternal-care-system/vendor/laravel/framework/src/Illuminate/Foundation/Application.php(1220): Illuminate/Foundation/Http/Kernel->handle()
#49 C:/xampp/htdocs/maternal-care-system/public/index.php(20): Illuminate/Foundation/Application->handleRequest()
#50 C:/xampp/htdocs/maternal-care-system/vendor/laravel/framework/src/Illuminate/Foundation/resources/server.php(23): require_once('...')
#51 {main}
"} 
[2026-07-21 14:49:37] local.ERROR: Attempt to read property "id" on null {"exception":"[object] (ErrorException(code: 0): Attempt to read property \"id\" on null at C:/xampp/htdocs/maternal-care-system/app/Http/Controllers/MedicineController.php:18)
[stacktrace]
#0 C:/xampp/htdocs/maternal-care-system/vendor/laravel/framework/src/Illuminate/Foundation/Bootstrap/HandleExceptions.php(263): Illuminate/Foundation/Bootstrap/HandleExceptions->handleError()
#1 C:/xampp/htdocs/maternal-care-system/app/Http/Controllers/MedicineController.php(18): Illuminate/Foundation/Bootstrap/HandleExceptions->{closure:Illuminate/Foundation/Bootstrap/HandleExceptions::forwardsTo():262}()
#2 C:/xampp/htdocs/maternal-care-system/vendor/laravel/framework/src/Illuminate/Routing/ControllerDispatcher.php(46): App/Http/Controllers/MedicineController->index()
#3 C:/xampp/htdocs/maternal-care-system/vendor/laravel/framework/src/Illuminate/Routing/Route.php(276): Illuminate/Routing/ControllerDispatcher->dispatch()
#4 C:/xampp/htdocs/maternal-care-system/vendor/laravel/framework/src/Illuminate/Routing/Route.php(216): Illuminate/Routing/Route->runController()
#5 C:/xampp/htdocs/maternal-care-system/vendor/laravel/framework/src/Illuminate/Routing/Router.php(822): Illuminate/Routing/Route->run()
#6 C:/xampp/htdocs/maternal-care-system/vendor/laravel/framework/src/Illuminate/Pipeline/Pipeline.php(180): Illuminate/Routing/Router->{closure:Illuminate/Routing/Router::runRouteWithinStack():821}()
#7 C:/xampp/htdocs/maternal-care-system/vendor/laravel/framework/src/Illuminate/Routing/Middleware/SubstituteBindings.php(52): Illuminate/Pipeline/Pipeline->{closure:Illuminate/Pipeline/Pipeline::prepareDestination():178}()
#8 C:/xampp/htdocs/maternal-care-system/vendor/laravel/framework/src/Illuminate/Pipeline/Pipeline.php(219): Illuminate/Routing/Middleware/SubstituteBindings->handle()
#9 C:/xampp/htdocs/maternal-care-system/vendor/laravel/framework/src/Illuminate/Foundation/Http/Middleware/PreventRequestForgery.php(104): Illuminate/Pipeline/Pipeline->{closure:{closure:Illuminate/Pipeline/Pipeline::carry():194}:195}()
#10 C:/xampp/htdocs/maternal-care-system/vendor/laravel/framework/src/Illuminate/Pipeline/Pipeline.php(219): Illuminate/Foundation/Http/Middleware/PreventRequestForgery->handle()
#11 C:/xampp/htdocs/maternal-care-system/vendor/laravel/framework/src/Illuminate/View/Middleware/ShareErrorsFromSession.php(48): Illuminate/Pipeline/Pipeline->{closure:{closure:Illuminate/Pipeline/Pipeline::carry():194}:195}()
#12 C:/xampp/htdocs/maternal-care-system/vendor/laravel/framework/src/Illuminate/Pipeline/Pipeline.php(219): Illuminate/View/Middleware/ShareErrorsFromSession->handle()
#13 C:/xampp/htdocs/maternal-care-system/vendor/laravel/framework/src/Illuminate/Session/Middleware/StartSession.php(120): Illuminate/Pipeline/Pipeline->{closure:{closure:Illuminate/Pipeline/Pipeline::carry():194}:195}()
#14 C:/xampp/htdocs/maternal-care-system/vendor/laravel/framework/src/Illuminate/Session/Middleware/StartSession.php(63): Illuminate/Session/Middleware/StartSession->handleStatefulRequest()
#15 C:/xampp/htdocs/maternal-care-system/vendor/laravel/framework/src/Illuminate/Pipeline/Pipeline.php(219): Illuminate/Session/Middleware/StartSession->handle()
#16 C:/xampp/htdocs/maternal-care-system/vendor/laravel/framework/src/Illuminate/Cookie/Middleware/AddQueuedCookiesToResponse.php(36): Illuminate/Pipeline/Pipeline->{closure:{closure:Illuminate/Pipeline/Pipeline::carry():194}:195}()
#17 C:/xampp/htdocs/maternal-care-system/vendor/laravel/framework/src/Illuminate/Pipeline/Pipeline.php(219): Illuminate/Cookie/Middleware/AddQueuedCookiesToResponse->handle()
#18 C:/xampp/htdocs/maternal-care-system/vendor/laravel/framework/src/Illuminate/Cookie/Middleware/EncryptCookies.php(74): Illuminate/Pipeline/Pipeline->{closure:{closure:Illuminate/Pipeline/Pipeline::carry():194}:195}()
#19 C:/xampp/htdocs/maternal-care-system/vendor/laravel/framework/src/Illuminate/Pipeline/Pipeline.php(219): Illuminate/Cookie/Middleware/EncryptCookies->handle()
#20 C:/xampp/htdocs/maternal-care-system/vendor/laravel/framework/src/Illuminate/Pipeline/Pipeline.php(137): Illuminate/Pipeline/Pipeline->{closure:{closure:Illuminate/Pipeline/Pipeline::carry():194}:195}()
#21 C:/xampp/htdocs/maternal-care-system/vendor/laravel/framework/src/Illuminate/Routing/Router.php(821): Illuminate/Pipeline/Pipeline->then()
#22 C:/xampp/htdocs/maternal-care-system/vendor/laravel/framework/src/Illuminate/Routing/Router.php(800): Illuminate/Routing/Router->runRouteWithinStack()
#23 C:/xampp/htdocs/maternal-care-system/vendor/laravel/framework/src/Illuminate/Routing/Router.php(764): Illuminate/Routing/Router->runRoute()
#24 C:/xampp/htdocs/maternal-care-system/vendor/laravel/framework/src/Illuminate/Routing/Router.php(753): Illuminate/Routing/Router->dispatchToRoute()
#25 C:/xampp/htdocs/maternal-care-system/vendor/laravel/framework/src/Illuminate/Foundation/Http/Kernel.php(200): Illuminate/Routing/Router->dispatch()
#26 C:/xampp/htdocs/maternal-care-system/vendor/laravel/framework/src/Illuminate/Pipeline/Pipeline.php(180): Illuminate/Foundation/Http/Kernel->{closure:Illuminate/Foundation/Http/Kernel::dispatchToRouter():197}()
#27 C:/xampp/htdocs/maternal-care-system/vendor/laravel/framework/src/Illuminate/Foundation/Http/Middleware/TransformsRequest.php(21): Illuminate/Pipeline/Pipeline->{closure:Illuminate/Pipeline/Pipeline::prepareDestination():178}()
#28 C:/xampp/htdocs/maternal-care-system/vendor/laravel/framework/src/Illuminate/Foundation/Http/Middleware/ConvertEmptyStringsToNull.php(31): Illuminate/Foundation/Http/Middleware/TransformsRequest->handle()
#29 C:/xampp/htdocs/maternal-care-system/vendor/laravel/framework/src/Illuminate/Pipeline/Pipeline.php(219): Illuminate/Foundation/Http/Middleware/ConvertEmptyStringsToNull->handle()
#30 C:/xampp/htdocs/maternal-care-system/vendor/laravel/framework/src/Illuminate/Foundation/Http/Middleware/TransformsRequest.php(21): Illuminate/Pipeline/Pipeline->{closure:{closure:Illuminate/Pipeline/Pipeline::carry():194}:195}()
#31 C:/xampp/htdocs/maternal-care-system/vendor/laravel/framework/src/Illuminate/Foundation/Http/Middleware/TrimStrings.php(51): Illuminate/Foundation/Http/Middleware/TransformsRequest->handle()
#32 C:/xampp/htdocs/maternal-care-system/vendor/laravel/framework/src/Illuminate/Pipeline/Pipeline.php(219): Illuminate/Foundation/Http/Middleware/TrimStrings->handle()
#33 C:/xampp/htdocs/maternal-care-system/vendor/laravel/framework/src/Illuminate/Http/Middleware/ValidatePostSize.php(27): Illuminate/Pipeline/Pipeline->{closure:{closure:Illuminate/Pipeline/Pipeline::carry():194}:195}()
#34 C:/xampp/htdocs/maternal-care-system/vendor/laravel/framework/src/Illuminate/Pipeline/Pipeline.php(219): Illuminate/Http/Middleware/ValidatePostSize->handle()
#35 C:/xampp/htdocs/maternal-care-system/vendor/laravel/framework/src/Illuminate/Foundation/Http/Middleware/PreventRequestsDuringMaintenance.php(109): Illuminate/Pipeline/Pipeline->{closure:{closure:Illuminate/Pipeline/Pipeline::carry():194}:195}()
#36 C:/xampp/htdocs/maternal-care-system/vendor/laravel/framework/src/Illuminate/Pipeline/Pipeline.php(219): Illuminate/Foundation/Http/Middleware/PreventRequestsDuringMaintenance->handle()
#37 C:/xampp/htdocs/maternal-care-system/vendor/laravel/framework/src/Illuminate/Http/Middleware/HandleCors.php(61): Illuminate/Pipeline/Pipeline->{closure:{closure:Illuminate/Pipeline/Pipeline::carry():194}:195}()
#38 C:/xampp/htdocs/maternal-care-system/vendor/laravel/framework/src/Illuminate/Pipeline/Pipeline.php(219): Illuminate/Http/Middleware/HandleCors->handle()
#39 C:/xampp/htdocs/maternal-care-system/vendor/laravel/framework/src/Illuminate/Http/Middleware/TrustProxies.php(58): Illuminate/Pipeline/Pipeline->{closure:{closure:Illuminate/Pipeline/Pipeline::carry():194}:195}()
#40 C:/xampp/htdocs/maternal-care-system/vendor/laravel/framework/src/Illuminate/Pipeline/Pipeline.php(219): Illuminate/Http/Middleware/TrustProxies->handle()
#41 C:/xampp/htdocs/maternal-care-system/vendor/laravel/framework/src/Illuminate/Foundation/Http/Middleware/InvokeDeferredCallbacks.php(22): Illuminate/Pipeline/Pipeline->{closure:{closure:Illuminate/Pipeline/Pipeline::carry():194}:195}()
#42 C:/xampp/htdocs/maternal-care-system/vendor/laravel/framework/src/Illuminate/Pipeline/Pipeline.php(219): Illuminate/Foundation/Http/Middleware/InvokeDeferredCallbacks->handle()
#43 C:/xampp/htdocs/maternal-care-system/vendor/laravel/framework/src/Illuminate/Http/Middleware/ValidatePathEncoding.php(28): Illuminate/Pipeline/Pipeline->{closure:{closure:Illuminate/Pipeline/Pipeline::carry():194}:195}()
#44 C:/xampp/htdocs/maternal-care-system/vendor/laravel/framework/src/Illuminate/Pipeline/Pipeline.php(219): Illuminate/Http/Middleware/ValidatePathEncoding->handle()
#45 C:/xampp/htdocs/maternal-care-system/vendor/laravel/framework/src/Illuminate/Pipeline/Pipeline.php(137): Illuminate/Pipeline/Pipeline->{closure:{closure:Illuminate/Pipeline/Pipeline::carry():194}:195}()
#46 C:/xampp/htdocs/maternal-care-system/vendor/laravel/framework/src/Illuminate/Foundation/Http/Kernel.php(175): Illuminate/Pipeline/Pipeline->then()
#47 C:/xampp/htdocs/maternal-care-system/vendor/laravel/framework/src/Illuminate/Foundation/Http/Kernel.php(144): Illuminate/Foundation/Http/Kernel->sendRequestThroughRouter()
#48 C:/xampp/htdocs/maternal-care-system/vendor/laravel/framework/src/Illuminate/Foundation/Application.php(1220): Illuminate/Foundation/Http/Kernel->handle()
#49 C:/xampp/htdocs/maternal-care-system/public/index.php(20): Illuminate/Foundation/Application->handleRequest()
#50 C:/xampp/htdocs/maternal-care-system/vendor/laravel/framework/src/Illuminate/Foundation/resources/server.php(23): require_once('...')
#51 {main}
"} 
[2026-07-21 14:55:41] local.ERROR: Attempt to read property "id" on null {"exception":"[object] (ErrorException(code: 0): Attempt to read property \"id\" on null at C:/xampp/htdocs/maternal-care-system/app/Http/Controllers/MedicineController.php:18)
[stacktrace]
#0 C:/xampp/htdocs/maternal-care-system/vendor/laravel/framework/src/Illuminate/Foundation/Bootstrap/HandleExceptions.php(263): Illuminate/Foundation/Bootstrap/HandleExceptions->handleError()
#1 C:/xampp/htdocs/maternal-care-system/app/Http/Controllers/MedicineController.php(18): Illuminate/Foundation/Bootstrap/HandleExceptions->{closure:Illuminate/Foundation/Bootstrap/HandleExceptions::forwardsTo():262}()
#2 C:/xampp/htdocs/maternal-care-system/vendor/laravel/framework/src/Illuminate/Routing/ControllerDispatcher.php(46): App/Http/Controllers/MedicineController->index()
#3 C:/xampp/htdocs/maternal-care-system/vendor/laravel/framework/src/Illuminate/Routing/Route.php(276): Illuminate/Routing/ControllerDispatcher->dispatch()
#4 C:/xampp/htdocs/maternal-care-system/vendor/laravel/framework/src/Illuminate/Routing/Route.php(216): Illuminate/Routing/Route->runController()
#5 C:/xampp/htdocs/maternal-care-system/vendor/laravel/framework/src/Illuminate/Routing/Router.php(822): Illuminate/Routing/Route->run()
#6 C:/xampp/htdocs/maternal-care-system/vendor/laravel/framework/src/Illuminate/Pipeline/Pipeline.php(180): Illuminate/Routing/Router->{closure:Illuminate/Routing/Router::runRouteWithinStack():821}()
#7 C:/xampp/htdocs/maternal-care-system/vendor/laravel/framework/src/Illuminate/Routing/Middleware/SubstituteBindings.php(52): Illuminate/Pipeline/Pipeline->{closure:Illuminate/Pipeline/Pipeline::prepareDestination():178}()
#8 C:/xampp/htdocs/maternal-care-system/vendor/laravel/framework/src/Illuminate/Pipeline/Pipeline.php(219): Illuminate/Routing/Middleware/SubstituteBindings->handle()
#9 C:/xampp/htdocs/maternal-care-system/vendor/laravel/framework/src/Illuminate/Foundation/Http/Middleware/PreventRequestForgery.php(104): Illuminate/Pipeline/Pipeline->{closure:{closure:Illuminate/Pipeline/Pipeline::carry():194}:195}()
#10 C:/xampp/htdocs/maternal-care-system/vendor/laravel/framework/src/Illuminate/Pipeline/Pipeline.php(219): Illuminate/Foundation/Http/Middleware/PreventRequestForgery->handle()
#11 C:/xampp/htdocs/maternal-care-system/vendor/laravel/framework/src/Illuminate/View/Middleware/ShareErrorsFromSession.php(48): Illuminate/Pipeline/Pipeline->{closure:{closure:Illuminate/Pipeline/Pipeline::carry():194}:195}()
#12 C:/xampp/htdocs/maternal-care-system/vendor/laravel/framework/src/Illuminate/Pipeline/Pipeline.php(219): Illuminate/View/Middleware/ShareErrorsFromSession->handle()
#13 C:/xampp/htdocs/maternal-care-system/vendor/laravel/framework/src/Illuminate/Session/Middleware/StartSession.php(120): Illuminate/Pipeline/Pipeline->{closure:{closure:Illuminate/Pipeline/Pipeline::carry():194}:195}()
#14 C:/xampp/htdocs/maternal-care-system/vendor/laravel/framework/src/Illuminate/Session/Middleware/StartSession.php(63): Illuminate/Session/Middleware/StartSession->handleStatefulRequest()
#15 C:/xampp/htdocs/maternal-care-system/vendor/laravel/framework/src/Illuminate/Pipeline/Pipeline.php(219): Illuminate/Session/Middleware/StartSession->handle()
#16 C:/xampp/htdocs/maternal-care-system/vendor/laravel/framework/src/Illuminate/Cookie/Middleware/AddQueuedCookiesToResponse.php(36): Illuminate/Pipeline/Pipeline->{closure:{closure:Illuminate/Pipeline/Pipeline::carry():194}:195}()
#17 C:/xampp/htdocs/maternal-care-system/vendor/laravel/framework/src/Illuminate/Pipeline/Pipeline.php(219): Illuminate/Cookie/Middleware/AddQueuedCookiesToResponse->handle()
#18 C:/xampp/htdocs/maternal-care-system/vendor/laravel/framework/src/Illuminate/Cookie/Middleware/EncryptCookies.php(74): Illuminate/Pipeline/Pipeline->{closure:{closure:Illuminate/Pipeline/Pipeline::carry():194}:195}()
#19 C:/xampp/htdocs/maternal-care-system/vendor/laravel/framework/src/Illuminate/Pipeline/Pipeline.php(219): Illuminate/Cookie/Middleware/EncryptCookies->handle()
#20 C:/xampp/htdocs/maternal-care-system/vendor/laravel/framework/src/Illuminate/Pipeline/Pipeline.php(137): Illuminate/Pipeline/Pipeline->{closure:{closure:Illuminate/Pipeline/Pipeline::carry():194}:195}()
#21 C:/xampp/htdocs/maternal-care-system/vendor/laravel/framework/src/Illuminate/Routing/Router.php(821): Illuminate/Pipeline/Pipeline->then()
#22 C:/xampp/htdocs/maternal-care-system/vendor/laravel/framework/src/Illuminate/Routing/Router.php(800): Illuminate/Routing/Router->runRouteWithinStack()
#23 C:/xampp/htdocs/maternal-care-system/vendor/laravel/framework/src/Illuminate/Routing/Router.php(764): Illuminate/Routing/Router->runRoute()
#24 C:/xampp/htdocs/maternal-care-system/vendor/laravel/framework/src/Illuminate/Routing/Router.php(753): Illuminate/Routing/Router->dispatchToRoute()
#25 C:/xampp/htdocs/maternal-care-system/vendor/laravel/framework/src/Illuminate/Foundation/Http/Kernel.php(200): Illuminate/Routing/Router->dispatch()
#26 C:/xampp/htdocs/maternal-care-system/vendor/laravel/framework/src/Illuminate/Pipeline/Pipeline.php(180): Illuminate/Foundation/Http/Kernel->{closure:Illuminate/Foundation/Http/Kernel::dispatchToRouter():197}()
#27 C:/xampp/htdocs/maternal-care-system/vendor/laravel/framework/src/Illuminate/Foundation/Http/Middleware/TransformsRequest.php(21): Illuminate/Pipeline/Pipeline->{closure:Illuminate/Pipeline/Pipeline::prepareDestination():178}()
#28 C:/xampp/htdocs/maternal-care-system/vendor/laravel/framework/src/Illuminate/Foundation/Http/Middleware/ConvertEmptyStringsToNull.php(31): Illuminate/Foundation/Http/Middleware/TransformsRequest->handle()
#29 C:/xampp/htdocs/maternal-care-system/vendor/laravel/framework/src/Illuminate/Pipeline/Pipeline.php(219): Illuminate/Foundation/Http/Middleware/ConvertEmptyStringsToNull->handle()
#30 C:/xampp/htdocs/maternal-care-system/vendor/laravel/framework/src/Illuminate/Foundation/Http/Middleware/TransformsRequest.php(21): Illuminate/Pipeline/Pipeline->{closure:{closure:Illuminate/Pipeline/Pipeline::carry():194}:195}()
#31 C:/xampp/htdocs/maternal-care-system/vendor/laravel/framework/src/Illuminate/Foundation/Http/Middleware/TrimStrings.php(51): Illuminate/Foundation/Http/Middleware/TransformsRequest->handle()
#32 C:/xampp/htdocs/maternal-care-system/vendor/laravel/framework/src/Illuminate/Pipeline/Pipeline.php(219): Illuminate/Foundation/Http/Middleware/TrimStrings->handle()
#33 C:/xampp/htdocs/maternal-care-system/vendor/laravel/framework/src/Illuminate/Http/Middleware/ValidatePostSize.php(27): Illuminate/Pipeline/Pipeline->{closure:{closure:Illuminate/Pipeline/Pipeline::carry():194}:195}()
#34 C:/xampp/htdocs/maternal-care-system/vendor/laravel/framework/src/Illuminate/Pipeline/Pipeline.php(219): Illuminate/Http/Middleware/ValidatePostSize->handle()
#35 C:/xampp/htdocs/maternal-care-system/vendor/laravel/framework/src/Illuminate/Foundation/Http/Middleware/PreventRequestsDuringMaintenance.php(109): Illuminate/Pipeline/Pipeline->{closure:{closure:Illuminate/Pipeline/Pipeline::carry():194}:195}()
#36 C:/xampp/htdocs/maternal-care-system/vendor/laravel/framework/src/Illuminate/Pipeline/Pipeline.php(219): Illuminate/Foundation/Http/Middleware/PreventRequestsDuringMaintenance->handle()
#37 C:/xampp/htdocs/maternal-care-system/vendor/laravel/framework/src/Illuminate/Http/Middleware/HandleCors.php(61): Illuminate/Pipeline/Pipeline->{closure:{closure:Illuminate/Pipeline/Pipeline::carry():194}:195}()
#38 C:/xampp/htdocs/maternal-care-system/vendor/laravel/framework/src/Illuminate/Pipeline/Pipeline.php(219): Illuminate/Http/Middleware/HandleCors->handle()
#39 C:/xampp/htdocs/maternal-care-system/vendor/laravel/framework/src/Illuminate/Http/Middleware/TrustProxies.php(58): Illuminate/Pipeline/Pipeline->{closure:{closure:Illuminate/Pipeline/Pipeline::carry():194}:195}()
#40 C:/xampp/htdocs/maternal-care-system/vendor/laravel/framework/src/Illuminate/Pipeline/Pipeline.php(219): Illuminate/Http/Middleware/TrustProxies->handle()
#41 C:/xampp/htdocs/maternal-care-system/vendor/laravel/framework/src/Illuminate/Foundation/Http/Middleware/InvokeDeferredCallbacks.php(22): Illuminate/Pipeline/Pipeline->{closure:{closure:Illuminate/Pipeline/Pipeline::carry():194}:195}()
#42 C:/xampp/htdocs/maternal-care-system/vendor/laravel/framework/src/Illuminate/Pipeline/Pipeline.php(219): Illuminate/Foundation/Http/Middleware/InvokeDeferredCallbacks->handle()
#43 C:/xampp/htdocs/maternal-care-system/vendor/laravel/framework/src/Illuminate/Http/Middleware/ValidatePathEncoding.php(28): Illuminate/Pipeline/Pipeline->{closure:{closure:Illuminate/Pipeline/Pipeline::carry():194}:195}()
#44 C:/xampp/htdocs/maternal-care-system/vendor/laravel/framework/src/Illuminate/Pipeline/Pipeline.php(219): Illuminate/Http/Middleware/ValidatePathEncoding->handle()
#45 C:/xampp/htdocs/maternal-care-system/vendor/laravel/framework/src/Illuminate/Pipeline/Pipeline.php(137): Illuminate/Pipeline/Pipeline->{closure:{closure:Illuminate/Pipeline/Pipeline::carry():194}:195}()
#46 C:/xampp/htdocs/maternal-care-system/vendor/laravel/framework/src/Illuminate/Foundation/Http/Kernel.php(175): Illuminate/Pipeline/Pipeline->then()
#47 C:/xampp/htdocs/maternal-care-system/vendor/laravel/framework/src/Illuminate/Foundation/Http/Kernel.php(144): Illuminate/Foundation/Http/Kernel->sendRequestThroughRouter()
#48 C:/xampp/htdocs/maternal-care-system/vendor/laravel/framework/src/Illuminate/Foundation/Application.php(1220): Illuminate/Foundation/Http/Kernel->handle()
#49 C:/xampp/htdocs/maternal-care-system/public/index.php(20): Illuminate/Foundation/Application->handleRequest()
#50 C:/xampp/htdocs/maternal-care-system/vendor/laravel/framework/src/Illuminate/Foundation/resources/server.php(23): require_once('...')
#51 {main}
"} 
[2026-07-21 14:55:52] local.ERROR: Attempt to read property "id" on null {"exception":"[object] (ErrorException(code: 0): Attempt to read property \"id\" on null at C:/xampp/htdocs/maternal-care-system/app/Http/Controllers/MedicineController.php:18)
[stacktrace]
#0 C:/xampp/htdocs/maternal-care-system/vendor/laravel/framework/src/Illuminate/Foundation/Bootstrap/HandleExceptions.php(263): Illuminate/Foundation/Bootstrap/HandleExceptions->handleError()
#1 C:/xampp/htdocs/maternal-care-system/app/Http/Controllers/MedicineController.php(18): Illuminate/Foundation/Bootstrap/HandleExceptions->{closure:Illuminate/Foundation/Bootstrap/HandleExceptions::forwardsTo():262}()
#2 C:/xampp/htdocs/maternal-care-system/vendor/laravel/framework/src/Illuminate/Routing/ControllerDispatcher.php(46): App/Http/Controllers/MedicineController->index()
#3 C:/xampp/htdocs/maternal-care-system/vendor/laravel/framework/src/Illuminate/Routing/Route.php(276): Illuminate/Routing/ControllerDispatcher->dispatch()
#4 C:/xampp/htdocs/maternal-care-system/vendor/laravel/framework/src/Illuminate/Routing/Route.php(216): Illuminate/Routing/Route->runController()
#5 C:/xampp/htdocs/maternal-care-system/vendor/laravel/framework/src/Illuminate/Routing/Router.php(822): Illuminate/Routing/Route->run()
#6 C:/xampp/htdocs/maternal-care-system/vendor/laravel/framework/src/Illuminate/Pipeline/Pipeline.php(180): Illuminate/Routing/Router->{closure:Illuminate/Routing/Router::runRouteWithinStack():821}()
#7 C:/xampp/htdocs/maternal-care-system/vendor/laravel/framework/src/Illuminate/Routing/Middleware/SubstituteBindings.php(52): Illuminate/Pipeline/Pipeline->{closure:Illuminate/Pipeline/Pipeline::prepareDestination():178}()
#8 C:/xampp/htdocs/maternal-care-system/vendor/laravel/framework/src/Illuminate/Pipeline/Pipeline.php(219): Illuminate/Routing/Middleware/SubstituteBindings->handle()
#9 C:/xampp/htdocs/maternal-care-system/vendor/laravel/framework/src/Illuminate/Foundation/Http/Middleware/PreventRequestForgery.php(104): Illuminate/Pipeline/Pipeline->{closure:{closure:Illuminate/Pipeline/Pipeline::carry():194}:195}()
#10 C:/xampp/htdocs/maternal-care-system/vendor/laravel/framework/src/Illuminate/Pipeline/Pipeline.php(219): Illuminate/Foundation/Http/Middleware/PreventRequestForgery->handle()
#11 C:/xampp/htdocs/maternal-care-system/vendor/laravel/framework/src/Illuminate/View/Middleware/ShareErrorsFromSession.php(48): Illuminate/Pipeline/Pipeline->{closure:{closure:Illuminate/Pipeline/Pipeline::carry():194}:195}()
#12 C:/xampp/htdocs/maternal-care-system/vendor/laravel/framework/src/Illuminate/Pipeline/Pipeline.php(219): Illuminate/View/Middleware/ShareErrorsFromSession->handle()
#13 C:/xampp/htdocs/maternal-care-system/vendor/laravel/framework/src/Illuminate/Session/Middleware/StartSession.php(120): Illuminate/Pipeline/Pipeline->{closure:{closure:Illuminate/Pipeline/Pipeline::carry():194}:195}()
#14 C:/xampp/htdocs/maternal-care-system/vendor/laravel/framework/src/Illuminate/Session/Middleware/StartSession.php(63): Illuminate/Session/Middleware/StartSession->handleStatefulRequest()
#15 C:/xampp/htdocs/maternal-care-system/vendor/laravel/framework/src/Illuminate/Pipeline/Pipeline.php(219): Illuminate/Session/Middleware/StartSession->handle()
#16 C:/xampp/htdocs/maternal-care-system/vendor/laravel/framework/src/Illuminate/Cookie/Middleware/AddQueuedCookiesToResponse.php(36): Illuminate/Pipeline/Pipeline->{closure:{closure:Illuminate/Pipeline/Pipeline::carry():194}:195}()
#17 C:/xampp/htdocs/maternal-care-system/vendor/laravel/framework/src/Illuminate/Pipeline/Pipeline.php(219): Illuminate/Cookie/Middleware/AddQueuedCookiesToResponse->handle()
#18 C:/xampp/htdocs/maternal-care-system/vendor/laravel/framework/src/Illuminate/Cookie/Middleware/EncryptCookies.php(74): Illuminate/Pipeline/Pipeline->{closure:{closure:Illuminate/Pipeline/Pipeline::carry():194}:195}()
#19 C:/xampp/htdocs/maternal-care-system/vendor/laravel/framework/src/Illuminate/Pipeline/Pipeline.php(219): Illuminate/Cookie/Middleware/EncryptCookies->handle()
#20 C:/xampp/htdocs/maternal-care-system/vendor/laravel/framework/src/Illuminate/Pipeline/Pipeline.php(137): Illuminate/Pipeline/Pipeline->{closure:{closure:Illuminate/Pipeline/Pipeline::carry():194}:195}()
#21 C:/xampp/htdocs/maternal-care-system/vendor/laravel/framework/src/Illuminate/Routing/Router.php(821): Illuminate/Pipeline/Pipeline->then()
#22 C:/xampp/htdocs/maternal-care-system/vendor/laravel/framework/src/Illuminate/Routing/Router.php(800): Illuminate/Routing/Router->runRouteWithinStack()
#23 C:/xampp/htdocs/maternal-care-system/vendor/laravel/framework/src/Illuminate/Routing/Router.php(764): Illuminate/Routing/Router->runRoute()
#24 C:/xampp/htdocs/maternal-care-system/vendor/laravel/framework/src/Illuminate/Routing/Router.php(753): Illuminate/Routing/Router->dispatchToRoute()
#25 C:/xampp/htdocs/maternal-care-system/vendor/laravel/framework/src/Illuminate/Foundation/Http/Kernel.php(200): Illuminate/Routing/Router->dispatch()
#26 C:/xampp/htdocs/maternal-care-system/vendor/laravel/framework/src/Illuminate/Pipeline/Pipeline.php(180): Illuminate/Foundation/Http/Kernel->{closure:Illuminate/Foundation/Http/Kernel::dispatchToRouter():197}()
#27 C:/xampp/htdocs/maternal-care-system/vendor/laravel/framework/src/Illuminate/Foundation/Http/Middleware/TransformsRequest.php(21): Illuminate/Pipeline/Pipeline->{closure:Illuminate/Pipeline/Pipeline::prepareDestination():178}()
#28 C:/xampp/htdocs/maternal-care-system/vendor/laravel/framework/src/Illuminate/Foundation/Http/Middleware/ConvertEmptyStringsToNull.php(31): Illuminate/Foundation/Http/Middleware/TransformsRequest->handle()
#29 C:/xampp/htdocs/maternal-care-system/vendor/laravel/framework/src/Illuminate/Pipeline/Pipeline.php(219): Illuminate/Foundation/Http/Middleware/ConvertEmptyStringsToNull->handle()
#30 C:/xampp/htdocs/maternal-care-system/vendor/laravel/framework/src/Illuminate/Foundation/Http/Middleware/TransformsRequest.php(21): Illuminate/Pipeline/Pipeline->{closure:{closure:Illuminate/Pipeline/Pipeline::carry():194}:195}()
#31 C:/xampp/htdocs/maternal-care-system/vendor/laravel/framework/src/Illuminate/Foundation/Http/Middleware/TrimStrings.php(51): Illuminate/Foundation/Http/Middleware/TransformsRequest->handle()
#32 C:/xampp/htdocs/maternal-care-system/vendor/laravel/framework/src/Illuminate/Pipeline/Pipeline.php(219): Illuminate/Foundation/Http/Middleware/TrimStrings->handle()
#33 C:/xampp/htdocs/maternal-care-system/vendor/laravel/framework/src/Illuminate/Http/Middleware/ValidatePostSize.php(27): Illuminate/Pipeline/Pipeline->{closure:{closure:Illuminate/Pipeline/Pipeline::carry():194}:195}()
#34 C:/xampp/htdocs/maternal-care-system/vendor/laravel/framework/src/Illuminate/Pipeline/Pipeline.php(219): Illuminate/Http/Middleware/ValidatePostSize->handle()
#35 C:/xampp/htdocs/maternal-care-system/vendor/laravel/framework/src/Illuminate/Foundation/Http/Middleware/PreventRequestsDuringMaintenance.php(109): Illuminate/Pipeline/Pipeline->{closure:{closure:Illuminate/Pipeline/Pipeline::carry():194}:195}()
#36 C:/xampp/htdocs/maternal-care-system/vendor/laravel/framework/src/Illuminate/Pipeline/Pipeline.php(219): Illuminate/Foundation/Http/Middleware/PreventRequestsDuringMaintenance->handle()
#37 C:/xampp/htdocs/maternal-care-system/vendor/laravel/framework/src/Illuminate/Http/Middleware/HandleCors.php(61): Illuminate/Pipeline/Pipeline->{closure:{closure:Illuminate/Pipeline/Pipeline::carry():194}:195}()
#38 C:/xampp/htdocs/maternal-care-system/vendor/laravel/framework/src/Illuminate/Pipeline/Pipeline.php(219): Illuminate/Http/Middleware/HandleCors->handle()
#39 C:/xampp/htdocs/maternal-care-system/vendor/laravel/framework/src/Illuminate/Http/Middleware/TrustProxies.php(58): Illuminate/Pipeline/Pipeline->{closure:{closure:Illuminate/Pipeline/Pipeline::carry():194}:195}()
#40 C:/xampp/htdocs/maternal-care-system/vendor/laravel/framework/src/Illuminate/Pipeline/Pipeline.php(219): Illuminate/Http/Middleware/TrustProxies->handle()
#41 C:/xampp/htdocs/maternal-care-system/vendor/laravel/framework/src/Illuminate/Foundation/Http/Middleware/InvokeDeferredCallbacks.php(22): Illuminate/Pipeline/Pipeline->{closure:{closure:Illuminate/Pipeline/Pipeline::carry():194}:195}()
#42 C:/xampp/htdocs/maternal-care-system/vendor/laravel/framework/src/Illuminate/Pipeline/Pipeline.php(219): Illuminate/Foundation/Http/Middleware/InvokeDeferredCallbacks->handle()
#43 C:/xampp/htdocs/maternal-care-system/vendor/laravel/framework/src/Illuminate/Http/Middleware/ValidatePathEncoding.php(28): Illuminate/Pipeline/Pipeline->{closure:{closure:Illuminate/Pipeline/Pipeline::carry():194}:195}()
#44 C:/xampp/htdocs/maternal-care-system/vendor/laravel/framework/src/Illuminate/Pipeline/Pipeline.php(219): Illuminate/Http/Middleware/ValidatePathEncoding->handle()
#45 C:/xampp/htdocs/maternal-care-system/vendor/laravel/framework/src/Illuminate/Pipeline/Pipeline.php(137): Illuminate/Pipeline/Pipeline->{closure:{closure:Illuminate/Pipeline/Pipeline::carry():194}:195}()
#46 C:/xampp/htdocs/maternal-care-system/vendor/laravel/framework/src/Illuminate/Foundation/Http/Kernel.php(175): Illuminate/Pipeline/Pipeline->then()
#47 C:/xampp/htdocs/maternal-care-system/vendor/laravel/framework/src/Illuminate/Foundation/Http/Kernel.php(144): Illuminate/Foundation/Http/Kernel->sendRequestThroughRouter()
#48 C:/xampp/htdocs/maternal-care-system/vendor/laravel/framework/src/Illuminate/Foundation/Application.php(1220): Illuminate/Foundation/Http/Kernel->handle()
#49 C:/xampp/htdocs/maternal-care-system/public/index.php(20): Illuminate/Foundation/Application->handleRequest()
#50 C:/xampp/htdocs/maternal-care-system/vendor/laravel/framework/src/Illuminate/Foundation/resources/server.php(23): require_once('...')
#51 {main}
"} 
[2026-07-21 14:56:10] local.ERROR: Attempt to read property "id" on null {"exception":"[object] (ErrorException(code: 0): Attempt to read property \"id\" on null at C:/xampp/htdocs/maternal-care-system/app/Http/Controllers/VisitController.php:17)
[stacktrace]
#0 C:/xampp/htdocs/maternal-care-system/vendor/laravel/framework/src/Illuminate/Foundation/Bootstrap/HandleExceptions.php(263): Illuminate/Foundation/Bootstrap/HandleExceptions->handleError()
#1 C:/xampp/htdocs/maternal-care-system/app/Http/Controllers/VisitController.php(17): Illuminate/Foundation/Bootstrap/HandleExceptions->{closure:Illuminate/Foundation/Bootstrap/HandleExceptions::forwardsTo():262}()
#2 C:/xampp/htdocs/maternal-care-system/vendor/laravel/framework/src/Illuminate/Routing/ControllerDispatcher.php(46): App/Http/Controllers/VisitController->index()
#3 C:/xampp/htdocs/maternal-care-system/vendor/laravel/framework/src/Illuminate/Routing/Route.php(276): Illuminate/Routing/ControllerDispatcher->dispatch()
#4 C:/xampp/htdocs/maternal-care-system/vendor/laravel/framework/src/Illuminate/Routing/Route.php(216): Illuminate/Routing/Route->runController()
#5 C:/xampp/htdocs/maternal-care-system/vendor/laravel/framework/src/Illuminate/Routing/Router.php(822): Illuminate/Routing/Route->run()
#6 C:/xampp/htdocs/maternal-care-system/vendor/laravel/framework/src/Illuminate/Pipeline/Pipeline.php(180): Illuminate/Routing/Router->{closure:Illuminate/Routing/Router::runRouteWithinStack():821}()
#7 C:/xampp/htdocs/maternal-care-system/vendor/laravel/framework/src/Illuminate/Routing/Middleware/SubstituteBindings.php(52): Illuminate/Pipeline/Pipeline->{closure:Illuminate/Pipeline/Pipeline::prepareDestination():178}()
#8 C:/xampp/htdocs/maternal-care-system/vendor/laravel/framework/src/Illuminate/Pipeline/Pipeline.php(219): Illuminate/Routing/Middleware/SubstituteBindings->handle()
#9 C:/xampp/htdocs/maternal-care-system/vendor/laravel/framework/src/Illuminate/Foundation/Http/Middleware/PreventRequestForgery.php(104): Illuminate/Pipeline/Pipeline->{closure:{closure:Illuminate/Pipeline/Pipeline::carry():194}:195}()
#10 C:/xampp/htdocs/maternal-care-system/vendor/laravel/framework/src/Illuminate/Pipeline/Pipeline.php(219): Illuminate/Foundation/Http/Middleware/PreventRequestForgery->handle()
#11 C:/xampp/htdocs/maternal-care-system/vendor/laravel/framework/src/Illuminate/View/Middleware/ShareErrorsFromSession.php(48): Illuminate/Pipeline/Pipeline->{closure:{closure:Illuminate/Pipeline/Pipeline::carry():194}:195}()
#12 C:/xampp/htdocs/maternal-care-system/vendor/laravel/framework/src/Illuminate/Pipeline/Pipeline.php(219): Illuminate/View/Middleware/ShareErrorsFromSession->handle()
#13 C:/xampp/htdocs/maternal-care-system/vendor/laravel/framework/src/Illuminate/Session/Middleware/StartSession.php(120): Illuminate/Pipeline/Pipeline->{closure:{closure:Illuminate/Pipeline/Pipeline::carry():194}:195}()
#14 C:/xampp/htdocs/maternal-care-system/vendor/laravel/framework/src/Illuminate/Session/Middleware/StartSession.php(63): Illuminate/Session/Middleware/StartSession->handleStatefulRequest()
#15 C:/xampp/htdocs/maternal-care-system/vendor/laravel/framework/src/Illuminate/Pipeline/Pipeline.php(219): Illuminate/Session/Middleware/StartSession->handle()
#16 C:/xampp/htdocs/maternal-care-system/vendor/laravel/framework/src/Illuminate/Cookie/Middleware/AddQueuedCookiesToResponse.php(36): Illuminate/Pipeline/Pipeline->{closure:{closure:Illuminate/Pipeline/Pipeline::carry():194}:195}()
#17 C:/xampp/htdocs/maternal-care-system/vendor/laravel/framework/src/Illuminate/Pipeline/Pipeline.php(219): Illuminate/Cookie/Middleware/AddQueuedCookiesToResponse->handle()
#18 C:/xampp/htdocs/maternal-care-system/vendor/laravel/framework/src/Illuminate/Cookie/Middleware/EncryptCookies.php(74): Illuminate/Pipeline/Pipeline->{closure:{closure:Illuminate/Pipeline/Pipeline::carry():194}:195}()
#19 C:/xampp/htdocs/maternal-care-system/vendor/laravel/framework/src/Illuminate/Pipeline/Pipeline.php(219): Illuminate/Cookie/Middleware/EncryptCookies->handle()
#20 C:/xampp/htdocs/maternal-care-system/vendor/laravel/framework/src/Illuminate/Pipeline/Pipeline.php(137): Illuminate/Pipeline/Pipeline->{closure:{closure:Illuminate/Pipeline/Pipeline::carry():194}:195}()
#21 C:/xampp/htdocs/maternal-care-system/vendor/laravel/framework/src/Illuminate/Routing/Router.php(821): Illuminate/Pipeline/Pipeline->then()
#22 C:/xampp/htdocs/maternal-care-system/vendor/laravel/framework/src/Illuminate/Routing/Router.php(800): Illuminate/Routing/Router->runRouteWithinStack()
#23 C:/xampp/htdocs/maternal-care-system/vendor/laravel/framework/src/Illuminate/Routing/Router.php(764): Illuminate/Routing/Router->runRoute()
#24 C:/xampp/htdocs/maternal-care-system/vendor/laravel/framework/src/Illuminate/Routing/Router.php(753): Illuminate/Routing/Router->dispatchToRoute()
#25 C:/xampp/htdocs/maternal-care-system/vendor/laravel/framework/src/Illuminate/Foundation/Http/Kernel.php(200): Illuminate/Routing/Router->dispatch()
#26 C:/xampp/htdocs/maternal-care-system/vendor/laravel/framework/src/Illuminate/Pipeline/Pipeline.php(180): Illuminate/Foundation/Http/Kernel->{closure:Illuminate/Foundation/Http/Kernel::dispatchToRouter():197}()
#27 C:/xampp/htdocs/maternal-care-system/vendor/laravel/framework/src/Illuminate/Foundation/Http/Middleware/TransformsRequest.php(21): Illuminate/Pipeline/Pipeline->{closure:Illuminate/Pipeline/Pipeline::prepareDestination():178}()
#28 C:/xampp/htdocs/maternal-care-system/vendor/laravel/framework/src/Illuminate/Foundation/Http/Middleware/ConvertEmptyStringsToNull.php(31): Illuminate/Foundation/Http/Middleware/TransformsRequest->handle()
#29 C:/xampp/htdocs/maternal-care-system/vendor/laravel/framework/src/Illuminate/Pipeline/Pipeline.php(219): Illuminate/Foundation/Http/Middleware/ConvertEmptyStringsToNull->handle()
#30 C:/xampp/htdocs/maternal-care-system/vendor/laravel/framework/src/Illuminate/Foundation/Http/Middleware/TransformsRequest.php(21): Illuminate/Pipeline/Pipeline->{closure:{closure:Illuminate/Pipeline/Pipeline::carry():194}:195}()
#31 C:/xampp/htdocs/maternal-care-system/vendor/laravel/framework/src/Illuminate/Foundation/Http/Middleware/TrimStrings.php(51): Illuminate/Foundation/Http/Middleware/TransformsRequest->handle()
#32 C:/xampp/htdocs/maternal-care-system/vendor/laravel/framework/src/Illuminate/Pipeline/Pipeline.php(219): Illuminate/Foundation/Http/Middleware/TrimStrings->handle()
#33 C:/xampp/htdocs/maternal-care-system/vendor/laravel/framework/src/Illuminate/Http/Middleware/ValidatePostSize.php(27): Illuminate/Pipeline/Pipeline->{closure:{closure:Illuminate/Pipeline/Pipeline::carry():194}:195}()
#34 C:/xampp/htdocs/maternal-care-system/vendor/laravel/framework/src/Illuminate/Pipeline/Pipeline.php(219): Illuminate/Http/Middleware/ValidatePostSize->handle()
#35 C:/xampp/htdocs/maternal-care-system/vendor/laravel/framework/src/Illuminate/Foundation/Http/Middleware/PreventRequestsDuringMaintenance.php(109): Illuminate/Pipeline/Pipeline->{closure:{closure:Illuminate/Pipeline/Pipeline::carry():194}:195}()
#36 C:/xampp/htdocs/maternal-care-system/vendor/laravel/framework/src/Illuminate/Pipeline/Pipeline.php(219): Illuminate/Foundation/Http/Middleware/PreventRequestsDuringMaintenance->handle()
#37 C:/xampp/htdocs/maternal-care-system/vendor/laravel/framework/src/Illuminate/Http/Middleware/HandleCors.php(61): Illuminate/Pipeline/Pipeline->{closure:{closure:Illuminate/Pipeline/Pipeline::carry():194}:195}()
#38 C:/xampp/htdocs/maternal-care-system/vendor/laravel/framework/src/Illuminate/Pipeline/Pipeline.php(219): Illuminate/Http/Middleware/HandleCors->handle()
#39 C:/xampp/htdocs/maternal-care-system/vendor/laravel/framework/src/Illuminate/Http/Middleware/TrustProxies.php(58): Illuminate/Pipeline/Pipeline->{closure:{closure:Illuminate/Pipeline/Pipeline::carry():194}:195}()
#40 C:/xampp/htdocs/maternal-care-system/vendor/laravel/framework/src/Illuminate/Pipeline/Pipeline.php(219): Illuminate/Http/Middleware/TrustProxies->handle()
#41 C:/xampp/htdocs/maternal-care-system/vendor/laravel/framework/src/Illuminate/Foundation/Http/Middleware/InvokeDeferredCallbacks.php(22): Illuminate/Pipeline/Pipeline->{closure:{closure:Illuminate/Pipeline/Pipeline::carry():194}:195}()
#42 C:/xampp/htdocs/maternal-care-system/vendor/laravel/framework/src/Illuminate/Pipeline/Pipeline.php(219): Illuminate/Foundation/Http/Middleware/InvokeDeferredCallbacks->handle()
#43 C:/xampp/htdocs/maternal-care-system/vendor/laravel/framework/src/Illuminate/Http/Middleware/ValidatePathEncoding.php(28): Illuminate/Pipeline/Pipeline->{closure:{closure:Illuminate/Pipeline/Pipeline::carry():194}:195}()
#44 C:/xampp/htdocs/maternal-care-system/vendor/laravel/framework/src/Illuminate/Pipeline/Pipeline.php(219): Illuminate/Http/Middleware/ValidatePathEncoding->handle()
#45 C:/xampp/htdocs/maternal-care-system/vendor/laravel/framework/src/Illuminate/Pipeline/Pipeline.php(137): Illuminate/Pipeline/Pipeline->{closure:{closure:Illuminate/Pipeline/Pipeline::carry():194}:195}()
#46 C:/xampp/htdocs/maternal-care-system/vendor/laravel/framework/src/Illuminate/Foundation/Http/Kernel.php(175): Illuminate/Pipeline/Pipeline->then()
#47 C:/xampp/htdocs/maternal-care-system/vendor/laravel/framework/src/Illuminate/Foundation/Http/Kernel.php(144): Illuminate/Foundation/Http/Kernel->sendRequestThroughRouter()
#48 C:/xampp/htdocs/maternal-care-system/vendor/laravel/framework/src/Illuminate/Foundation/Application.php(1220): Illuminate/Foundation/Http/Kernel->handle()
#49 C:/xampp/htdocs/maternal-care-system/public/index.php(20): Illuminate/Foundation/Application->handleRequest()
#50 C:/xampp/htdocs/maternal-care-system/vendor/laravel/framework/src/Illuminate/Foundation/resources/server.php(23): require_once('...')
#51 {main}
"} 
[2026-07-21 15:59:46] local.ERROR: Maximum execution time of 30 seconds exceeded {"exception":"[object] (Symfony\\Component\\ErrorHandler\\Error\\FatalError(code: 0): Maximum execution time of 30 seconds exceeded at C:/xampp/htdocs/maternal-care-system/vendor/composer/ClassLoader.php:429)
[stacktrace]
#0 {main}
"} 
[2026-07-21 17:58:28] local.ERROR: Target class [HealthRecordController] does not exist. {"userId":1,"exception":"[object] (Illuminate\\Contracts\\Container\\BindingResolutionException(code: 0): Target class [HealthRecordController] does not exist. at C:/xampp/htdocs/maternal-care-system/vendor/laravel/framework/src/Illuminate/Container/Container.php:1127)
[stacktrace]
#0 C:/xampp/htdocs/maternal-care-system/vendor/laravel/framework/src/Illuminate/Container/Container.php(936): Illuminate/Container/Container->build()
#1 C:/xampp/htdocs/maternal-care-system/vendor/laravel/framework/src/Illuminate/Foundation/Application.php(1078): Illuminate/Container/Container->resolve()
#2 C:/xampp/htdocs/maternal-care-system/vendor/laravel/framework/src/Illuminate/Container/Container.php(864): Illuminate/Foundation/Application->resolve()
#3 C:/xampp/htdocs/maternal-care-system/vendor/laravel/framework/src/Illuminate/Foundation/Application.php(1058): Illuminate/Container/Container->make()
#4 C:/xampp/htdocs/maternal-care-system/vendor/laravel/framework/src/Illuminate/Routing/Route.php(297): Illuminate/Foundation/Application->make()
#5 C:/xampp/htdocs/maternal-care-system/vendor/laravel/framework/src/Illuminate/Routing/Route.php(277): Illuminate/Routing/Route->getController()
#6 C:/xampp/htdocs/maternal-care-system/vendor/laravel/framework/src/Illuminate/Routing/Route.php(216): Illuminate/Routing/Route->runController()
#7 C:/xampp/htdocs/maternal-care-system/vendor/laravel/framework/src/Illuminate/Routing/Router.php(822): Illuminate/Routing/Route->run()
#8 C:/xampp/htdocs/maternal-care-system/vendor/laravel/framework/src/Illuminate/Pipeline/Pipeline.php(180): Illuminate/Routing/Router->{closure:Illuminate/Routing/Router::runRouteWithinStack():821}()
#9 C:/xampp/htdocs/maternal-care-system/vendor/laravel/framework/src/Illuminate/Routing/Middleware/SubstituteBindings.php(52): Illuminate/Pipeline/Pipeline->{closure:Illuminate/Pipeline/Pipeline::prepareDestination():178}()
#10 C:/xampp/htdocs/maternal-care-system/vendor/laravel/framework/src/Illuminate/Pipeline/Pipeline.php(219): Illuminate/Routing/Middleware/SubstituteBindings->handle()
#11 C:/xampp/htdocs/maternal-care-system/vendor/laravel/framework/src/Illuminate/Foundation/Http/Middleware/PreventRequestForgery.php(104): Illuminate/Pipeline/Pipeline->{closure:{closure:Illuminate/Pipeline/Pipeline::carry():194}:195}()
#12 C:/xampp/htdocs/maternal-care-system/vendor/laravel/framework/src/Illuminate/Pipeline/Pipeline.php(219): Illuminate/Foundation/Http/Middleware/PreventRequestForgery->handle()
#13 C:/xampp/htdocs/maternal-care-system/vendor/laravel/framework/src/Illuminate/View/Middleware/ShareErrorsFromSession.php(48): Illuminate/Pipeline/Pipeline->{closure:{closure:Illuminate/Pipeline/Pipeline::carry():194}:195}()
#14 C:/xampp/htdocs/maternal-care-system/vendor/laravel/framework/src/Illuminate/Pipeline/Pipeline.php(219): Illuminate/View/Middleware/ShareErrorsFromSession->handle()
#15 C:/xampp/htdocs/maternal-care-system/vendor/laravel/framework/src/Illuminate/Session/Middleware/StartSession.php(120): Illuminate/Pipeline/Pipeline->{closure:{closure:Illuminate/Pipeline/Pipeline::carry():194}:195}()
#16 C:/xampp/htdocs/maternal-care-system/vendor/laravel/framework/src/Illuminate/Session/Middleware/StartSession.php(63): Illuminate/Session/Middleware/StartSession->handleStatefulRequest()
#17 C:/xampp/htdocs/maternal-care-system/vendor/laravel/framework/src/Illuminate/Pipeline/Pipeline.php(219): Illuminate/Session/Middleware/StartSession->handle()
#18 C:/xampp/htdocs/maternal-care-system/vendor/laravel/framework/src/Illuminate/Cookie/Middleware/AddQueuedCookiesToResponse.php(36): Illuminate/Pipeline/Pipeline->{closure:{closure:Illuminate/Pipeline/Pipeline::carry():194}:195}()
#19 C:/xampp/htdocs/maternal-care-system/vendor/laravel/framework/src/Illuminate/Pipeline/Pipeline.php(219): Illuminate/Cookie/Middleware/AddQueuedCookiesToResponse->handle()
#20 C:/xampp/htdocs/maternal-care-system/vendor/laravel/framework/src/Illuminate/Cookie/Middleware/EncryptCookies.php(74): Illuminate/Pipeline/Pipeline->{closure:{closure:Illuminate/Pipeline/Pipeline::carry():194}:195}()
#21 C:/xampp/htdocs/maternal-care-system/vendor/laravel/framework/src/Illuminate/Pipeline/Pipeline.php(219): Illuminate/Cookie/Middleware/EncryptCookies->handle()
#22 C:/xampp/htdocs/maternal-care-system/vendor/laravel/framework/src/Illuminate/Pipeline/Pipeline.php(137): Illuminate/Pipeline/Pipeline->{closure:{closure:Illuminate/Pipeline/Pipeline::carry():194}:195}()
#23 C:/xampp/htdocs/maternal-care-system/vendor/laravel/framework/src/Illuminate/Routing/Router.php(821): Illuminate/Pipeline/Pipeline->then()
#24 C:/xampp/htdocs/maternal-care-system/vendor/laravel/framework/src/Illuminate/Routing/Router.php(800): Illuminate/Routing/Router->runRouteWithinStack()
#25 C:/xampp/htdocs/maternal-care-system/vendor/laravel/framework/src/Illuminate/Routing/Router.php(764): Illuminate/Routing/Router->runRoute()
#26 C:/xampp/htdocs/maternal-care-system/vendor/laravel/framework/src/Illuminate/Routing/Router.php(753): Illuminate/Routing/Router->dispatchToRoute()
#27 C:/xampp/htdocs/maternal-care-system/vendor/laravel/framework/src/Illuminate/Foundation/Http/Kernel.php(200): Illuminate/Routing/Router->dispatch()
#28 C:/xampp/htdocs/maternal-care-system/vendor/laravel/framework/src/Illuminate/Pipeline/Pipeline.php(180): Illuminate/Foundation/Http/Kernel->{closure:Illuminate/Foundation/Http/Kernel::dispatchToRouter():197}()
#29 C:/xampp/htdocs/maternal-care-system/vendor/laravel/framework/src/Illuminate/Foundation/Http/Middleware/TransformsRequest.php(21): Illuminate/Pipeline/Pipeline->{closure:Illuminate/Pipeline/Pipeline::prepareDestination():178}()
#30 C:/xampp/htdocs/maternal-care-system/vendor/laravel/framework/src/Illuminate/Foundation/Http/Middleware/ConvertEmptyStringsToNull.php(31): Illuminate/Foundation/Http/Middleware/TransformsRequest->handle()
#31 C:/xampp/htdocs/maternal-care-system/vendor/laravel/framework/src/Illuminate/Pipeline/Pipeline.php(219): Illuminate/Foundation/Http/Middleware/ConvertEmptyStringsToNull->handle()
#32 C:/xampp/htdocs/maternal-care-system/vendor/laravel/framework/src/Illuminate/Foundation/Http/Middleware/TransformsRequest.php(21): Illuminate/Pipeline/Pipeline->{closure:{closure:Illuminate/Pipeline/Pipeline::carry():194}:195}()
#33 C:/xampp/htdocs/maternal-care-system/vendor/laravel/framework/src/Illuminate/Foundation/Http/Middleware/TrimStrings.php(51): Illuminate/Foundation/Http/Middleware/TransformsRequest->handle()
#34 C:/xampp/htdocs/maternal-care-system/vendor/laravel/framework/src/Illuminate/Pipeline/Pipeline.php(219): Illuminate/Foundation/Http/Middleware/TrimStrings->handle()
#35 C:/xampp/htdocs/maternal-care-system/vendor/laravel/framework/src/Illuminate/Http/Middleware/ValidatePostSize.php(27): Illuminate/Pipeline/Pipeline->{closure:{closure:Illuminate/Pipeline/Pipeline::carry():194}:195}()
#36 C:/xampp/htdocs/maternal-care-system/vendor/laravel/framework/src/Illuminate/Pipeline/Pipeline.php(219): Illuminate/Http/Middleware/ValidatePostSize->handle()
#37 C:/xampp/htdocs/maternal-care-system/vendor/laravel/framework/src/Illuminate/Foundation/Http/Middleware/PreventRequestsDuringMaintenance.php(109): Illuminate/Pipeline/Pipeline->{closure:{closure:Illuminate/Pipeline/Pipeline::carry():194}:195}()
#38 C:/xampp/htdocs/maternal-care-system/vendor/laravel/framework/src/Illuminate/Pipeline/Pipeline.php(219): Illuminate/Foundation/Http/Middleware/PreventRequestsDuringMaintenance->handle()
#39 C:/xampp/htdocs/maternal-care-system/vendor/laravel/framework/src/Illuminate/Http/Middleware/HandleCors.php(61): Illuminate/Pipeline/Pipeline->{closure:{closure:Illuminate/Pipeline/Pipeline::carry():194}:195}()
#40 C:/xampp/htdocs/maternal-care-system/vendor/laravel/framework/src/Illuminate/Pipeline/Pipeline.php(219): Illuminate/Http/Middleware/HandleCors->handle()
#41 C:/xampp/htdocs/maternal-care-system/vendor/laravel/framework/src/Illuminate/Http/Middleware/TrustProxies.php(58): Illuminate/Pipeline/Pipeline->{closure:{closure:Illuminate/Pipeline/Pipeline::carry():194}:195}()
#42 C:/xampp/htdocs/maternal-care-system/vendor/laravel/framework/src/Illuminate/Pipeline/Pipeline.php(219): Illuminate/Http/Middleware/TrustProxies->handle()
#43 C:/xampp/htdocs/maternal-care-system/vendor/laravel/framework/src/Illuminate/Foundation/Http/Middleware/InvokeDeferredCallbacks.php(22): Illuminate/Pipeline/Pipeline->{closure:{closure:Illuminate/Pipeline/Pipeline::carry():194}:195}()
#44 C:/xampp/htdocs/maternal-care-system/vendor/laravel/framework/src/Illuminate/Pipeline/Pipeline.php(219): Illuminate/Foundation/Http/Middleware/InvokeDeferredCallbacks->handle()
#45 C:/xampp/htdocs/maternal-care-system/vendor/laravel/framework/src/Illuminate/Http/Middleware/ValidatePathEncoding.php(28): Illuminate/Pipeline/Pipeline->{closure:{closure:Illuminate/Pipeline/Pipeline::carry():194}:195}()
#46 C:/xampp/htdocs/maternal-care-system/vendor/laravel/framework/src/Illuminate/Pipeline/Pipeline.php(219): Illuminate/Http/Middleware/ValidatePathEncoding->handle()
#47 C:/xampp/htdocs/maternal-care-system/vendor/laravel/framework/src/Illuminate/Pipeline/Pipeline.php(137): Illuminate/Pipeline/Pipeline->{closure:{closure:Illuminate/Pipeline/Pipeline::carry():194}:195}()
#48 C:/xampp/htdocs/maternal-care-system/vendor/laravel/framework/src/Illuminate/Foundation/Http/Kernel.php(175): Illuminate/Pipeline/Pipeline->then()
#49 C:/xampp/htdocs/maternal-care-system/vendor/laravel/framework/src/Illuminate/Foundation/Http/Kernel.php(144): Illuminate/Foundation/Http/Kernel->sendRequestThroughRouter()
#50 C:/xampp/htdocs/maternal-care-system/vendor/laravel/framework/src/Illuminate/Foundation/Application.php(1220): Illuminate/Foundation/Http/Kernel->handle()
#51 C:/xampp/htdocs/maternal-care-system/public/index.php(20): Illuminate/Foundation/Application->handleRequest()
#52 C:/xampp/htdocs/maternal-care-system/vendor/laravel/framework/src/Illuminate/Foundation/resources/server.php(23): require_once('...')
#53 {main}

[previous exception] [object] (ReflectionException(code: -1): Class \"HealthRecordController\" does not exist at C:/xampp/htdocs/maternal-care-system/vendor/laravel/framework/src/Illuminate/Container/Container.php:1125)
[stacktrace]
#0 C:/xampp/htdocs/maternal-care-system/vendor/laravel/framework/src/Illuminate/Container/Container.php(1125): ReflectionClass->__construct()
#1 C:/xampp/htdocs/maternal-care-system/vendor/laravel/framework/src/Illuminate/Container/Container.php(936): Illuminate/Container/Container->build()
#2 C:/xampp/htdocs/maternal-care-system/vendor/laravel/framework/src/Illuminate/Foundation/Application.php(1078): Illuminate/Container/Container->resolve()
#3 C:/xampp/htdocs/maternal-care-system/vendor/laravel/framework/src/Illuminate/Container/Container.php(864): Illuminate/Foundation/Application->resolve()
#4 C:/xampp/htdocs/maternal-care-system/vendor/laravel/framework/src/Illuminate/Foundation/Application.php(1058): Illuminate/Container/Container->make()
#5 C:/xampp/htdocs/maternal-care-system/vendor/laravel/framework/src/Illuminate/Routing/Route.php(297): Illuminate/Foundation/Application->make()
#6 C:/xampp/htdocs/maternal-care-system/vendor/laravel/framework/src/Illuminate/Routing/Route.php(277): Illuminate/Routing/Route->getController()
#7 C:/xampp/htdocs/maternal-care-system/vendor/laravel/framework/src/Illuminate/Routing/Route.php(216): Illuminate/Routing/Route->runController()
#8 C:/xampp/htdocs/maternal-care-system/vendor/laravel/framework/src/Illuminate/Routing/Router.php(822): Illuminate/Routing/Route->run()
#9 C:/xampp/htdocs/maternal-care-system/vendor/laravel/framework/src/Illuminate/Pipeline/Pipeline.php(180): Illuminate/Routing/Router->{closure:Illuminate/Routing/Router::runRouteWithinStack():821}()
#10 C:/xampp/htdocs/maternal-care-system/vendor/laravel/framework/src/Illuminate/Routing/Middleware/SubstituteBindings.php(52): Illuminate/Pipeline/Pipeline->{closure:Illuminate/Pipeline/Pipeline::prepareDestination():178}()
#11 C:/xampp/htdocs/maternal-care-system/vendor/laravel/framework/src/Illuminate/Pipeline/Pipeline.php(219): Illuminate/Routing/Middleware/SubstituteBindings->handle()
#12 C:/xampp/htdocs/maternal-care-system/vendor/laravel/framework/src/Illuminate/Foundation/Http/Middleware/PreventRequestForgery.php(104): Illuminate/Pipeline/Pipeline->{closure:{closure:Illuminate/Pipeline/Pipeline::carry():194}:195}()
#13 C:/xampp/htdocs/maternal-care-system/vendor/laravel/framework/src/Illuminate/Pipeline/Pipeline.php(219): Illuminate/Foundation/Http/Middleware/PreventRequestForgery->handle()
#14 C:/xampp/htdocs/maternal-care-system/vendor/laravel/framework/src/Illuminate/View/Middleware/ShareErrorsFromSession.php(48): Illuminate/Pipeline/Pipeline->{closure:{closure:Illuminate/Pipeline/Pipeline::carry():194}:195}()
#15 C:/xampp/htdocs/maternal-care-system/vendor/laravel/framework/src/Illuminate/Pipeline/Pipeline.php(219): Illuminate/View/Middleware/ShareErrorsFromSession->handle()
#16 C:/xampp/htdocs/maternal-care-system/vendor/laravel/framework/src/Illuminate/Session/Middleware/StartSession.php(120): Illuminate/Pipeline/Pipeline->{closure:{closure:Illuminate/Pipeline/Pipeline::carry():194}:195}()
#17 C:/xampp/htdocs/maternal-care-system/vendor/laravel/framework/src/Illuminate/Session/Middleware/StartSession.php(63): Illuminate/Session/Middleware/StartSession->handleStatefulRequest()
#18 C:/xampp/htdocs/maternal-care-system/vendor/laravel/framework/src/Illuminate/Pipeline/Pipeline.php(219): Illuminate/Session/Middleware/StartSession->handle()
#19 C:/xampp/htdocs/maternal-care-system/vendor/laravel/framework/src/Illuminate/Cookie/Middleware/AddQueuedCookiesToResponse.php(36): Illuminate/Pipeline/Pipeline->{closure:{closure:Illuminate/Pipeline/Pipeline::carry():194}:195}()
#20 C:/xampp/htdocs/maternal-care-system/vendor/laravel/framework/src/Illuminate/Pipeline/Pipeline.php(219): Illuminate/Cookie/Middleware/AddQueuedCookiesToResponse->handle()
#21 C:/xampp/htdocs/maternal-care-system/vendor/laravel/framework/src/Illuminate/Cookie/Middleware/EncryptCookies.php(74): Illuminate/Pipeline/Pipeline->{closure:{closure:Illuminate/Pipeline/Pipeline::carry():194}:195}()
#22 C:/xampp/htdocs/maternal-care-system/vendor/laravel/framework/src/Illuminate/Pipeline/Pipeline.php(219): Illuminate/Cookie/Middleware/EncryptCookies->handle()
#23 C:/xampp/htdocs/maternal-care-system/vendor/laravel/framework/src/Illuminate/Pipeline/Pipeline.php(137): Illuminate/Pipeline/Pipeline->{closure:{closure:Illuminate/Pipeline/Pipeline::carry():194}:195}()
#24 C:/xampp/htdocs/maternal-care-system/vendor/laravel/framework/src/Illuminate/Routing/Router.php(821): Illuminate/Pipeline/Pipeline->then()
#25 C:/xampp/htdocs/maternal-care-system/vendor/laravel/framework/src/Illuminate/Routing/Router.php(800): Illuminate/Routing/Router->runRouteWithinStack()
#26 C:/xampp/htdocs/maternal-care-system/vendor/laravel/framework/src/Illuminate/Routing/Router.php(764): Illuminate/Routing/Router->runRoute()
#27 C:/xampp/htdocs/maternal-care-system/vendor/laravel/framework/src/Illuminate/Routing/Router.php(753): Illuminate/Routing/Router->dispatchToRoute()
#28 C:/xampp/htdocs/maternal-care-system/vendor/laravel/framework/src/Illuminate/Foundation/Http/Kernel.php(200): Illuminate/Routing/Router->dispatch()
#29 C:/xampp/htdocs/maternal-care-system/vendor/laravel/framework/src/Illuminate/Pipeline/Pipeline.php(180): Illuminate/Foundation/Http/Kernel->{closure:Illuminate/Foundation/Http/Kernel::dispatchToRouter():197}()
#30 C:/xampp/htdocs/maternal-care-system/vendor/laravel/framework/src/Illuminate/Foundation/Http/Middleware/TransformsRequest.php(21): Illuminate/Pipeline/Pipeline->{closure:Illuminate/Pipeline/Pipeline::prepareDestination():178}()
#31 C:/xampp/htdocs/maternal-care-system/vendor/laravel/framework/src/Illuminate/Foundation/Http/Middleware/ConvertEmptyStringsToNull.php(31): Illuminate/Foundation/Http/Middleware/TransformsRequest->handle()
#32 C:/xampp/htdocs/maternal-care-system/vendor/laravel/framework/src/Illuminate/Pipeline/Pipeline.php(219): Illuminate/Foundation/Http/Middleware/ConvertEmptyStringsToNull->handle()
#33 C:/xampp/htdocs/maternal-care-system/vendor/laravel/framework/src/Illuminate/Foundation/Http/Middleware/TransformsRequest.php(21): Illuminate/Pipeline/Pipeline->{closure:{closure:Illuminate/Pipeline/Pipeline::carry():194}:195}()
#34 C:/xampp/htdocs/maternal-care-system/vendor/laravel/framework/src/Illuminate/Foundation/Http/Middleware/TrimStrings.php(51): Illuminate/Foundation/Http/Middleware/TransformsRequest->handle()
#35 C:/xampp/htdocs/maternal-care-system/vendor/laravel/framework/src/Illuminate/Pipeline/Pipeline.php(219): Illuminate/Foundation/Http/Middleware/TrimStrings->handle()
#36 C:/xampp/htdocs/maternal-care-system/vendor/laravel/framework/src/Illuminate/Http/Middleware/ValidatePostSize.php(27): Illuminate/Pipeline/Pipeline->{closure:{closure:Illuminate/Pipeline/Pipeline::carry():194}:195}()
#37 C:/xampp/htdocs/maternal-care-system/vendor/laravel/framework/src/Illuminate/Pipeline/Pipeline.php(219): Illuminate/Http/Middleware/ValidatePostSize->handle()
#38 C:/xampp/htdocs/maternal-care-system/vendor/laravel/framework/src/Illuminate/Foundation/Http/Middleware/PreventRequestsDuringMaintenance.php(109): Illuminate/Pipeline/Pipeline->{closure:{closure:Illuminate/Pipeline/Pipeline::carry():194}:195}()
#39 C:/xampp/htdocs/maternal-care-system/vendor/laravel/framework/src/Illuminate/Pipeline/Pipeline.php(219): Illuminate/Foundation/Http/Middleware/PreventRequestsDuringMaintenance->handle()
#40 C:/xampp/htdocs/maternal-care-system/vendor/laravel/framework/src/Illuminate/Http/Middleware/HandleCors.php(61): Illuminate/Pipeline/Pipeline->{closure:{closure:Illuminate/Pipeline/Pipeline::carry():194}:195}()
#41 C:/xampp/htdocs/maternal-care-system/vendor/laravel/framework/src/Illuminate/Pipeline/Pipeline.php(219): Illuminate/Http/Middleware/HandleCors->handle()
#42 C:/xampp/htdocs/maternal-care-system/vendor/laravel/framework/src/Illuminate/Http/Middleware/TrustProxies.php(58): Illuminate/Pipeline/Pipeline->{closure:{closure:Illuminate/Pipeline/Pipeline::carry():194}:195}()
#43 C:/xampp/htdocs/maternal-care-system/vendor/laravel/framework/src/Illuminate/Pipeline/Pipeline.php(219): Illuminate/Http/Middleware/TrustProxies->handle()
#44 C:/xampp/htdocs/maternal-care-system/vendor/laravel/framework/src/Illuminate/Foundation/Http/Middleware/InvokeDeferredCallbacks.php(22): Illuminate/Pipeline/Pipeline->{closure:{closure:Illuminate/Pipeline/Pipeline::carry():194}:195}()
#45 C:/xampp/htdocs/maternal-care-system/vendor/laravel/framework/src/Illuminate/Pipeline/Pipeline.php(219): Illuminate/Foundation/Http/Middleware/InvokeDeferredCallbacks->handle()
#46 C:/xampp/htdocs/maternal-care-system/vendor/laravel/framework/src/Illuminate/Http/Middleware/ValidatePathEncoding.php(28): Illuminate/Pipeline/Pipeline->{closure:{closure:Illuminate/Pipeline/Pipeline::carry():194}:195}()
#47 C:/xampp/htdocs/maternal-care-system/vendor/laravel/framework/src/Illuminate/Pipeline/Pipeline.php(219): Illuminate/Http/Middleware/ValidatePathEncoding->handle()
#48 C:/xampp/htdocs/maternal-care-system/vendor/laravel/framework/src/Illuminate/Pipeline/Pipeline.php(137): Illuminate/Pipeline/Pipeline->{closure:{closure:Illuminate/Pipeline/Pipeline::carry():194}:195}()
#49 C:/xampp/htdocs/maternal-care-system/vendor/laravel/framework/src/Illuminate/Foundation/Http/Kernel.php(175): Illuminate/Pipeline/Pipeline->then()
#50 C:/xampp/htdocs/maternal-care-system/vendor/laravel/framework/src/Illuminate/Foundation/Http/Kernel.php(144): Illuminate/Foundation/Http/Kernel->sendRequestThroughRouter()
#51 C:/xampp/htdocs/maternal-care-system/vendor/laravel/framework/src/Illuminate/Foundation/Application.php(1220): Illuminate/Foundation/Http/Kernel->handle()
#52 C:/xampp/htdocs/maternal-care-system/public/index.php(20): Illuminate/Foundation/Application->handleRequest()
#53 C:/xampp/htdocs/maternal-care-system/vendor/laravel/framework/src/Illuminate/Foundation/resources/server.php(23): require_once('...')
#54 {main}
"} 
[2026-07-21 18:58:19] local.ERROR: Target class [HealthRecordController] does not exist. {"userId":1,"exception":"[object] (Illuminate\\Contracts\\Container\\BindingResolutionException(code: 0): Target class [HealthRecordController] does not exist. at C:/xampp/htdocs/maternal-care-system/vendor/laravel/framework/src/Illuminate/Container/Container.php:1127)
[stacktrace]
#0 C:/xampp/htdocs/maternal-care-system/vendor/laravel/framework/src/Illuminate/Container/Container.php(936): Illuminate/Container/Container->build()
#1 C:/xampp/htdocs/maternal-care-system/vendor/laravel/framework/src/Illuminate/Foundation/Application.php(1078): Illuminate/Container/Container->resolve()
#2 C:/xampp/htdocs/maternal-care-system/vendor/laravel/framework/src/Illuminate/Container/Container.php(864): Illuminate/Foundation/Application->resolve()
#3 C:/xampp/htdocs/maternal-care-system/vendor/laravel/framework/src/Illuminate/Foundation/Application.php(1058): Illuminate/Container/Container->make()
#4 C:/xampp/htdocs/maternal-care-system/vendor/laravel/framework/src/Illuminate/Routing/Route.php(297): Illuminate/Foundation/Application->make()
#5 C:/xampp/htdocs/maternal-care-system/vendor/laravel/framework/src/Illuminate/Routing/Route.php(277): Illuminate/Routing/Route->getController()
#6 C:/xampp/htdocs/maternal-care-system/vendor/laravel/framework/src/Illuminate/Routing/Route.php(216): Illuminate/Routing/Route->runController()
#7 C:/xampp/htdocs/maternal-care-system/vendor/laravel/framework/src/Illuminate/Routing/Router.php(822): Illuminate/Routing/Route->run()
#8 C:/xampp/htdocs/maternal-care-system/vendor/laravel/framework/src/Illuminate/Pipeline/Pipeline.php(180): Illuminate/Routing/Router->{closure:Illuminate/Routing/Router::runRouteWithinStack():821}()
#9 C:/xampp/htdocs/maternal-care-system/vendor/laravel/framework/src/Illuminate/Routing/Middleware/SubstituteBindings.php(52): Illuminate/Pipeline/Pipeline->{closure:Illuminate/Pipeline/Pipeline::prepareDestination():178}()
#10 C:/xampp/htdocs/maternal-care-system/vendor/laravel/framework/src/Illuminate/Pipeline/Pipeline.php(219): Illuminate/Routing/Middleware/SubstituteBindings->handle()
#11 C:/xampp/htdocs/maternal-care-system/vendor/laravel/framework/src/Illuminate/Foundation/Http/Middleware/PreventRequestForgery.php(104): Illuminate/Pipeline/Pipeline->{closure:{closure:Illuminate/Pipeline/Pipeline::carry():194}:195}()
#12 C:/xampp/htdocs/maternal-care-system/vendor/laravel/framework/src/Illuminate/Pipeline/Pipeline.php(219): Illuminate/Foundation/Http/Middleware/PreventRequestForgery->handle()
#13 C:/xampp/htdocs/maternal-care-system/vendor/laravel/framework/src/Illuminate/View/Middleware/ShareErrorsFromSession.php(48): Illuminate/Pipeline/Pipeline->{closure:{closure:Illuminate/Pipeline/Pipeline::carry():194}:195}()
#14 C:/xampp/htdocs/maternal-care-system/vendor/laravel/framework/src/Illuminate/Pipeline/Pipeline.php(219): Illuminate/View/Middleware/ShareErrorsFromSession->handle()
#15 C:/xampp/htdocs/maternal-care-system/vendor/laravel/framework/src/Illuminate/Session/Middleware/StartSession.php(120): Illuminate/Pipeline/Pipeline->{closure:{closure:Illuminate/Pipeline/Pipeline::carry():194}:195}()
#16 C:/xampp/htdocs/maternal-care-system/vendor/laravel/framework/src/Illuminate/Session/Middleware/StartSession.php(63): Illuminate/Session/Middleware/StartSession->handleStatefulRequest()
#17 C:/xampp/htdocs/maternal-care-system/vendor/laravel/framework/src/Illuminate/Pipeline/Pipeline.php(219): Illuminate/Session/Middleware/StartSession->handle()
#18 C:/xampp/htdocs/maternal-care-system/vendor/laravel/framework/src/Illuminate/Cookie/Middleware/AddQueuedCookiesToResponse.php(36): Illuminate/Pipeline/Pipeline->{closure:{closure:Illuminate/Pipeline/Pipeline::carry():194}:195}()
#19 C:/xampp/htdocs/maternal-care-system/vendor/laravel/framework/src/Illuminate/Pipeline/Pipeline.php(219): Illuminate/Cookie/Middleware/AddQueuedCookiesToResponse->handle()
#20 C:/xampp/htdocs/maternal-care-system/vendor/laravel/framework/src/Illuminate/Cookie/Middleware/EncryptCookies.php(74): Illuminate/Pipeline/Pipeline->{closure:{closure:Illuminate/Pipeline/Pipeline::carry():194}:195}()
#21 C:/xampp/htdocs/maternal-care-system/vendor/laravel/framework/src/Illuminate/Pipeline/Pipeline.php(219): Illuminate/Cookie/Middleware/EncryptCookies->handle()
#22 C:/xampp/htdocs/maternal-care-system/vendor/laravel/framework/src/Illuminate/Pipeline/Pipeline.php(137): Illuminate/Pipeline/Pipeline->{closure:{closure:Illuminate/Pipeline/Pipeline::carry():194}:195}()
#23 C:/xampp/htdocs/maternal-care-system/vendor/laravel/framework/src/Illuminate/Routing/Router.php(821): Illuminate/Pipeline/Pipeline->then()
#24 C:/xampp/htdocs/maternal-care-system/vendor/laravel/framework/src/Illuminate/Routing/Router.php(800): Illuminate/Routing/Router->runRouteWithinStack()
#25 C:/xampp/htdocs/maternal-care-system/vendor/laravel/framework/src/Illuminate/Routing/Router.php(764): Illuminate/Routing/Router->runRoute()
#26 C:/xampp/htdocs/maternal-care-system/vendor/laravel/framework/src/Illuminate/Routing/Router.php(753): Illuminate/Routing/Router->dispatchToRoute()
#27 C:/xampp/htdocs/maternal-care-system/vendor/laravel/framework/src/Illuminate/Foundation/Http/Kernel.php(200): Illuminate/Routing/Router->dispatch()
#28 C:/xampp/htdocs/maternal-care-system/vendor/laravel/framework/src/Illuminate/Pipeline/Pipeline.php(180): Illuminate/Foundation/Http/Kernel->{closure:Illuminate/Foundation/Http/Kernel::dispatchToRouter():197}()
#29 C:/xampp/htdocs/maternal-care-system/vendor/laravel/framework/src/Illuminate/Foundation/Http/Middleware/TransformsRequest.php(21): Illuminate/Pipeline/Pipeline->{closure:Illuminate/Pipeline/Pipeline::prepareDestination():178}()
#30 C:/xampp/htdocs/maternal-care-system/vendor/laravel/framework/src/Illuminate/Foundation/Http/Middleware/ConvertEmptyStringsToNull.php(31): Illuminate/Foundation/Http/Middleware/TransformsRequest->handle()
#31 C:/xampp/htdocs/maternal-care-system/vendor/laravel/framework/src/Illuminate/Pipeline/Pipeline.php(219): Illuminate/Foundation/Http/Middleware/ConvertEmptyStringsToNull->handle()
#32 C:/xampp/htdocs/maternal-care-system/vendor/laravel/framework/src/Illuminate/Foundation/Http/Middleware/TransformsRequest.php(21): Illuminate/Pipeline/Pipeline->{closure:{closure:Illuminate/Pipeline/Pipeline::carry():194}:195}()
#33 C:/xampp/htdocs/maternal-care-system/vendor/laravel/framework/src/Illuminate/Foundation/Http/Middleware/TrimStrings.php(51): Illuminate/Foundation/Http/Middleware/TransformsRequest->handle()
#34 C:/xampp/htdocs/maternal-care-system/vendor/laravel/framework/src/Illuminate/Pipeline/Pipeline.php(219): Illuminate/Foundation/Http/Middleware/TrimStrings->handle()
#35 C:/xampp/htdocs/maternal-care-system/vendor/laravel/framework/src/Illuminate/Http/Middleware/ValidatePostSize.php(27): Illuminate/Pipeline/Pipeline->{closure:{closure:Illuminate/Pipeline/Pipeline::carry():194}:195}()
#36 C:/xampp/htdocs/maternal-care-system/vendor/laravel/framework/src/Illuminate/Pipeline/Pipeline.php(219): Illuminate/Http/Middleware/ValidatePostSize->handle()
#37 C:/xampp/htdocs/maternal-care-system/vendor/laravel/framework/src/Illuminate/Foundation/Http/Middleware/PreventRequestsDuringMaintenance.php(109): Illuminate/Pipeline/Pipeline->{closure:{closure:Illuminate/Pipeline/Pipeline::carry():194}:195}()
#38 C:/xampp/htdocs/maternal-care-system/vendor/laravel/framework/src/Illuminate/Pipeline/Pipeline.php(219): Illuminate/Foundation/Http/Middleware/PreventRequestsDuringMaintenance->handle()
#39 C:/xampp/htdocs/maternal-care-system/vendor/laravel/framework/src/Illuminate/Http/Middleware/HandleCors.php(61): Illuminate/Pipeline/Pipeline->{closure:{closure:Illuminate/Pipeline/Pipeline::carry():194}:195}()
#40 C:/xampp/htdocs/maternal-care-system/vendor/laravel/framework/src/Illuminate/Pipeline/Pipeline.php(219): Illuminate/Http/Middleware/HandleCors->handle()
#41 C:/xampp/htdocs/maternal-care-system/vendor/laravel/framework/src/Illuminate/Http/Middleware/TrustProxies.php(58): Illuminate/Pipeline/Pipeline->{closure:{closure:Illuminate/Pipeline/Pipeline::carry():194}:195}()
#42 C:/xampp/htdocs/maternal-care-system/vendor/laravel/framework/src/Illuminate/Pipeline/Pipeline.php(219): Illuminate/Http/Middleware/TrustProxies->handle()
#43 C:/xampp/htdocs/maternal-care-system/vendor/laravel/framework/src/Illuminate/Foundation/Http/Middleware/InvokeDeferredCallbacks.php(22): Illuminate/Pipeline/Pipeline->{closure:{closure:Illuminate/Pipeline/Pipeline::carry():194}:195}()
#44 C:/xampp/htdocs/maternal-care-system/vendor/laravel/framework/src/Illuminate/Pipeline/Pipeline.php(219): Illuminate/Foundation/Http/Middleware/InvokeDeferredCallbacks->handle()
#45 C:/xampp/htdocs/maternal-care-system/vendor/laravel/framework/src/Illuminate/Http/Middleware/ValidatePathEncoding.php(28): Illuminate/Pipeline/Pipeline->{closure:{closure:Illuminate/Pipeline/Pipeline::carry():194}:195}()
#46 C:/xampp/htdocs/maternal-care-system/vendor/laravel/framework/src/Illuminate/Pipeline/Pipeline.php(219): Illuminate/Http/Middleware/ValidatePathEncoding->handle()
#47 C:/xampp/htdocs/maternal-care-system/vendor/laravel/framework/src/Illuminate/Pipeline/Pipeline.php(137): Illuminate/Pipeline/Pipeline->{closure:{closure:Illuminate/Pipeline/Pipeline::carry():194}:195}()
#48 C:/xampp/htdocs/maternal-care-system/vendor/laravel/framework/src/Illuminate/Foundation/Http/Kernel.php(175): Illuminate/Pipeline/Pipeline->then()
#49 C:/xampp/htdocs/maternal-care-system/vendor/laravel/framework/src/Illuminate/Foundation/Http/Kernel.php(144): Illuminate/Foundation/Http/Kernel->sendRequestThroughRouter()
#50 C:/xampp/htdocs/maternal-care-system/vendor/laravel/framework/src/Illuminate/Foundation/Application.php(1220): Illuminate/Foundation/Http/Kernel->handle()
#51 C:/xampp/htdocs/maternal-care-system/public/index.php(20): Illuminate/Foundation/Application->handleRequest()
#52 C:/xampp/htdocs/maternal-care-system/vendor/laravel/framework/src/Illuminate/Foundation/resources/server.php(23): require_once('...')
#53 {main}

[previous exception] [object] (ReflectionException(code: -1): Class \"HealthRecordController\" does not exist at C:/xampp/htdocs/maternal-care-system/vendor/laravel/framework/src/Illuminate/Container/Container.php:1125)
[stacktrace]
#0 C:/xampp/htdocs/maternal-care-system/vendor/laravel/framework/src/Illuminate/Container/Container.php(1125): ReflectionClass->__construct()
#1 C:/xampp/htdocs/maternal-care-system/vendor/laravel/framework/src/Illuminate/Container/Container.php(936): Illuminate/Container/Container->build()
#2 C:/xampp/htdocs/maternal-care-system/vendor/laravel/framework/src/Illuminate/Foundation/Application.php(1078): Illuminate/Container/Container->resolve()
#3 C:/xampp/htdocs/maternal-care-system/vendor/laravel/framework/src/Illuminate/Container/Container.php(864): Illuminate/Foundation/Application->resolve()
#4 C:/xampp/htdocs/maternal-care-system/vendor/laravel/framework/src/Illuminate/Foundation/Application.php(1058): Illuminate/Container/Container->make()
#5 C:/xampp/htdocs/maternal-care-system/vendor/laravel/framework/src/Illuminate/Routing/Route.php(297): Illuminate/Foundation/Application->make()
#6 C:/xampp/htdocs/maternal-care-system/vendor/laravel/framework/src/Illuminate/Routing/Route.php(277): Illuminate/Routing/Route->getController()
#7 C:/xampp/htdocs/maternal-care-system/vendor/laravel/framework/src/Illuminate/Routing/Route.php(216): Illuminate/Routing/Route->runController()
#8 C:/xampp/htdocs/maternal-care-system/vendor/laravel/framework/src/Illuminate/Routing/Router.php(822): Illuminate/Routing/Route->run()
#9 C:/xampp/htdocs/maternal-care-system/vendor/laravel/framework/src/Illuminate/Pipeline/Pipeline.php(180): Illuminate/Routing/Router->{closure:Illuminate/Routing/Router::runRouteWithinStack():821}()
#10 C:/xampp/htdocs/maternal-care-system/vendor/laravel/framework/src/Illuminate/Routing/Middleware/SubstituteBindings.php(52): Illuminate/Pipeline/Pipeline->{closure:Illuminate/Pipeline/Pipeline::prepareDestination():178}()
#11 C:/xampp/htdocs/maternal-care-system/vendor/laravel/framework/src/Illuminate/Pipeline/Pipeline.php(219): Illuminate/Routing/Middleware/SubstituteBindings->handle()
#12 C:/xampp/htdocs/maternal-care-system/vendor/laravel/framework/src/Illuminate/Foundation/Http/Middleware/PreventRequestForgery.php(104): Illuminate/Pipeline/Pipeline->{closure:{closure:Illuminate/Pipeline/Pipeline::carry():194}:195}()
#13 C:/xampp/htdocs/maternal-care-system/vendor/laravel/framework/src/Illuminate/Pipeline/Pipeline.php(219): Illuminate/Foundation/Http/Middleware/PreventRequestForgery->handle()
#14 C:/xampp/htdocs/maternal-care-system/vendor/laravel/framework/src/Illuminate/View/Middleware/ShareErrorsFromSession.php(48): Illuminate/Pipeline/Pipeline->{closure:{closure:Illuminate/Pipeline/Pipeline::carry():194}:195}()
#15 C:/xampp/htdocs/maternal-care-system/vendor/laravel/framework/src/Illuminate/Pipeline/Pipeline.php(219): Illuminate/View/Middleware/ShareErrorsFromSession->handle()
#16 C:/xampp/htdocs/maternal-care-system/vendor/laravel/framework/src/Illuminate/Session/Middleware/StartSession.php(120): Illuminate/Pipeline/Pipeline->{closure:{closure:Illuminate/Pipeline/Pipeline::carry():194}:195}()
#17 C:/xampp/htdocs/maternal-care-system/vendor/laravel/framework/src/Illuminate/Session/Middleware/StartSession.php(63): Illuminate/Session/Middleware/StartSession->handleStatefulRequest()
#18 C:/xampp/htdocs/maternal-care-system/vendor/laravel/framework/src/Illuminate/Pipeline/Pipeline.php(219): Illuminate/Session/Middleware/StartSession->handle()
#19 C:/xampp/htdocs/maternal-care-system/vendor/laravel/framework/src/Illuminate/Cookie/Middleware/AddQueuedCookiesToResponse.php(36): Illuminate/Pipeline/Pipeline->{closure:{closure:Illuminate/Pipeline/Pipeline::carry():194}:195}()
#20 C:/xampp/htdocs/maternal-care-system/vendor/laravel/framework/src/Illuminate/Pipeline/Pipeline.php(219): Illuminate/Cookie/Middleware/AddQueuedCookiesToResponse->handle()
#21 C:/xampp/htdocs/maternal-care-system/vendor/laravel/framework/src/Illuminate/Cookie/Middleware/EncryptCookies.php(74): Illuminate/Pipeline/Pipeline->{closure:{closure:Illuminate/Pipeline/Pipeline::carry():194}:195}()
#22 C:/xampp/htdocs/maternal-care-system/vendor/laravel/framework/src/Illuminate/Pipeline/Pipeline.php(219): Illuminate/Cookie/Middleware/EncryptCookies->handle()
#23 C:/xampp/htdocs/maternal-care-system/vendor/laravel/framework/src/Illuminate/Pipeline/Pipeline.php(137): Illuminate/Pipeline/Pipeline->{closure:{closure:Illuminate/Pipeline/Pipeline::carry():194}:195}()
#24 C:/xampp/htdocs/maternal-care-system/vendor/laravel/framework/src/Illuminate/Routing/Router.php(821): Illuminate/Pipeline/Pipeline->then()
#25 C:/xampp/htdocs/maternal-care-system/vendor/laravel/framework/src/Illuminate/Routing/Router.php(800): Illuminate/Routing/Router->runRouteWithinStack()
#26 C:/xampp/htdocs/maternal-care-system/vendor/laravel/framework/src/Illuminate/Routing/Router.php(764): Illuminate/Routing/Router->runRoute()
#27 C:/xampp/htdocs/maternal-care-system/vendor/laravel/framework/src/Illuminate/Routing/Router.php(753): Illuminate/Routing/Router->dispatchToRoute()
#28 C:/xampp/htdocs/maternal-care-system/vendor/laravel/framework/src/Illuminate/Foundation/Http/Kernel.php(200): Illuminate/Routing/Router->dispatch()
#29 C:/xampp/htdocs/maternal-care-system/vendor/laravel/framework/src/Illuminate/Pipeline/Pipeline.php(180): Illuminate/Foundation/Http/Kernel->{closure:Illuminate/Foundation/Http/Kernel::dispatchToRouter():197}()
#30 C:/xampp/htdocs/maternal-care-system/vendor/laravel/framework/src/Illuminate/Foundation/Http/Middleware/TransformsRequest.php(21): Illuminate/Pipeline/Pipeline->{closure:Illuminate/Pipeline/Pipeline::prepareDestination():178}()
#31 C:/xampp/htdocs/maternal-care-system/vendor/laravel/framework/src/Illuminate/Foundation/Http/Middleware/ConvertEmptyStringsToNull.php(31): Illuminate/Foundation/Http/Middleware/TransformsRequest->handle()
#32 C:/xampp/htdocs/maternal-care-system/vendor/laravel/framework/src/Illuminate/Pipeline/Pipeline.php(219): Illuminate/Foundation/Http/Middleware/ConvertEmptyStringsToNull->handle()
#33 C:/xampp/htdocs/maternal-care-system/vendor/laravel/framework/src/Illuminate/Foundation/Http/Middleware/TransformsRequest.php(21): Illuminate/Pipeline/Pipeline->{closure:{closure:Illuminate/Pipeline/Pipeline::carry():194}:195}()
#34 C:/xampp/htdocs/maternal-care-system/vendor/laravel/framework/src/Illuminate/Foundation/Http/Middleware/TrimStrings.php(51): Illuminate/Foundation/Http/Middleware/TransformsRequest->handle()
#35 C:/xampp/htdocs/maternal-care-system/vendor/laravel/framework/src/Illuminate/Pipeline/Pipeline.php(219): Illuminate/Foundation/Http/Middleware/TrimStrings->handle()
#36 C:/xampp/htdocs/maternal-care-system/vendor/laravel/framework/src/Illuminate/Http/Middleware/ValidatePostSize.php(27): Illuminate/Pipeline/Pipeline->{closure:{closure:Illuminate/Pipeline/Pipeline::carry():194}:195}()
#37 C:/xampp/htdocs/maternal-care-system/vendor/laravel/framework/src/Illuminate/Pipeline/Pipeline.php(219): Illuminate/Http/Middleware/ValidatePostSize->handle()
#38 C:/xampp/htdocs/maternal-care-system/vendor/laravel/framework/src/Illuminate/Foundation/Http/Middleware/PreventRequestsDuringMaintenance.php(109): Illuminate/Pipeline/Pipeline->{closure:{closure:Illuminate/Pipeline/Pipeline::carry():194}:195}()
#39 C:/xampp/htdocs/maternal-care-system/vendor/laravel/framework/src/Illuminate/Pipeline/Pipeline.php(219): Illuminate/Foundation/Http/Middleware/PreventRequestsDuringMaintenance->handle()
#40 C:/xampp/htdocs/maternal-care-system/vendor/laravel/framework/src/Illuminate/Http/Middleware/HandleCors.php(61): Illuminate/Pipeline/Pipeline->{closure:{closure:Illuminate/Pipeline/Pipeline::carry():194}:195}()
#41 C:/xampp/htdocs/maternal-care-system/vendor/laravel/framework/src/Illuminate/Pipeline/Pipeline.php(219): Illuminate/Http/Middleware/HandleCors->handle()
#42 C:/xampp/htdocs/maternal-care-system/vendor/laravel/framework/src/Illuminate/Http/Middleware/TrustProxies.php(58): Illuminate/Pipeline/Pipeline->{closure:{closure:Illuminate/Pipeline/Pipeline::carry():194}:195}()
#43 C:/xampp/htdocs/maternal-care-system/vendor/laravel/framework/src/Illuminate/Pipeline/Pipeline.php(219): Illuminate/Http/Middleware/TrustProxies->handle()
#44 C:/xampp/htdocs/maternal-care-system/vendor/laravel/framework/src/Illuminate/Foundation/Http/Middleware/InvokeDeferredCallbacks.php(22): Illuminate/Pipeline/Pipeline->{closure:{closure:Illuminate/Pipeline/Pipeline::carry():194}:195}()
#45 C:/xampp/htdocs/maternal-care-system/vendor/laravel/framework/src/Illuminate/Pipeline/Pipeline.php(219): Illuminate/Foundation/Http/Middleware/InvokeDeferredCallbacks->handle()
#46 C:/xampp/htdocs/maternal-care-system/vendor/laravel/framework/src/Illuminate/Http/Middleware/ValidatePathEncoding.php(28): Illuminate/Pipeline/Pipeline->{closure:{closure:Illuminate/Pipeline/Pipeline::carry():194}:195}()
#47 C:/xampp/htdocs/maternal-care-system/vendor/laravel/framework/src/Illuminate/Pipeline/Pipeline.php(219): Illuminate/Http/Middleware/ValidatePathEncoding->handle()
#48 C:/xampp/htdocs/maternal-care-system/vendor/laravel/framework/src/Illuminate/Pipeline/Pipeline.php(137): Illuminate/Pipeline/Pipeline->{closure:{closure:Illuminate/Pipeline/Pipeline::carry():194}:195}()
#49 C:/xampp/htdocs/maternal-care-system/vendor/laravel/framework/src/Illuminate/Foundation/Http/Kernel.php(175): Illuminate/Pipeline/Pipeline->then()
#50 C:/xampp/htdocs/maternal-care-system/vendor/laravel/framework/src/Illuminate/Foundation/Http/Kernel.php(144): Illuminate/Foundation/Http/Kernel->sendRequestThroughRouter()
#51 C:/xampp/htdocs/maternal-care-system/vendor/laravel/framework/src/Illuminate/Foundation/Application.php(1220): Illuminate/Foundation/Http/Kernel->handle()
#52 C:/xampp/htdocs/maternal-care-system/public/index.php(20): Illuminate/Foundation/Application->handleRequest()
#53 C:/xampp/htdocs/maternal-care-system/vendor/laravel/framework/src/Illuminate/Foundation/resources/server.php(23): require_once('...')
#54 {main}
"} 
[2026-07-21 18:59:34] local.ERROR: Target class [HealthRecordController] does not exist. {"userId":1,"exception":"[object] (Illuminate\\Contracts\\Container\\BindingResolutionException(code: 0): Target class [HealthRecordController] does not exist. at C:/xampp/htdocs/maternal-care-system/vendor/laravel/framework/src/Illuminate/Container/Container.php:1127)
[stacktrace]
#0 C:/xampp/htdocs/maternal-care-system/vendor/laravel/framework/src/Illuminate/Container/Container.php(936): Illuminate/Container/Container->build()
#1 C:/xampp/htdocs/maternal-care-system/vendor/laravel/framework/src/Illuminate/Foundation/Application.php(1078): Illuminate/Container/Container->resolve()
#2 C:/xampp/htdocs/maternal-care-system/vendor/laravel/framework/src/Illuminate/Container/Container.php(864): Illuminate/Foundation/Application->resolve()
#3 C:/xampp/htdocs/maternal-care-system/vendor/laravel/framework/src/Illuminate/Foundation/Application.php(1058): Illuminate/Container/Container->make()
#4 C:/xampp/htdocs/maternal-care-system/vendor/laravel/framework/src/Illuminate/Routing/Route.php(297): Illuminate/Foundation/Application->make()
#5 C:/xampp/htdocs/maternal-care-system/vendor/laravel/framework/src/Illuminate/Routing/Route.php(277): Illuminate/Routing/Route->getController()
#6 C:/xampp/htdocs/maternal-care-system/vendor/laravel/framework/src/Illuminate/Routing/Route.php(216): Illuminate/Routing/Route->runController()
#7 C:/xampp/htdocs/maternal-care-system/vendor/laravel/framework/src/Illuminate/Routing/Router.php(822): Illuminate/Routing/Route->run()
#8 C:/xampp/htdocs/maternal-care-system/vendor/laravel/framework/src/Illuminate/Pipeline/Pipeline.php(180): Illuminate/Routing/Router->{closure:Illuminate/Routing/Router::runRouteWithinStack():821}()
#9 C:/xampp/htdocs/maternal-care-system/vendor/laravel/framework/src/Illuminate/Routing/Middleware/SubstituteBindings.php(52): Illuminate/Pipeline/Pipeline->{closure:Illuminate/Pipeline/Pipeline::prepareDestination():178}()
#10 C:/xampp/htdocs/maternal-care-system/vendor/laravel/framework/src/Illuminate/Pipeline/Pipeline.php(219): Illuminate/Routing/Middleware/SubstituteBindings->handle()
#11 C:/xampp/htdocs/maternal-care-system/vendor/laravel/framework/src/Illuminate/Foundation/Http/Middleware/PreventRequestForgery.php(104): Illuminate/Pipeline/Pipeline->{closure:{closure:Illuminate/Pipeline/Pipeline::carry():194}:195}()
#12 C:/xampp/htdocs/maternal-care-system/vendor/laravel/framework/src/Illuminate/Pipeline/Pipeline.php(219): Illuminate/Foundation/Http/Middleware/PreventRequestForgery->handle()
#13 C:/xampp/htdocs/maternal-care-system/vendor/laravel/framework/src/Illuminate/View/Middleware/ShareErrorsFromSession.php(48): Illuminate/Pipeline/Pipeline->{closure:{closure:Illuminate/Pipeline/Pipeline::carry():194}:195}()
#14 C:/xampp/htdocs/maternal-care-system/vendor/laravel/framework/src/Illuminate/Pipeline/Pipeline.php(219): Illuminate/View/Middleware/ShareErrorsFromSession->handle()
#15 C:/xampp/htdocs/maternal-care-system/vendor/laravel/framework/src/Illuminate/Session/Middleware/StartSession.php(120): Illuminate/Pipeline/Pipeline->{closure:{closure:Illuminate/Pipeline/Pipeline::carry():194}:195}()
#16 C:/xampp/htdocs/maternal-care-system/vendor/laravel/framework/src/Illuminate/Session/Middleware/StartSession.php(63): Illuminate/Session/Middleware/StartSession->handleStatefulRequest()
#17 C:/xampp/htdocs/maternal-care-system/vendor/laravel/framework/src/Illuminate/Pipeline/Pipeline.php(219): Illuminate/Session/Middleware/StartSession->handle()
#18 C:/xampp/htdocs/maternal-care-system/vendor/laravel/framework/src/Illuminate/Cookie/Middleware/AddQueuedCookiesToResponse.php(36): Illuminate/Pipeline/Pipeline->{closure:{closure:Illuminate/Pipeline/Pipeline::carry():194}:195}()
#19 C:/xampp/htdocs/maternal-care-system/vendor/laravel/framework/src/Illuminate/Pipeline/Pipeline.php(219): Illuminate/Cookie/Middleware/AddQueuedCookiesToResponse->handle()
#20 C:/xampp/htdocs/maternal-care-system/vendor/laravel/framework/src/Illuminate/Cookie/Middleware/EncryptCookies.php(74): Illuminate/Pipeline/Pipeline->{closure:{closure:Illuminate/Pipeline/Pipeline::carry():194}:195}()
#21 C:/xampp/htdocs/maternal-care-system/vendor/laravel/framework/src/Illuminate/Pipeline/Pipeline.php(219): Illuminate/Cookie/Middleware/EncryptCookies->handle()
#22 C:/xampp/htdocs/maternal-care-system/vendor/laravel/framework/src/Illuminate/Pipeline/Pipeline.php(137): Illuminate/Pipeline/Pipeline->{closure:{closure:Illuminate/Pipeline/Pipeline::carry():194}:195}()
#23 C:/xampp/htdocs/maternal-care-system/vendor/laravel/framework/src/Illuminate/Routing/Router.php(821): Illuminate/Pipeline/Pipeline->then()
#24 C:/xampp/htdocs/maternal-care-system/vendor/laravel/framework/src/Illuminate/Routing/Router.php(800): Illuminate/Routing/Router->runRouteWithinStack()
#25 C:/xampp/htdocs/maternal-care-system/vendor/laravel/framework/src/Illuminate/Routing/Router.php(764): Illuminate/Routing/Router->runRoute()
#26 C:/xampp/htdocs/maternal-care-system/vendor/laravel/framework/src/Illuminate/Routing/Router.php(753): Illuminate/Routing/Router->dispatchToRoute()
#27 C:/xampp/htdocs/maternal-care-system/vendor/laravel/framework/src/Illuminate/Foundation/Http/Kernel.php(200): Illuminate/Routing/Router->dispatch()
#28 C:/xampp/htdocs/maternal-care-system/vendor/laravel/framework/src/Illuminate/Pipeline/Pipeline.php(180): Illuminate/Foundation/Http/Kernel->{closure:Illuminate/Foundation/Http/Kernel::dispatchToRouter():197}()
#29 C:/xampp/htdocs/maternal-care-system/vendor/laravel/framework/src/Illuminate/Foundation/Http/Middleware/TransformsRequest.php(21): Illuminate/Pipeline/Pipeline->{closure:Illuminate/Pipeline/Pipeline::prepareDestination():178}()
#30 C:/xampp/htdocs/maternal-care-system/vendor/laravel/framework/src/Illuminate/Foundation/Http/Middleware/ConvertEmptyStringsToNull.php(31): Illuminate/Foundation/Http/Middleware/TransformsRequest->handle()
#31 C:/xampp/htdocs/maternal-care-system/vendor/laravel/framework/src/Illuminate/Pipeline/Pipeline.php(219): Illuminate/Foundation/Http/Middleware/ConvertEmptyStringsToNull->handle()
#32 C:/xampp/htdocs/maternal-care-system/vendor/laravel/framework/src/Illuminate/Foundation/Http/Middleware/TransformsRequest.php(21): Illuminate/Pipeline/Pipeline->{closure:{closure:Illuminate/Pipeline/Pipeline::carry():194}:195}()
#33 C:/xampp/htdocs/maternal-care-system/vendor/laravel/framework/src/Illuminate/Foundation/Http/Middleware/TrimStrings.php(51): Illuminate/Foundation/Http/Middleware/TransformsRequest->handle()
#34 C:/xampp/htdocs/maternal-care-system/vendor/laravel/framework/src/Illuminate/Pipeline/Pipeline.php(219): Illuminate/Foundation/Http/Middleware/TrimStrings->handle()
#35 C:/xampp/htdocs/maternal-care-system/vendor/laravel/framework/src/Illuminate/Http/Middleware/ValidatePostSize.php(27): Illuminate/Pipeline/Pipeline->{closure:{closure:Illuminate/Pipeline/Pipeline::carry():194}:195}()
#36 C:/xampp/htdocs/maternal-care-system/vendor/laravel/framework/src/Illuminate/Pipeline/Pipeline.php(219): Illuminate/Http/Middleware/ValidatePostSize->handle()
#37 C:/xampp/htdocs/maternal-care-system/vendor/laravel/framework/src/Illuminate/Foundation/Http/Middleware/PreventRequestsDuringMaintenance.php(109): Illuminate/Pipeline/Pipeline->{closure:{closure:Illuminate/Pipeline/Pipeline::carry():194}:195}()
#38 C:/xampp/htdocs/maternal-care-system/vendor/laravel/framework/src/Illuminate/Pipeline/Pipeline.php(219): Illuminate/Foundation/Http/Middleware/PreventRequestsDuringMaintenance->handle()
#39 C:/xampp/htdocs/maternal-care-system/vendor/laravel/framework/src/Illuminate/Http/Middleware/HandleCors.php(61): Illuminate/Pipeline/Pipeline->{closure:{closure:Illuminate/Pipeline/Pipeline::carry():194}:195}()
#40 C:/xampp/htdocs/maternal-care-system/vendor/laravel/framework/src/Illuminate/Pipeline/Pipeline.php(219): Illuminate/Http/Middleware/HandleCors->handle()
#41 C:/xampp/htdocs/maternal-care-system/vendor/laravel/framework/src/Illuminate/Http/Middleware/TrustProxies.php(58): Illuminate/Pipeline/Pipeline->{closure:{closure:Illuminate/Pipeline/Pipeline::carry():194}:195}()
#42 C:/xampp/htdocs/maternal-care-system/vendor/laravel/framework/src/Illuminate/Pipeline/Pipeline.php(219): Illuminate/Http/Middleware/TrustProxies->handle()
#43 C:/xampp/htdocs/maternal-care-system/vendor/laravel/framework/src/Illuminate/Foundation/Http/Middleware/InvokeDeferredCallbacks.php(22): Illuminate/Pipeline/Pipeline->{closure:{closure:Illuminate/Pipeline/Pipeline::carry():194}:195}()
#44 C:/xampp/htdocs/maternal-care-system/vendor/laravel/framework/src/Illuminate/Pipeline/Pipeline.php(219): Illuminate/Foundation/Http/Middleware/InvokeDeferredCallbacks->handle()
#45 C:/xampp/htdocs/maternal-care-system/vendor/laravel/framework/src/Illuminate/Http/Middleware/ValidatePathEncoding.php(28): Illuminate/Pipeline/Pipeline->{closure:{closure:Illuminate/Pipeline/Pipeline::carry():194}:195}()
#46 C:/xampp/htdocs/maternal-care-system/vendor/laravel/framework/src/Illuminate/Pipeline/Pipeline.php(219): Illuminate/Http/Middleware/ValidatePathEncoding->handle()
#47 C:/xampp/htdocs/maternal-care-system/vendor/laravel/framework/src/Illuminate/Pipeline/Pipeline.php(137): Illuminate/Pipeline/Pipeline->{closure:{closure:Illuminate/Pipeline/Pipeline::carry():194}:195}()
#48 C:/xampp/htdocs/maternal-care-system/vendor/laravel/framework/src/Illuminate/Foundation/Http/Kernel.php(175): Illuminate/Pipeline/Pipeline->then()
#49 C:/xampp/htdocs/maternal-care-system/vendor/laravel/framework/src/Illuminate/Foundation/Http/Kernel.php(144): Illuminate/Foundation/Http/Kernel->sendRequestThroughRouter()
#50 C:/xampp/htdocs/maternal-care-system/vendor/laravel/framework/src/Illuminate/Foundation/Application.php(1220): Illuminate/Foundation/Http/Kernel->handle()
#51 C:/xampp/htdocs/maternal-care-system/public/index.php(20): Illuminate/Foundation/Application->handleRequest()
#52 C:/xampp/htdocs/maternal-care-system/vendor/laravel/framework/src/Illuminate/Foundation/resources/server.php(23): require_once('...')
#53 {main}

[previous exception] [object] (ReflectionException(code: -1): Class \"HealthRecordController\" does not exist at C:/xampp/htdocs/maternal-care-system/vendor/laravel/framework/src/Illuminate/Container/Container.php:1125)
[stacktrace]
#0 C:/xampp/htdocs/maternal-care-system/vendor/laravel/framework/src/Illuminate/Container/Container.php(1125): ReflectionClass->__construct()
#1 C:/xampp/htdocs/maternal-care-system/vendor/laravel/framework/src/Illuminate/Container/Container.php(936): Illuminate/Container/Container->build()
#2 C:/xampp/htdocs/maternal-care-system/vendor/laravel/framework/src/Illuminate/Foundation/Application.php(1078): Illuminate/Container/Container->resolve()
#3 C:/xampp/htdocs/maternal-care-system/vendor/laravel/framework/src/Illuminate/Container/Container.php(864): Illuminate/Foundation/Application->resolve()
#4 C:/xampp/htdocs/maternal-care-system/vendor/laravel/framework/src/Illuminate/Foundation/Application.php(1058): Illuminate/Container/Container->make()
#5 C:/xampp/htdocs/maternal-care-system/vendor/laravel/framework/src/Illuminate/Routing/Route.php(297): Illuminate/Foundation/Application->make()
#6 C:/xampp/htdocs/maternal-care-system/vendor/laravel/framework/src/Illuminate/Routing/Route.php(277): Illuminate/Routing/Route->getController()
#7 C:/xampp/htdocs/maternal-care-system/vendor/laravel/framework/src/Illuminate/Routing/Route.php(216): Illuminate/Routing/Route->runController()
#8 C:/xampp/htdocs/maternal-care-system/vendor/laravel/framework/src/Illuminate/Routing/Router.php(822): Illuminate/Routing/Route->run()
#9 C:/xampp/htdocs/maternal-care-system/vendor/laravel/framework/src/Illuminate/Pipeline/Pipeline.php(180): Illuminate/Routing/Router->{closure:Illuminate/Routing/Router::runRouteWithinStack():821}()
#10 C:/xampp/htdocs/maternal-care-system/vendor/laravel/framework/src/Illuminate/Routing/Middleware/SubstituteBindings.php(52): Illuminate/Pipeline/Pipeline->{closure:Illuminate/Pipeline/Pipeline::prepareDestination():178}()
#11 C:/xampp/htdocs/maternal-care-system/vendor/laravel/framework/src/Illuminate/Pipeline/Pipeline.php(219): Illuminate/Routing/Middleware/SubstituteBindings->handle()
#12 C:/xampp/htdocs/maternal-care-system/vendor/laravel/framework/src/Illuminate/Foundation/Http/Middleware/PreventRequestForgery.php(104): Illuminate/Pipeline/Pipeline->{closure:{closure:Illuminate/Pipeline/Pipeline::carry():194}:195}()
#13 C:/xampp/htdocs/maternal-care-system/vendor/laravel/framework/src/Illuminate/Pipeline/Pipeline.php(219): Illuminate/Foundation/Http/Middleware/PreventRequestForgery->handle()
#14 C:/xampp/htdocs/maternal-care-system/vendor/laravel/framework/src/Illuminate/View/Middleware/ShareErrorsFromSession.php(48): Illuminate/Pipeline/Pipeline->{closure:{closure:Illuminate/Pipeline/Pipeline::carry():194}:195}()
#15 C:/xampp/htdocs/maternal-care-system/vendor/laravel/framework/src/Illuminate/Pipeline/Pipeline.php(219): Illuminate/View/Middleware/ShareErrorsFromSession->handle()
#16 C:/xampp/htdocs/maternal-care-system/vendor/laravel/framework/src/Illuminate/Session/Middleware/StartSession.php(120): Illuminate/Pipeline/Pipeline->{closure:{closure:Illuminate/Pipeline/Pipeline::carry():194}:195}()
#17 C:/xampp/htdocs/maternal-care-system/vendor/laravel/framework/src/Illuminate/Session/Middleware/StartSession.php(63): Illuminate/Session/Middleware/StartSession->handleStatefulRequest()
#18 C:/xampp/htdocs/maternal-care-system/vendor/laravel/framework/src/Illuminate/Pipeline/Pipeline.php(219): Illuminate/Session/Middleware/StartSession->handle()
#19 C:/xampp/htdocs/maternal-care-system/vendor/laravel/framework/src/Illuminate/Cookie/Middleware/AddQueuedCookiesToResponse.php(36): Illuminate/Pipeline/Pipeline->{closure:{closure:Illuminate/Pipeline/Pipeline::carry():194}:195}()
#20 C:/xampp/htdocs/maternal-care-system/vendor/laravel/framework/src/Illuminate/Pipeline/Pipeline.php(219): Illuminate/Cookie/Middleware/AddQueuedCookiesToResponse->handle()
#21 C:/xampp/htdocs/maternal-care-system/vendor/laravel/framework/src/Illuminate/Cookie/Middleware/EncryptCookies.php(74): Illuminate/Pipeline/Pipeline->{closure:{closure:Illuminate/Pipeline/Pipeline::carry():194}:195}()
#22 C:/xampp/htdocs/maternal-care-system/vendor/laravel/framework/src/Illuminate/Pipeline/Pipeline.php(219): Illuminate/Cookie/Middleware/EncryptCookies->handle()
#23 C:/xampp/htdocs/maternal-care-system/vendor/laravel/framework/src/Illuminate/Pipeline/Pipeline.php(137): Illuminate/Pipeline/Pipeline->{closure:{closure:Illuminate/Pipeline/Pipeline::carry():194}:195}()
#24 C:/xampp/htdocs/maternal-care-system/vendor/laravel/framework/src/Illuminate/Routing/Router.php(821): Illuminate/Pipeline/Pipeline->then()
#25 C:/xampp/htdocs/maternal-care-system/vendor/laravel/framework/src/Illuminate/Routing/Router.php(800): Illuminate/Routing/Router->runRouteWithinStack()
#26 C:/xampp/htdocs/maternal-care-system/vendor/laravel/framework/src/Illuminate/Routing/Router.php(764): Illuminate/Routing/Router->runRoute()
#27 C:/xampp/htdocs/maternal-care-system/vendor/laravel/framework/src/Illuminate/Routing/Router.php(753): Illuminate/Routing/Router->dispatchToRoute()
#28 C:/xampp/htdocs/maternal-care-system/vendor/laravel/framework/src/Illuminate/Foundation/Http/Kernel.php(200): Illuminate/Routing/Router->dispatch()
#29 C:/xampp/htdocs/maternal-care-system/vendor/laravel/framework/src/Illuminate/Pipeline/Pipeline.php(180): Illuminate/Foundation/Http/Kernel->{closure:Illuminate/Foundation/Http/Kernel::dispatchToRouter():197}()
#30 C:/xampp/htdocs/maternal-care-system/vendor/laravel/framework/src/Illuminate/Foundation/Http/Middleware/TransformsRequest.php(21): Illuminate/Pipeline/Pipeline->{closure:Illuminate/Pipeline/Pipeline::prepareDestination():178}()
#31 C:/xampp/htdocs/maternal-care-system/vendor/laravel/framework/src/Illuminate/Foundation/Http/Middleware/ConvertEmptyStringsToNull.php(31): Illuminate/Foundation/Http/Middleware/TransformsRequest->handle()
#32 C:/xampp/htdocs/maternal-care-system/vendor/laravel/framework/src/Illuminate/Pipeline/Pipeline.php(219): Illuminate/Foundation/Http/Middleware/ConvertEmptyStringsToNull->handle()
#33 C:/xampp/htdocs/maternal-care-system/vendor/laravel/framework/src/Illuminate/Foundation/Http/Middleware/TransformsRequest.php(21): Illuminate/Pipeline/Pipeline->{closure:{closure:Illuminate/Pipeline/Pipeline::carry():194}:195}()
#34 C:/xampp/htdocs/maternal-care-system/vendor/laravel/framework/src/Illuminate/Foundation/Http/Middleware/TrimStrings.php(51): Illuminate/Foundation/Http/Middleware/TransformsRequest->handle()
#35 C:/xampp/htdocs/maternal-care-system/vendor/laravel/framework/src/Illuminate/Pipeline/Pipeline.php(219): Illuminate/Foundation/Http/Middleware/TrimStrings->handle()
#36 C:/xampp/htdocs/maternal-care-system/vendor/laravel/framework/src/Illuminate/Http/Middleware/ValidatePostSize.php(27): Illuminate/Pipeline/Pipeline->{closure:{closure:Illuminate/Pipeline/Pipeline::carry():194}:195}()
#37 C:/xampp/htdocs/maternal-care-system/vendor/laravel/framework/src/Illuminate/Pipeline/Pipeline.php(219): Illuminate/Http/Middleware/ValidatePostSize->handle()
#38 C:/xampp/htdocs/maternal-care-system/vendor/laravel/framework/src/Illuminate/Foundation/Http/Middleware/PreventRequestsDuringMaintenance.php(109): Illuminate/Pipeline/Pipeline->{closure:{closure:Illuminate/Pipeline/Pipeline::carry():194}:195}()
#39 C:/xampp/htdocs/maternal-care-system/vendor/laravel/framework/src/Illuminate/Pipeline/Pipeline.php(219): Illuminate/Foundation/Http/Middleware/PreventRequestsDuringMaintenance->handle()
#40 C:/xampp/htdocs/maternal-care-system/vendor/laravel/framework/src/Illuminate/Http/Middleware/HandleCors.php(61): Illuminate/Pipeline/Pipeline->{closure:{closure:Illuminate/Pipeline/Pipeline::carry():194}:195}()
#41 C:/xampp/htdocs/maternal-care-system/vendor/laravel/framework/src/Illuminate/Pipeline/Pipeline.php(219): Illuminate/Http/Middleware/HandleCors->handle()
#42 C:/xampp/htdocs/maternal-care-system/vendor/laravel/framework/src/Illuminate/Http/Middleware/TrustProxies.php(58): Illuminate/Pipeline/Pipeline->{closure:{closure:Illuminate/Pipeline/Pipeline::carry():194}:195}()
#43 C:/xampp/htdocs/maternal-care-system/vendor/laravel/framework/src/Illuminate/Pipeline/Pipeline.php(219): Illuminate/Http/Middleware/TrustProxies->handle()
#44 C:/xampp/htdocs/maternal-care-system/vendor/laravel/framework/src/Illuminate/Foundation/Http/Middleware/InvokeDeferredCallbacks.php(22): Illuminate/Pipeline/Pipeline->{closure:{closure:Illuminate/Pipeline/Pipeline::carry():194}:195}()
#45 C:/xampp/htdocs/maternal-care-system/vendor/laravel/framework/src/Illuminate/Pipeline/Pipeline.php(219): Illuminate/Foundation/Http/Middleware/InvokeDeferredCallbacks->handle()
#46 C:/xampp/htdocs/maternal-care-system/vendor/laravel/framework/src/Illuminate/Http/Middleware/ValidatePathEncoding.php(28): Illuminate/Pipeline/Pipeline->{closure:{closure:Illuminate/Pipeline/Pipeline::carry():194}:195}()
#47 C:/xampp/htdocs/maternal-care-system/vendor/laravel/framework/src/Illuminate/Pipeline/Pipeline.php(219): Illuminate/Http/Middleware/ValidatePathEncoding->handle()
#48 C:/xampp/htdocs/maternal-care-system/vendor/laravel/framework/src/Illuminate/Pipeline/Pipeline.php(137): Illuminate/Pipeline/Pipeline->{closure:{closure:Illuminate/Pipeline/Pipeline::carry():194}:195}()
#49 C:/xampp/htdocs/maternal-care-system/vendor/laravel/framework/src/Illuminate/Foundation/Http/Kernel.php(175): Illuminate/Pipeline/Pipeline->then()
#50 C:/xampp/htdocs/maternal-care-system/vendor/laravel/framework/src/Illuminate/Foundation/Http/Kernel.php(144): Illuminate/Foundation/Http/Kernel->sendRequestThroughRouter()
#51 C:/xampp/htdocs/maternal-care-system/vendor/laravel/framework/src/Illuminate/Foundation/Application.php(1220): Illuminate/Foundation/Http/Kernel->handle()
#52 C:/xampp/htdocs/maternal-care-system/public/index.php(20): Illuminate/Foundation/Application->handleRequest()
#53 C:/xampp/htdocs/maternal-care-system/vendor/laravel/framework/src/Illuminate/Foundation/resources/server.php(23): require_once('...')
#54 {main}
"} 
[2026-07-22 03:54:38] local.ERROR: Maximum execution time of 30 seconds exceeded {"userId":1,"exception":"[object] (Symfony\\Component\\ErrorHandler\\Error\\FatalError(code: 0): Maximum execution time of 30 seconds exceeded at C:/xampp/htdocs/maternal-care-system/vendor/composer/ClassLoader.php:429)
[stacktrace]
#0 {main}
"} 
[2026-07-22 06:20:10] local.ERROR: Undefined variable $mother (View: C:\xampp\htdocs\maternal-care-system\resources\views\mother\dashboard.blade.php) {"userId":6,"exception":"[object] (Illuminate\\View\\ViewException(code: 0): Undefined variable $mother (View: C:\\xampp\\htdocs\\maternal-care-system\\resources\\views\\mother\\dashboard.blade.php) at C:/xampp/htdocs/maternal-care-system/storage/framework/views/d5065f059ad4a415b84edcc301d7d237.php:91)
[stacktrace]
#0 C:/xampp/htdocs/maternal-care-system/vendor/laravel/framework/src/Illuminate/View/Engines/PhpEngine.php(59): Illuminate/View/Engines/CompilerEngine->handleViewException()
#1 C:/xampp/htdocs/maternal-care-system/vendor/laravel/framework/src/Illuminate/View/Engines/CompilerEngine.php(76): Illuminate/View/Engines/PhpEngine->evaluatePath()
#2 C:/xampp/htdocs/maternal-care-system/vendor/laravel/framework/src/Illuminate/View/View.php(208): Illuminate/View/Engines/CompilerEngine->get()
#3 C:/xampp/htdocs/maternal-care-system/vendor/laravel/framework/src/Illuminate/View/View.php(191): Illuminate/View/View->getContents()
#4 C:/xampp/htdocs/maternal-care-system/vendor/laravel/framework/src/Illuminate/View/View.php(160): Illuminate/View/View->renderContents()
#5 C:/xampp/htdocs/maternal-care-system/vendor/laravel/framework/src/Illuminate/Http/Response.php(82): Illuminate/View/View->render()
#6 C:/xampp/htdocs/maternal-care-system/vendor/laravel/framework/src/Illuminate/Http/Response.php(40): Illuminate/Http/Response->setContent()
#7 C:/xampp/htdocs/maternal-care-system/vendor/laravel/framework/src/Illuminate/Routing/Router.php(939): Illuminate/Http/Response->__construct()
#8 C:/xampp/htdocs/maternal-care-system/vendor/laravel/framework/src/Illuminate/Routing/Router.php(906): Illuminate/Routing/Router::toResponse()
#9 C:/xampp/htdocs/maternal-care-system/vendor/laravel/framework/src/Illuminate/Routing/Router.php(821): Illuminate/Routing/Router->prepareResponse()
#10 C:/xampp/htdocs/maternal-care-system/vendor/laravel/framework/src/Illuminate/Pipeline/Pipeline.php(180): Illuminate/Routing/Router->{closure:Illuminate/Routing/Router::runRouteWithinStack():821}()
#11 C:/xampp/htdocs/maternal-care-system/vendor/laravel/framework/src/Illuminate/Routing/Middleware/SubstituteBindings.php(52): Illuminate/Pipeline/Pipeline->{closure:Illuminate/Pipeline/Pipeline::prepareDestination():178}()
#12 C:/xampp/htdocs/maternal-care-system/vendor/laravel/framework/src/Illuminate/Pipeline/Pipeline.php(219): Illuminate/Routing/Middleware/SubstituteBindings->handle()
#13 C:/xampp/htdocs/maternal-care-system/vendor/laravel/framework/src/Illuminate/Foundation/Http/Middleware/PreventRequestForgery.php(104): Illuminate/Pipeline/Pipeline->{closure:{closure:Illuminate/Pipeline/Pipeline::carry():194}:195}()
#14 C:/xampp/htdocs/maternal-care-system/vendor/laravel/framework/src/Illuminate/Pipeline/Pipeline.php(219): Illuminate/Foundation/Http/Middleware/PreventRequestForgery->handle()
#15 C:/xampp/htdocs/maternal-care-system/vendor/laravel/framework/src/Illuminate/View/Middleware/ShareErrorsFromSession.php(48): Illuminate/Pipeline/Pipeline->{closure:{closure:Illuminate/Pipeline/Pipeline::carry():194}:195}()
#16 C:/xampp/htdocs/maternal-care-system/vendor/laravel/framework/src/Illuminate/Pipeline/Pipeline.php(219): Illuminate/View/Middleware/ShareErrorsFromSession->handle()
#17 C:/xampp/htdocs/maternal-care-system/vendor/laravel/framework/src/Illuminate/Session/Middleware/StartSession.php(120): Illuminate/Pipeline/Pipeline->{closure:{closure:Illuminate/Pipeline/Pipeline::carry():194}:195}()
#18 C:/xampp/htdocs/maternal-care-system/vendor/laravel/framework/src/Illuminate/Session/Middleware/StartSession.php(63): Illuminate/Session/Middleware/StartSession->handleStatefulRequest()
#19 C:/xampp/htdocs/maternal-care-system/vendor/laravel/framework/src/Illuminate/Pipeline/Pipeline.php(219): Illuminate/Session/Middleware/StartSession->handle()
#20 C:/xampp/htdocs/maternal-care-system/vendor/laravel/framework/src/Illuminate/Cookie/Middleware/AddQueuedCookiesToResponse.php(36): Illuminate/Pipeline/Pipeline->{closure:{closure:Illuminate/Pipeline/Pipeline::carry():194}:195}()
#21 C:/xampp/htdocs/maternal-care-system/vendor/laravel/framework/src/Illuminate/Pipeline/Pipeline.php(219): Illuminate/Cookie/Middleware/AddQueuedCookiesToResponse->handle()
#22 C:/xampp/htdocs/maternal-care-system/vendor/laravel/framework/src/Illuminate/Cookie/Middleware/EncryptCookies.php(74): Illuminate/Pipeline/Pipeline->{closure:{closure:Illuminate/Pipeline/Pipeline::carry():194}:195}()
#23 C:/xampp/htdocs/maternal-care-system/vendor/laravel/framework/src/Illuminate/Pipeline/Pipeline.php(219): Illuminate/Cookie/Middleware/EncryptCookies->handle()
#24 C:/xampp/htdocs/maternal-care-system/vendor/laravel/framework/src/Illuminate/Pipeline/Pipeline.php(137): Illuminate/Pipeline/Pipeline->{closure:{closure:Illuminate/Pipeline/Pipeline::carry():194}:195}()
#25 C:/xampp/htdocs/maternal-care-system/vendor/laravel/framework/src/Illuminate/Routing/Router.php(821): Illuminate/Pipeline/Pipeline->then()
#26 C:/xampp/htdocs/maternal-care-system/vendor/laravel/framework/src/Illuminate/Routing/Router.php(800): Illuminate/Routing/Router->runRouteWithinStack()
#27 C:/xampp/htdocs/maternal-care-system/vendor/laravel/framework/src/Illuminate/Routing/Router.php(764): Illuminate/Routing/Router->runRoute()
#28 C:/xampp/htdocs/maternal-care-system/vendor/laravel/framework/src/Illuminate/Routing/Router.php(753): Illuminate/Routing/Router->dispatchToRoute()
#29 C:/xampp/htdocs/maternal-care-system/vendor/laravel/framework/src/Illuminate/Foundation/Http/Kernel.php(200): Illuminate/Routing/Router->dispatch()
#30 C:/xampp/htdocs/maternal-care-system/vendor/laravel/framework/src/Illuminate/Pipeline/Pipeline.php(180): Illuminate/Foundation/Http/Kernel->{closure:Illuminate/Foundation/Http/Kernel::dispatchToRouter():197}()
#31 C:/xampp/htdocs/maternal-care-system/vendor/laravel/framework/src/Illuminate/Foundation/Http/Middleware/TransformsRequest.php(21): Illuminate/Pipeline/Pipeline->{closure:Illuminate/Pipeline/Pipeline::prepareDestination():178}()
#32 C:/xampp/htdocs/maternal-care-system/vendor/laravel/framework/src/Illuminate/Foundation/Http/Middleware/ConvertEmptyStringsToNull.php(31): Illuminate/Foundation/Http/Middleware/TransformsRequest->handle()
#33 C:/xampp/htdocs/maternal-care-system/vendor/laravel/framework/src/Illuminate/Pipeline/Pipeline.php(219): Illuminate/Foundation/Http/Middleware/ConvertEmptyStringsToNull->handle()
#34 C:/xampp/htdocs/maternal-care-system/vendor/laravel/framework/src/Illuminate/Foundation/Http/Middleware/TransformsRequest.php(21): Illuminate/Pipeline/Pipeline->{closure:{closure:Illuminate/Pipeline/Pipeline::carry():194}:195}()
#35 C:/xampp/htdocs/maternal-care-system/vendor/laravel/framework/src/Illuminate/Foundation/Http/Middleware/TrimStrings.php(51): Illuminate/Foundation/Http/Middleware/TransformsRequest->handle()
#36 C:/xampp/htdocs/maternal-care-system/vendor/laravel/framework/src/Illuminate/Pipeline/Pipeline.php(219): Illuminate/Foundation/Http/Middleware/TrimStrings->handle()
#37 C:/xampp/htdocs/maternal-care-system/vendor/laravel/framework/src/Illuminate/Http/Middleware/ValidatePostSize.php(27): Illuminate/Pipeline/Pipeline->{closure:{closure:Illuminate/Pipeline/Pipeline::carry():194}:195}()
#38 C:/xampp/htdocs/maternal-care-system/vendor/laravel/framework/src/Illuminate/Pipeline/Pipeline.php(219): Illuminate/Http/Middleware/ValidatePostSize->handle()
#39 C:/xampp/htdocs/maternal-care-system/vendor/laravel/framework/src/Illuminate/Foundation/Http/Middleware/PreventRequestsDuringMaintenance.php(109): Illuminate/Pipeline/Pipeline->{closure:{closure:Illuminate/Pipeline/Pipeline::carry():194}:195}()
#40 C:/xampp/htdocs/maternal-care-system/vendor/laravel/framework/src/Illuminate/Pipeline/Pipeline.php(219): Illuminate/Foundation/Http/Middleware/PreventRequestsDuringMaintenance->handle()
#41 C:/xampp/htdocs/maternal-care-system/vendor/laravel/framework/src/Illuminate/Http/Middleware/HandleCors.php(61): Illuminate/Pipeline/Pipeline->{closure:{closure:Illuminate/Pipeline/Pipeline::carry():194}:195}()
#42 C:/xampp/htdocs/maternal-care-system/vendor/laravel/framework/src/Illuminate/Pipeline/Pipeline.php(219): Illuminate/Http/Middleware/HandleCors->handle()
#43 C:/xampp/htdocs/maternal-care-system/vendor/laravel/framework/src/Illuminate/Http/Middleware/TrustProxies.php(58): Illuminate/Pipeline/Pipeline->{closure:{closure:Illuminate/Pipeline/Pipeline::carry():194}:195}()
#44 C:/xampp/htdocs/maternal-care-system/vendor/laravel/framework/src/Illuminate/Pipeline/Pipeline.php(219): Illuminate/Http/Middleware/TrustProxies->handle()
#45 C:/xampp/htdocs/maternal-care-system/vendor/laravel/framework/src/Illuminate/Foundation/Http/Middleware/InvokeDeferredCallbacks.php(22): Illuminate/Pipeline/Pipeline->{closure:{closure:Illuminate/Pipeline/Pipeline::carry():194}:195}()
#46 C:/xampp/htdocs/maternal-care-system/vendor/laravel/framework/src/Illuminate/Pipeline/Pipeline.php(219): Illuminate/Foundation/Http/Middleware/InvokeDeferredCallbacks->handle()
#47 C:/xampp/htdocs/maternal-care-system/vendor/laravel/framework/src/Illuminate/Http/Middleware/ValidatePathEncoding.php(28): Illuminate/Pipeline/Pipeline->{closure:{closure:Illuminate/Pipeline/Pipeline::carry():194}:195}()
#48 C:/xampp/htdocs/maternal-care-system/vendor/laravel/framework/src/Illuminate/Pipeline/Pipeline.php(219): Illuminate/Http/Middleware/ValidatePathEncoding->handle()
#49 C:/xampp/htdocs/maternal-care-system/vendor/laravel/framework/src/Illuminate/Pipeline/Pipeline.php(137): Illuminate/Pipeline/Pipeline->{closure:{closure:Illuminate/Pipeline/Pipeline::carry():194}:195}()
#50 C:/xampp/htdocs/maternal-care-system/vendor/laravel/framework/src/Illuminate/Foundation/Http/Kernel.php(175): Illuminate/Pipeline/Pipeline->then()
#51 C:/xampp/htdocs/maternal-care-system/vendor/laravel/framework/src/Illuminate/Foundation/Http/Kernel.php(144): Illuminate/Foundation/Http/Kernel->sendRequestThroughRouter()
#52 C:/xampp/htdocs/maternal-care-system/vendor/laravel/framework/src/Illuminate/Foundation/Application.php(1220): Illuminate/Foundation/Http/Kernel->handle()
#53 C:/xampp/htdocs/maternal-care-system/public/index.php(20): Illuminate/Foundation/Application->handleRequest()
#54 C:/xampp/htdocs/maternal-care-system/vendor/laravel/framework/src/Illuminate/Foundation/resources/server.php(23): require_once('...')
#55 {main}

[previous exception] [object] (ErrorException(code: 0): Undefined variable $mother at C:/xampp/htdocs/maternal-care-system/storage/framework/views/d5065f059ad4a415b84edcc301d7d237.php:91)
[stacktrace]
#0 C:/xampp/htdocs/maternal-care-system/vendor/laravel/framework/src/Illuminate/Foundation/Bootstrap/HandleExceptions.php(263): Illuminate/Foundation/Bootstrap/HandleExceptions->handleError()
#1 C:/xampp/htdocs/maternal-care-system/storage/framework/views/d5065f059ad4a415b84edcc301d7d237.php(91): Illuminate/Foundation/Bootstrap/HandleExceptions->{closure:Illuminate/Foundation/Bootstrap/HandleExceptions::forwardsTo():262}()
#2 C:/xampp/htdocs/maternal-care-system/vendor/laravel/framework/src/Illuminate/Filesystem/Filesystem.php(123): require('...')
#3 C:/xampp/htdocs/maternal-care-system/vendor/laravel/framework/src/Illuminate/Filesystem/Filesystem.php(124): Illuminate/Filesystem/Filesystem::{closure:Illuminate/Filesystem/Filesystem::getRequire():120}()
#4 C:/xampp/htdocs/maternal-care-system/vendor/laravel/framework/src/Illuminate/View/Engines/PhpEngine.php(57): Illuminate/Filesystem/Filesystem->getRequire()
#5 C:/xampp/htdocs/maternal-care-system/vendor/laravel/framework/src/Illuminate/View/Engines/CompilerEngine.php(76): Illuminate/View/Engines/PhpEngine->evaluatePath()
#6 C:/xampp/htdocs/maternal-care-system/vendor/laravel/framework/src/Illuminate/View/View.php(208): Illuminate/View/Engines/CompilerEngine->get()
#7 C:/xampp/htdocs/maternal-care-system/vendor/laravel/framework/src/Illuminate/View/View.php(191): Illuminate/View/View->getContents()
#8 C:/xampp/htdocs/maternal-care-system/vendor/laravel/framework/src/Illuminate/View/View.php(160): Illuminate/View/View->renderContents()
#9 C:/xampp/htdocs/maternal-care-system/vendor/laravel/framework/src/Illuminate/Http/Response.php(82): Illuminate/View/View->render()
#10 C:/xampp/htdocs/maternal-care-system/vendor/laravel/framework/src/Illuminate/Http/Response.php(40): Illuminate/Http/Response->setContent()
#11 C:/xampp/htdocs/maternal-care-system/vendor/laravel/framework/src/Illuminate/Routing/Router.php(939): Illuminate/Http/Response->__construct()
#12 C:/xampp/htdocs/maternal-care-system/vendor/laravel/framework/src/Illuminate/Routing/Router.php(906): Illuminate/Routing/Router::toResponse()
#13 C:/xampp/htdocs/maternal-care-system/vendor/laravel/framework/src/Illuminate/Routing/Router.php(821): Illuminate/Routing/Router->prepareResponse()
#14 C:/xampp/htdocs/maternal-care-system/vendor/laravel/framework/src/Illuminate/Pipeline/Pipeline.php(180): Illuminate/Routing/Router->{closure:Illuminate/Routing/Router::runRouteWithinStack():821}()
#15 C:/xampp/htdocs/maternal-care-system/vendor/laravel/framework/src/Illuminate/Routing/Middleware/SubstituteBindings.php(52): Illuminate/Pipeline/Pipeline->{closure:Illuminate/Pipeline/Pipeline::prepareDestination():178}()
#16 C:/xampp/htdocs/maternal-care-system/vendor/laravel/framework/src/Illuminate/Pipeline/Pipeline.php(219): Illuminate/Routing/Middleware/SubstituteBindings->handle()
#17 C:/xampp/htdocs/maternal-care-system/vendor/laravel/framework/src/Illuminate/Foundation/Http/Middleware/PreventRequestForgery.php(104): Illuminate/Pipeline/Pipeline->{closure:{closure:Illuminate/Pipeline/Pipeline::carry():194}:195}()
#18 C:/xampp/htdocs/maternal-care-system/vendor/laravel/framework/src/Illuminate/Pipeline/Pipeline.php(219): Illuminate/Foundation/Http/Middleware/PreventRequestForgery->handle()
#19 C:/xampp/htdocs/maternal-care-system/vendor/laravel/framework/src/Illuminate/View/Middleware/ShareErrorsFromSession.php(48): Illuminate/Pipeline/Pipeline->{closure:{closure:Illuminate/Pipeline/Pipeline::carry():194}:195}()
#20 C:/xampp/htdocs/maternal-care-system/vendor/laravel/framework/src/Illuminate/Pipeline/Pipeline.php(219): Illuminate/View/Middleware/ShareErrorsFromSession->handle()
#21 C:/xampp/htdocs/maternal-care-system/vendor/laravel/framework/src/Illuminate/Session/Middleware/StartSession.php(120): Illuminate/Pipeline/Pipeline->{closure:{closure:Illuminate/Pipeline/Pipeline::carry():194}:195}()
#22 C:/xampp/htdocs/maternal-care-system/vendor/laravel/framework/src/Illuminate/Session/Middleware/StartSession.php(63): Illuminate/Session/Middleware/StartSession->handleStatefulRequest()
#23 C:/xampp/htdocs/maternal-care-system/vendor/laravel/framework/src/Illuminate/Pipeline/Pipeline.php(219): Illuminate/Session/Middleware/StartSession->handle()
#24 C:/xampp/htdocs/maternal-care-system/vendor/laravel/framework/src/Illuminate/Cookie/Middleware/AddQueuedCookiesToResponse.php(36): Illuminate/Pipeline/Pipeline->{closure:{closure:Illuminate/Pipeline/Pipeline::carry():194}:195}()
#25 C:/xampp/htdocs/maternal-care-system/vendor/laravel/framework/src/Illuminate/Pipeline/Pipeline.php(219): Illuminate/Cookie/Middleware/AddQueuedCookiesToResponse->handle()
#26 C:/xampp/htdocs/maternal-care-system/vendor/laravel/framework/src/Illuminate/Cookie/Middleware/EncryptCookies.php(74): Illuminate/Pipeline/Pipeline->{closure:{closure:Illuminate/Pipeline/Pipeline::carry():194}:195}()
#27 C:/xampp/htdocs/maternal-care-system/vendor/laravel/framework/src/Illuminate/Pipeline/Pipeline.php(219): Illuminate/Cookie/Middleware/EncryptCookies->handle()
#28 C:/xampp/htdocs/maternal-care-system/vendor/laravel/framework/src/Illuminate/Pipeline/Pipeline.php(137): Illuminate/Pipeline/Pipeline->{closure:{closure:Illuminate/Pipeline/Pipeline::carry():194}:195}()
#29 C:/xampp/htdocs/maternal-care-system/vendor/laravel/framework/src/Illuminate/Routing/Router.php(821): Illuminate/Pipeline/Pipeline->then()
#30 C:/xampp/htdocs/maternal-care-system/vendor/laravel/framework/src/Illuminate/Routing/Router.php(800): Illuminate/Routing/Router->runRouteWithinStack()
#31 C:/xampp/htdocs/maternal-care-system/vendor/laravel/framework/src/Illuminate/Routing/Router.php(764): Illuminate/Routing/Router->runRoute()
#32 C:/xampp/htdocs/maternal-care-system/vendor/laravel/framework/src/Illuminate/Routing/Router.php(753): Illuminate/Routing/Router->dispatchToRoute()
#33 C:/xampp/htdocs/maternal-care-system/vendor/laravel/framework/src/Illuminate/Foundation/Http/Kernel.php(200): Illuminate/Routing/Router->dispatch()
#34 C:/xampp/htdocs/maternal-care-system/vendor/laravel/framework/src/Illuminate/Pipeline/Pipeline.php(180): Illuminate/Foundation/Http/Kernel->{closure:Illuminate/Foundation/Http/Kernel::dispatchToRouter():197}()
#35 C:/xampp/htdocs/maternal-care-system/vendor/laravel/framework/src/Illuminate/Foundation/Http/Middleware/TransformsRequest.php(21): Illuminate/Pipeline/Pipeline->{closure:Illuminate/Pipeline/Pipeline::prepareDestination():178}()
#36 C:/xampp/htdocs/maternal-care-system/vendor/laravel/framework/src/Illuminate/Foundation/Http/Middleware/ConvertEmptyStringsToNull.php(31): Illuminate/Foundation/Http/Middleware/TransformsRequest->handle()
#37 C:/xampp/htdocs/maternal-care-system/vendor/laravel/framework/src/Illuminate/Pipeline/Pipeline.php(219): Illuminate/Foundation/Http/Middleware/ConvertEmptyStringsToNull->handle()
#38 C:/xampp/htdocs/maternal-care-system/vendor/laravel/framework/src/Illuminate/Foundation/Http/Middleware/TransformsRequest.php(21): Illuminate/Pipeline/Pipeline->{closure:{closure:Illuminate/Pipeline/Pipeline::carry():194}:195}()
#39 C:/xampp/htdocs/maternal-care-system/vendor/laravel/framework/src/Illuminate/Foundation/Http/Middleware/TrimStrings.php(51): Illuminate/Foundation/Http/Middleware/TransformsRequest->handle()
#40 C:/xampp/htdocs/maternal-care-system/vendor/laravel/framework/src/Illuminate/Pipeline/Pipeline.php(219): Illuminate/Foundation/Http/Middleware/TrimStrings->handle()
#41 C:/xampp/htdocs/maternal-care-system/vendor/laravel/framework/src/Illuminate/Http/Middleware/ValidatePostSize.php(27): Illuminate/Pipeline/Pipeline->{closure:{closure:Illuminate/Pipeline/Pipeline::carry():194}:195}()
#42 C:/xampp/htdocs/maternal-care-system/vendor/laravel/framework/src/Illuminate/Pipeline/Pipeline.php(219): Illuminate/Http/Middleware/ValidatePostSize->handle()
#43 C:/xampp/htdocs/maternal-care-system/vendor/laravel/framework/src/Illuminate/Foundation/Http/Middleware/PreventRequestsDuringMaintenance.php(109): Illuminate/Pipeline/Pipeline->{closure:{closure:Illuminate/Pipeline/Pipeline::carry():194}:195}()
#44 C:/xampp/htdocs/maternal-care-system/vendor/laravel/framework/src/Illuminate/Pipeline/Pipeline.php(219): Illuminate/Foundation/Http/Middleware/PreventRequestsDuringMaintenance->handle()
#45 C:/xampp/htdocs/maternal-care-system/vendor/laravel/framework/src/Illuminate/Http/Middleware/HandleCors.php(61): Illuminate/Pipeline/Pipeline->{closure:{closure:Illuminate/Pipeline/Pipeline::carry():194}:195}()
#46 C:/xampp/htdocs/maternal-care-system/vendor/laravel/framework/src/Illuminate/Pipeline/Pipeline.php(219): Illuminate/Http/Middleware/HandleCors->handle()
#47 C:/xampp/htdocs/maternal-care-system/vendor/laravel/framework/src/Illuminate/Http/Middleware/TrustProxies.php(58): Illuminate/Pipeline/Pipeline->{closure:{closure:Illuminate/Pipeline/Pipeline::carry():194}:195}()
#48 C:/xampp/htdocs/maternal-care-system/vendor/laravel/framework/src/Illuminate/Pipeline/Pipeline.php(219): Illuminate/Http/Middleware/TrustProxies->handle()
#49 C:/xampp/htdocs/maternal-care-system/vendor/laravel/framework/src/Illuminate/Foundation/Http/Middleware/InvokeDeferredCallbacks.php(22): Illuminate/Pipeline/Pipeline->{closure:{closure:Illuminate/Pipeline/Pipeline::carry():194}:195}()
#50 C:/xampp/htdocs/maternal-care-system/vendor/laravel/framework/src/Illuminate/Pipeline/Pipeline.php(219): Illuminate/Foundation/Http/Middleware/InvokeDeferredCallbacks->handle()
#51 C:/xampp/htdocs/maternal-care-system/vendor/laravel/framework/src/Illuminate/Http/Middleware/ValidatePathEncoding.php(28): Illuminate/Pipeline/Pipeline->{closure:{closure:Illuminate/Pipeline/Pipeline::carry():194}:195}()
#52 C:/xampp/htdocs/maternal-care-system/vendor/laravel/framework/src/Illuminate/Pipeline/Pipeline.php(219): Illuminate/Http/Middleware/ValidatePathEncoding->handle()
#53 C:/xampp/htdocs/maternal-care-system/vendor/laravel/framework/src/Illuminate/Pipeline/Pipeline.php(137): Illuminate/Pipeline/Pipeline->{closure:{closure:Illuminate/Pipeline/Pipeline::carry():194}:195}()
#54 C:/xampp/htdocs/maternal-care-system/vendor/laravel/framework/src/Illuminate/Foundation/Http/Kernel.php(175): Illuminate/Pipeline/Pipeline->then()
#55 C:/xampp/htdocs/maternal-care-system/vendor/laravel/framework/src/Illuminate/Foundation/Http/Kernel.php(144): Illuminate/Foundation/Http/Kernel->sendRequestThroughRouter()
#56 C:/xampp/htdocs/maternal-care-system/vendor/laravel/framework/src/Illuminate/Foundation/Application.php(1220): Illuminate/Foundation/Http/Kernel->handle()
#57 C:/xampp/htdocs/maternal-care-system/public/index.php(20): Illuminate/Foundation/Application->handleRequest()
#58 C:/xampp/htdocs/maternal-care-system/vendor/laravel/framework/src/Illuminate/Foundation/resources/server.php(23): require_once('...')
#59 {main}
"} 
[2026-07-22 06:22:18] local.ERROR: Undefined variable $mother (View: C:\xampp\htdocs\maternal-care-system\resources\views\mother\dashboard.blade.php) {"userId":6,"exception":"[object] (Illuminate\\View\\ViewException(code: 0): Undefined variable $mother (View: C:\\xampp\\htdocs\\maternal-care-system\\resources\\views\\mother\\dashboard.blade.php) at C:/xampp/htdocs/maternal-care-system/storage/framework/views/d5065f059ad4a415b84edcc301d7d237.php:91)
[stacktrace]
#0 C:/xampp/htdocs/maternal-care-system/vendor/laravel/framework/src/Illuminate/View/Engines/PhpEngine.php(59): Illuminate/View/Engines/CompilerEngine->handleViewException()
#1 C:/xampp/htdocs/maternal-care-system/vendor/laravel/framework/src/Illuminate/View/Engines/CompilerEngine.php(76): Illuminate/View/Engines/PhpEngine->evaluatePath()
#2 C:/xampp/htdocs/maternal-care-system/vendor/laravel/framework/src/Illuminate/View/View.php(208): Illuminate/View/Engines/CompilerEngine->get()
#3 C:/xampp/htdocs/maternal-care-system/vendor/laravel/framework/src/Illuminate/View/View.php(191): Illuminate/View/View->getContents()
#4 C:/xampp/htdocs/maternal-care-system/vendor/laravel/framework/src/Illuminate/View/View.php(160): Illuminate/View/View->renderContents()
#5 C:/xampp/htdocs/maternal-care-system/vendor/laravel/framework/src/Illuminate/Http/Response.php(82): Illuminate/View/View->render()
#6 C:/xampp/htdocs/maternal-care-system/vendor/laravel/framework/src/Illuminate/Http/Response.php(40): Illuminate/Http/Response->setContent()
#7 C:/xampp/htdocs/maternal-care-system/vendor/laravel/framework/src/Illuminate/Routing/Router.php(939): Illuminate/Http/Response->__construct()
#8 C:/xampp/htdocs/maternal-care-system/vendor/laravel/framework/src/Illuminate/Routing/Router.php(906): Illuminate/Routing/Router::toResponse()
#9 C:/xampp/htdocs/maternal-care-system/vendor/laravel/framework/src/Illuminate/Routing/Router.php(821): Illuminate/Routing/Router->prepareResponse()
#10 C:/xampp/htdocs/maternal-care-system/vendor/laravel/framework/src/Illuminate/Pipeline/Pipeline.php(180): Illuminate/Routing/Router->{closure:Illuminate/Routing/Router::runRouteWithinStack():821}()
#11 C:/xampp/htdocs/maternal-care-system/vendor/laravel/framework/src/Illuminate/Routing/Middleware/SubstituteBindings.php(52): Illuminate/Pipeline/Pipeline->{closure:Illuminate/Pipeline/Pipeline::prepareDestination():178}()
#12 C:/xampp/htdocs/maternal-care-system/vendor/laravel/framework/src/Illuminate/Pipeline/Pipeline.php(219): Illuminate/Routing/Middleware/SubstituteBindings->handle()
#13 C:/xampp/htdocs/maternal-care-system/vendor/laravel/framework/src/Illuminate/Foundation/Http/Middleware/PreventRequestForgery.php(104): Illuminate/Pipeline/Pipeline->{closure:{closure:Illuminate/Pipeline/Pipeline::carry():194}:195}()
#14 C:/xampp/htdocs/maternal-care-system/vendor/laravel/framework/src/Illuminate/Pipeline/Pipeline.php(219): Illuminate/Foundation/Http/Middleware/PreventRequestForgery->handle()
#15 C:/xampp/htdocs/maternal-care-system/vendor/laravel/framework/src/Illuminate/View/Middleware/ShareErrorsFromSession.php(48): Illuminate/Pipeline/Pipeline->{closure:{closure:Illuminate/Pipeline/Pipeline::carry():194}:195}()
#16 C:/xampp/htdocs/maternal-care-system/vendor/laravel/framework/src/Illuminate/Pipeline/Pipeline.php(219): Illuminate/View/Middleware/ShareErrorsFromSession->handle()
#17 C:/xampp/htdocs/maternal-care-system/vendor/laravel/framework/src/Illuminate/Session/Middleware/StartSession.php(120): Illuminate/Pipeline/Pipeline->{closure:{closure:Illuminate/Pipeline/Pipeline::carry():194}:195}()
#18 C:/xampp/htdocs/maternal-care-system/vendor/laravel/framework/src/Illuminate/Session/Middleware/StartSession.php(63): Illuminate/Session/Middleware/StartSession->handleStatefulRequest()
#19 C:/xampp/htdocs/maternal-care-system/vendor/laravel/framework/src/Illuminate/Pipeline/Pipeline.php(219): Illuminate/Session/Middleware/StartSession->handle()
#20 C:/xampp/htdocs/maternal-care-system/vendor/laravel/framework/src/Illuminate/Cookie/Middleware/AddQueuedCookiesToResponse.php(36): Illuminate/Pipeline/Pipeline->{closure:{closure:Illuminate/Pipeline/Pipeline::carry():194}:195}()
#21 C:/xampp/htdocs/maternal-care-system/vendor/laravel/framework/src/Illuminate/Pipeline/Pipeline.php(219): Illuminate/Cookie/Middleware/AddQueuedCookiesToResponse->handle()
#22 C:/xampp/htdocs/maternal-care-system/vendor/laravel/framework/src/Illuminate/Cookie/Middleware/EncryptCookies.php(74): Illuminate/Pipeline/Pipeline->{closure:{closure:Illuminate/Pipeline/Pipeline::carry():194}:195}()
#23 C:/xampp/htdocs/maternal-care-system/vendor/laravel/framework/src/Illuminate/Pipeline/Pipeline.php(219): Illuminate/Cookie/Middleware/EncryptCookies->handle()
#24 C:/xampp/htdocs/maternal-care-system/vendor/laravel/framework/src/Illuminate/Pipeline/Pipeline.php(137): Illuminate/Pipeline/Pipeline->{closure:{closure:Illuminate/Pipeline/Pipeline::carry():194}:195}()
#25 C:/xampp/htdocs/maternal-care-system/vendor/laravel/framework/src/Illuminate/Routing/Router.php(821): Illuminate/Pipeline/Pipeline->then()
#26 C:/xampp/htdocs/maternal-care-system/vendor/laravel/framework/src/Illuminate/Routing/Router.php(800): Illuminate/Routing/Router->runRouteWithinStack()
#27 C:/xampp/htdocs/maternal-care-system/vendor/laravel/framework/src/Illuminate/Routing/Router.php(764): Illuminate/Routing/Router->runRoute()
#28 C:/xampp/htdocs/maternal-care-system/vendor/laravel/framework/src/Illuminate/Routing/Router.php(753): Illuminate/Routing/Router->dispatchToRoute()
#29 C:/xampp/htdocs/maternal-care-system/vendor/laravel/framework/src/Illuminate/Foundation/Http/Kernel.php(200): Illuminate/Routing/Router->dispatch()
#30 C:/xampp/htdocs/maternal-care-system/vendor/laravel/framework/src/Illuminate/Pipeline/Pipeline.php(180): Illuminate/Foundation/Http/Kernel->{closure:Illuminate/Foundation/Http/Kernel::dispatchToRouter():197}()
#31 C:/xampp/htdocs/maternal-care-system/vendor/laravel/framework/src/Illuminate/Foundation/Http/Middleware/TransformsRequest.php(21): Illuminate/Pipeline/Pipeline->{closure:Illuminate/Pipeline/Pipeline::prepareDestination():178}()
#32 C:/xampp/htdocs/maternal-care-system/vendor/laravel/framework/src/Illuminate/Foundation/Http/Middleware/ConvertEmptyStringsToNull.php(31): Illuminate/Foundation/Http/Middleware/TransformsRequest->handle()
#33 C:/xampp/htdocs/maternal-care-system/vendor/laravel/framework/src/Illuminate/Pipeline/Pipeline.php(219): Illuminate/Foundation/Http/Middleware/ConvertEmptyStringsToNull->handle()
#34 C:/xampp/htdocs/maternal-care-system/vendor/laravel/framework/src/Illuminate/Foundation/Http/Middleware/TransformsRequest.php(21): Illuminate/Pipeline/Pipeline->{closure:{closure:Illuminate/Pipeline/Pipeline::carry():194}:195}()
#35 C:/xampp/htdocs/maternal-care-system/vendor/laravel/framework/src/Illuminate/Foundation/Http/Middleware/TrimStrings.php(51): Illuminate/Foundation/Http/Middleware/TransformsRequest->handle()
#36 C:/xampp/htdocs/maternal-care-system/vendor/laravel/framework/src/Illuminate/Pipeline/Pipeline.php(219): Illuminate/Foundation/Http/Middleware/TrimStrings->handle()
#37 C:/xampp/htdocs/maternal-care-system/vendor/laravel/framework/src/Illuminate/Http/Middleware/ValidatePostSize.php(27): Illuminate/Pipeline/Pipeline->{closure:{closure:Illuminate/Pipeline/Pipeline::carry():194}:195}()
#38 C:/xampp/htdocs/maternal-care-system/vendor/laravel/framework/src/Illuminate/Pipeline/Pipeline.php(219): Illuminate/Http/Middleware/ValidatePostSize->handle()
#39 C:/xampp/htdocs/maternal-care-system/vendor/laravel/framework/src/Illuminate/Foundation/Http/Middleware/PreventRequestsDuringMaintenance.php(109): Illuminate/Pipeline/Pipeline->{closure:{closure:Illuminate/Pipeline/Pipeline::carry():194}:195}()
#40 C:/xampp/htdocs/maternal-care-system/vendor/laravel/framework/src/Illuminate/Pipeline/Pipeline.php(219): Illuminate/Foundation/Http/Middleware/PreventRequestsDuringMaintenance->handle()
#41 C:/xampp/htdocs/maternal-care-system/vendor/laravel/framework/src/Illuminate/Http/Middleware/HandleCors.php(61): Illuminate/Pipeline/Pipeline->{closure:{closure:Illuminate/Pipeline/Pipeline::carry():194}:195}()
#42 C:/xampp/htdocs/maternal-care-system/vendor/laravel/framework/src/Illuminate/Pipeline/Pipeline.php(219): Illuminate/Http/Middleware/HandleCors->handle()
#43 C:/xampp/htdocs/maternal-care-system/vendor/laravel/framework/src/Illuminate/Http/Middleware/TrustProxies.php(58): Illuminate/Pipeline/Pipeline->{closure:{closure:Illuminate/Pipeline/Pipeline::carry():194}:195}()
#44 C:/xampp/htdocs/maternal-care-system/vendor/laravel/framework/src/Illuminate/Pipeline/Pipeline.php(219): Illuminate/Http/Middleware/TrustProxies->handle()
#45 C:/xampp/htdocs/maternal-care-system/vendor/laravel/framework/src/Illuminate/Foundation/Http/Middleware/InvokeDeferredCallbacks.php(22): Illuminate/Pipeline/Pipeline->{closure:{closure:Illuminate/Pipeline/Pipeline::carry():194}:195}()
#46 C:/xampp/htdocs/maternal-care-system/vendor/laravel/framework/src/Illuminate/Pipeline/Pipeline.php(219): Illuminate/Foundation/Http/Middleware/InvokeDeferredCallbacks->handle()
#47 C:/xampp/htdocs/maternal-care-system/vendor/laravel/framework/src/Illuminate/Http/Middleware/ValidatePathEncoding.php(28): Illuminate/Pipeline/Pipeline->{closure:{closure:Illuminate/Pipeline/Pipeline::carry():194}:195}()
#48 C:/xampp/htdocs/maternal-care-system/vendor/laravel/framework/src/Illuminate/Pipeline/Pipeline.php(219): Illuminate/Http/Middleware/ValidatePathEncoding->handle()
#49 C:/xampp/htdocs/maternal-care-system/vendor/laravel/framework/src/Illuminate/Pipeline/Pipeline.php(137): Illuminate/Pipeline/Pipeline->{closure:{closure:Illuminate/Pipeline/Pipeline::carry():194}:195}()
#50 C:/xampp/htdocs/maternal-care-system/vendor/laravel/framework/src/Illuminate/Foundation/Http/Kernel.php(175): Illuminate/Pipeline/Pipeline->then()
#51 C:/xampp/htdocs/maternal-care-system/vendor/laravel/framework/src/Illuminate/Foundation/Http/Kernel.php(144): Illuminate/Foundation/Http/Kernel->sendRequestThroughRouter()
#52 C:/xampp/htdocs/maternal-care-system/vendor/laravel/framework/src/Illuminate/Foundation/Application.php(1220): Illuminate/Foundation/Http/Kernel->handle()
#53 C:/xampp/htdocs/maternal-care-system/public/index.php(20): Illuminate/Foundation/Application->handleRequest()
#54 C:/xampp/htdocs/maternal-care-system/vendor/laravel/framework/src/Illuminate/Foundation/resources/server.php(23): require_once('...')
#55 {main}

[previous exception] [object] (ErrorException(code: 0): Undefined variable $mother at C:/xampp/htdocs/maternal-care-system/storage/framework/views/d5065f059ad4a415b84edcc301d7d237.php:91)
[stacktrace]
#0 C:/xampp/htdocs/maternal-care-system/vendor/laravel/framework/src/Illuminate/Foundation/Bootstrap/HandleExceptions.php(263): Illuminate/Foundation/Bootstrap/HandleExceptions->handleError()
#1 C:/xampp/htdocs/maternal-care-system/storage/framework/views/d5065f059ad4a415b84edcc301d7d237.php(91): Illuminate/Foundation/Bootstrap/HandleExceptions->{closure:Illuminate/Foundation/Bootstrap/HandleExceptions::forwardsTo():262}()
#2 C:/xampp/htdocs/maternal-care-system/vendor/laravel/framework/src/Illuminate/Filesystem/Filesystem.php(123): require('...')
#3 C:/xampp/htdocs/maternal-care-system/vendor/laravel/framework/src/Illuminate/Filesystem/Filesystem.php(124): Illuminate/Filesystem/Filesystem::{closure:Illuminate/Filesystem/Filesystem::getRequire():120}()
#4 C:/xampp/htdocs/maternal-care-system/vendor/laravel/framework/src/Illuminate/View/Engines/PhpEngine.php(57): Illuminate/Filesystem/Filesystem->getRequire()
#5 C:/xampp/htdocs/maternal-care-system/vendor/laravel/framework/src/Illuminate/View/Engines/CompilerEngine.php(76): Illuminate/View/Engines/PhpEngine->evaluatePath()
#6 C:/xampp/htdocs/maternal-care-system/vendor/laravel/framework/src/Illuminate/View/View.php(208): Illuminate/View/Engines/CompilerEngine->get()
#7 C:/xampp/htdocs/maternal-care-system/vendor/laravel/framework/src/Illuminate/View/View.php(191): Illuminate/View/View->getContents()
#8 C:/xampp/htdocs/maternal-care-system/vendor/laravel/framework/src/Illuminate/View/View.php(160): Illuminate/View/View->renderContents()
#9 C:/xampp/htdocs/maternal-care-system/vendor/laravel/framework/src/Illuminate/Http/Response.php(82): Illuminate/View/View->render()
#10 C:/xampp/htdocs/maternal-care-system/vendor/laravel/framework/src/Illuminate/Http/Response.php(40): Illuminate/Http/Response->setContent()
#11 C:/xampp/htdocs/maternal-care-system/vendor/laravel/framework/src/Illuminate/Routing/Router.php(939): Illuminate/Http/Response->__construct()
#12 C:/xampp/htdocs/maternal-care-system/vendor/laravel/framework/src/Illuminate/Routing/Router.php(906): Illuminate/Routing/Router::toResponse()
#13 C:/xampp/htdocs/maternal-care-system/vendor/laravel/framework/src/Illuminate/Routing/Router.php(821): Illuminate/Routing/Router->prepareResponse()
#14 C:/xampp/htdocs/maternal-care-system/vendor/laravel/framework/src/Illuminate/Pipeline/Pipeline.php(180): Illuminate/Routing/Router->{closure:Illuminate/Routing/Router::runRouteWithinStack():821}()
#15 C:/xampp/htdocs/maternal-care-system/vendor/laravel/framework/src/Illuminate/Routing/Middleware/SubstituteBindings.php(52): Illuminate/Pipeline/Pipeline->{closure:Illuminate/Pipeline/Pipeline::prepareDestination():178}()
#16 C:/xampp/htdocs/maternal-care-system/vendor/laravel/framework/src/Illuminate/Pipeline/Pipeline.php(219): Illuminate/Routing/Middleware/SubstituteBindings->handle()
#17 C:/xampp/htdocs/maternal-care-system/vendor/laravel/framework/src/Illuminate/Foundation/Http/Middleware/PreventRequestForgery.php(104): Illuminate/Pipeline/Pipeline->{closure:{closure:Illuminate/Pipeline/Pipeline::carry():194}:195}()
#18 C:/xampp/htdocs/maternal-care-system/vendor/laravel/framework/src/Illuminate/Pipeline/Pipeline.php(219): Illuminate/Foundation/Http/Middleware/PreventRequestForgery->handle()
#19 C:/xampp/htdocs/maternal-care-system/vendor/laravel/framework/src/Illuminate/View/Middleware/ShareErrorsFromSession.php(48): Illuminate/Pipeline/Pipeline->{closure:{closure:Illuminate/Pipeline/Pipeline::carry():194}:195}()
#20 C:/xampp/htdocs/maternal-care-system/vendor/laravel/framework/src/Illuminate/Pipeline/Pipeline.php(219): Illuminate/View/Middleware/ShareErrorsFromSession->handle()
#21 C:/xampp/htdocs/maternal-care-system/vendor/laravel/framework/src/Illuminate/Session/Middleware/StartSession.php(120): Illuminate/Pipeline/Pipeline->{closure:{closure:Illuminate/Pipeline/Pipeline::carry():194}:195}()
#22 C:/xampp/htdocs/maternal-care-system/vendor/laravel/framework/src/Illuminate/Session/Middleware/StartSession.php(63): Illuminate/Session/Middleware/StartSession->handleStatefulRequest()
#23 C:/xampp/htdocs/maternal-care-system/vendor/laravel/framework/src/Illuminate/Pipeline/Pipeline.php(219): Illuminate/Session/Middleware/StartSession->handle()
#24 C:/xampp/htdocs/maternal-care-system/vendor/laravel/framework/src/Illuminate/Cookie/Middleware/AddQueuedCookiesToResponse.php(36): Illuminate/Pipeline/Pipeline->{closure:{closure:Illuminate/Pipeline/Pipeline::carry():194}:195}()
#25 C:/xampp/htdocs/maternal-care-system/vendor/laravel/framework/src/Illuminate/Pipeline/Pipeline.php(219): Illuminate/Cookie/Middleware/AddQueuedCookiesToResponse->handle()
#26 C:/xampp/htdocs/maternal-care-system/vendor/laravel/framework/src/Illuminate/Cookie/Middleware/EncryptCookies.php(74): Illuminate/Pipeline/Pipeline->{closure:{closure:Illuminate/Pipeline/Pipeline::carry():194}:195}()
#27 C:/xampp/htdocs/maternal-care-system/vendor/laravel/framework/src/Illuminate/Pipeline/Pipeline.php(219): Illuminate/Cookie/Middleware/EncryptCookies->handle()
#28 C:/xampp/htdocs/maternal-care-system/vendor/laravel/framework/src/Illuminate/Pipeline/Pipeline.php(137): Illuminate/Pipeline/Pipeline->{closure:{closure:Illuminate/Pipeline/Pipeline::carry():194}:195}()
#29 C:/xampp/htdocs/maternal-care-system/vendor/laravel/framework/src/Illuminate/Routing/Router.php(821): Illuminate/Pipeline/Pipeline->then()
#30 C:/xampp/htdocs/maternal-care-system/vendor/laravel/framework/src/Illuminate/Routing/Router.php(800): Illuminate/Routing/Router->runRouteWithinStack()
#31 C:/xampp/htdocs/maternal-care-system/vendor/laravel/framework/src/Illuminate/Routing/Router.php(764): Illuminate/Routing/Router->runRoute()
#32 C:/xampp/htdocs/maternal-care-system/vendor/laravel/framework/src/Illuminate/Routing/Router.php(753): Illuminate/Routing/Router->dispatchToRoute()
#33 C:/xampp/htdocs/maternal-care-system/vendor/laravel/framework/src/Illuminate/Foundation/Http/Kernel.php(200): Illuminate/Routing/Router->dispatch()
#34 C:/xampp/htdocs/maternal-care-system/vendor/laravel/framework/src/Illuminate/Pipeline/Pipeline.php(180): Illuminate/Foundation/Http/Kernel->{closure:Illuminate/Foundation/Http/Kernel::dispatchToRouter():197}()
#35 C:/xampp/htdocs/maternal-care-system/vendor/laravel/framework/src/Illuminate/Foundation/Http/Middleware/TransformsRequest.php(21): Illuminate/Pipeline/Pipeline->{closure:Illuminate/Pipeline/Pipeline::prepareDestination():178}()
#36 C:/xampp/htdocs/maternal-care-system/vendor/laravel/framework/src/Illuminate/Foundation/Http/Middleware/ConvertEmptyStringsToNull.php(31): Illuminate/Foundation/Http/Middleware/TransformsRequest->handle()
#37 C:/xampp/htdocs/maternal-care-system/vendor/laravel/framework/src/Illuminate/Pipeline/Pipeline.php(219): Illuminate/Foundation/Http/Middleware/ConvertEmptyStringsToNull->handle()
#38 C:/xampp/htdocs/maternal-care-system/vendor/laravel/framework/src/Illuminate/Foundation/Http/Middleware/TransformsRequest.php(21): Illuminate/Pipeline/Pipeline->{closure:{closure:Illuminate/Pipeline/Pipeline::carry():194}:195}()
#39 C:/xampp/htdocs/maternal-care-system/vendor/laravel/framework/src/Illuminate/Foundation/Http/Middleware/TrimStrings.php(51): Illuminate/Foundation/Http/Middleware/TransformsRequest->handle()
#40 C:/xampp/htdocs/maternal-care-system/vendor/laravel/framework/src/Illuminate/Pipeline/Pipeline.php(219): Illuminate/Foundation/Http/Middleware/TrimStrings->handle()
#41 C:/xampp/htdocs/maternal-care-system/vendor/laravel/framework/src/Illuminate/Http/Middleware/ValidatePostSize.php(27): Illuminate/Pipeline/Pipeline->{closure:{closure:Illuminate/Pipeline/Pipeline::carry():194}:195}()
#42 C:/xampp/htdocs/maternal-care-system/vendor/laravel/framework/src/Illuminate/Pipeline/Pipeline.php(219): Illuminate/Http/Middleware/ValidatePostSize->handle()
#43 C:/xampp/htdocs/maternal-care-system/vendor/laravel/framework/src/Illuminate/Foundation/Http/Middleware/PreventRequestsDuringMaintenance.php(109): Illuminate/Pipeline/Pipeline->{closure:{closure:Illuminate/Pipeline/Pipeline::carry():194}:195}()
#44 C:/xampp/htdocs/maternal-care-system/vendor/laravel/framework/src/Illuminate/Pipeline/Pipeline.php(219): Illuminate/Foundation/Http/Middleware/PreventRequestsDuringMaintenance->handle()
#45 C:/xampp/htdocs/maternal-care-system/vendor/laravel/framework/src/Illuminate/Http/Middleware/HandleCors.php(61): Illuminate/Pipeline/Pipeline->{closure:{closure:Illuminate/Pipeline/Pipeline::carry():194}:195}()
#46 C:/xampp/htdocs/maternal-care-system/vendor/laravel/framework/src/Illuminate/Pipeline/Pipeline.php(219): Illuminate/Http/Middleware/HandleCors->handle()
#47 C:/xampp/htdocs/maternal-care-system/vendor/laravel/framework/src/Illuminate/Http/Middleware/TrustProxies.php(58): Illuminate/Pipeline/Pipeline->{closure:{closure:Illuminate/Pipeline/Pipeline::carry():194}:195}()
#48 C:/xampp/htdocs/maternal-care-system/vendor/laravel/framework/src/Illuminate/Pipeline/Pipeline.php(219): Illuminate/Http/Middleware/TrustProxies->handle()
#49 C:/xampp/htdocs/maternal-care-system/vendor/laravel/framework/src/Illuminate/Foundation/Http/Middleware/InvokeDeferredCallbacks.php(22): Illuminate/Pipeline/Pipeline->{closure:{closure:Illuminate/Pipeline/Pipeline::carry():194}:195}()
#50 C:/xampp/htdocs/maternal-care-system/vendor/laravel/framework/src/Illuminate/Pipeline/Pipeline.php(219): Illuminate/Foundation/Http/Middleware/InvokeDeferredCallbacks->handle()
#51 C:/xampp/htdocs/maternal-care-system/vendor/laravel/framework/src/Illuminate/Http/Middleware/ValidatePathEncoding.php(28): Illuminate/Pipeline/Pipeline->{closure:{closure:Illuminate/Pipeline/Pipeline::carry():194}:195}()
#52 C:/xampp/htdocs/maternal-care-system/vendor/laravel/framework/src/Illuminate/Pipeline/Pipeline.php(219): Illuminate/Http/Middleware/ValidatePathEncoding->handle()
#53 C:/xampp/htdocs/maternal-care-system/vendor/laravel/framework/src/Illuminate/Pipeline/Pipeline.php(137): Illuminate/Pipeline/Pipeline->{closure:{closure:Illuminate/Pipeline/Pipeline::carry():194}:195}()
#54 C:/xampp/htdocs/maternal-care-system/vendor/laravel/framework/src/Illuminate/Foundation/Http/Kernel.php(175): Illuminate/Pipeline/Pipeline->then()
#55 C:/xampp/htdocs/maternal-care-system/vendor/laravel/framework/src/Illuminate/Foundation/Http/Kernel.php(144): Illuminate/Foundation/Http/Kernel->sendRequestThroughRouter()
#56 C:/xampp/htdocs/maternal-care-system/vendor/laravel/framework/src/Illuminate/Foundation/Application.php(1220): Illuminate/Foundation/Http/Kernel->handle()
#57 C:/xampp/htdocs/maternal-care-system/public/index.php(20): Illuminate/Foundation/Application->handleRequest()
#58 C:/xampp/htdocs/maternal-care-system/vendor/laravel/framework/src/Illuminate/Foundation/resources/server.php(23): require_once('...')
#59 {main}
"} 
[2026-07-22 17:25:01] local.ERROR: Attempt to read property "id" on null {"exception":"[object] (ErrorException(code: 0): Attempt to read property \"id\" on null at C:/xampp/htdocs/maternal-care-system/app/Http/Controllers/MotherController.php:195)
[stacktrace]
#0 C:/xampp/htdocs/maternal-care-system/vendor/laravel/framework/src/Illuminate/Foundation/Bootstrap/HandleExceptions.php(263): Illuminate/Foundation/Bootstrap/HandleExceptions->handleError()
#1 C:/xampp/htdocs/maternal-care-system/app/Http/Controllers/MotherController.php(195): Illuminate/Foundation/Bootstrap/HandleExceptions->{closure:Illuminate/Foundation/Bootstrap/HandleExceptions::forwardsTo():262}()
#2 C:/xampp/htdocs/maternal-care-system/vendor/laravel/framework/src/Illuminate/Routing/ControllerDispatcher.php(46): App/Http/Controllers/MotherController->dashboard()
#3 C:/xampp/htdocs/maternal-care-system/vendor/laravel/framework/src/Illuminate/Routing/Route.php(276): Illuminate/Routing/ControllerDispatcher->dispatch()
#4 C:/xampp/htdocs/maternal-care-system/vendor/laravel/framework/src/Illuminate/Routing/Route.php(216): Illuminate/Routing/Route->runController()
#5 C:/xampp/htdocs/maternal-care-system/vendor/laravel/framework/src/Illuminate/Routing/Router.php(822): Illuminate/Routing/Route->run()
#6 C:/xampp/htdocs/maternal-care-system/vendor/laravel/framework/src/Illuminate/Pipeline/Pipeline.php(180): Illuminate/Routing/Router->{closure:Illuminate/Routing/Router::runRouteWithinStack():821}()
#7 C:/xampp/htdocs/maternal-care-system/vendor/laravel/framework/src/Illuminate/Routing/Middleware/SubstituteBindings.php(52): Illuminate/Pipeline/Pipeline->{closure:Illuminate/Pipeline/Pipeline::prepareDestination():178}()
#8 C:/xampp/htdocs/maternal-care-system/vendor/laravel/framework/src/Illuminate/Pipeline/Pipeline.php(219): Illuminate/Routing/Middleware/SubstituteBindings->handle()
#9 C:/xampp/htdocs/maternal-care-system/vendor/laravel/framework/src/Illuminate/Foundation/Http/Middleware/PreventRequestForgery.php(104): Illuminate/Pipeline/Pipeline->{closure:{closure:Illuminate/Pipeline/Pipeline::carry():194}:195}()
#10 C:/xampp/htdocs/maternal-care-system/vendor/laravel/framework/src/Illuminate/Pipeline/Pipeline.php(219): Illuminate/Foundation/Http/Middleware/PreventRequestForgery->handle()
#11 C:/xampp/htdocs/maternal-care-system/vendor/laravel/framework/src/Illuminate/View/Middleware/ShareErrorsFromSession.php(48): Illuminate/Pipeline/Pipeline->{closure:{closure:Illuminate/Pipeline/Pipeline::carry():194}:195}()
#12 C:/xampp/htdocs/maternal-care-system/vendor/laravel/framework/src/Illuminate/Pipeline/Pipeline.php(219): Illuminate/View/Middleware/ShareErrorsFromSession->handle()
#13 C:/xampp/htdocs/maternal-care-system/vendor/laravel/framework/src/Illuminate/Session/Middleware/StartSession.php(120): Illuminate/Pipeline/Pipeline->{closure:{closure:Illuminate/Pipeline/Pipeline::carry():194}:195}()
#14 C:/xampp/htdocs/maternal-care-system/vendor/laravel/framework/src/Illuminate/Session/Middleware/StartSession.php(63): Illuminate/Session/Middleware/StartSession->handleStatefulRequest()
#15 C:/xampp/htdocs/maternal-care-system/vendor/laravel/framework/src/Illuminate/Pipeline/Pipeline.php(219): Illuminate/Session/Middleware/StartSession->handle()
#16 C:/xampp/htdocs/maternal-care-system/vendor/laravel/framework/src/Illuminate/Cookie/Middleware/AddQueuedCookiesToResponse.php(36): Illuminate/Pipeline/Pipeline->{closure:{closure:Illuminate/Pipeline/Pipeline::carry():194}:195}()
#17 C:/xampp/htdocs/maternal-care-system/vendor/laravel/framework/src/Illuminate/Pipeline/Pipeline.php(219): Illuminate/Cookie/Middleware/AddQueuedCookiesToResponse->handle()
#18 C:/xampp/htdocs/maternal-care-system/vendor/laravel/framework/src/Illuminate/Cookie/Middleware/EncryptCookies.php(74): Illuminate/Pipeline/Pipeline->{closure:{closure:Illuminate/Pipeline/Pipeline::carry():194}:195}()
#19 C:/xampp/htdocs/maternal-care-system/vendor/laravel/framework/src/Illuminate/Pipeline/Pipeline.php(219): Illuminate/Cookie/Middleware/EncryptCookies->handle()
#20 C:/xampp/htdocs/maternal-care-system/vendor/laravel/framework/src/Illuminate/Pipeline/Pipeline.php(137): Illuminate/Pipeline/Pipeline->{closure:{closure:Illuminate/Pipeline/Pipeline::carry():194}:195}()
#21 C:/xampp/htdocs/maternal-care-system/vendor/laravel/framework/src/Illuminate/Routing/Router.php(821): Illuminate/Pipeline/Pipeline->then()
#22 C:/xampp/htdocs/maternal-care-system/vendor/laravel/framework/src/Illuminate/Routing/Router.php(800): Illuminate/Routing/Router->runRouteWithinStack()
#23 C:/xampp/htdocs/maternal-care-system/vendor/laravel/framework/src/Illuminate/Routing/Router.php(764): Illuminate/Routing/Router->runRoute()
#24 C:/xampp/htdocs/maternal-care-system/vendor/laravel/framework/src/Illuminate/Routing/Router.php(753): Illuminate/Routing/Router->dispatchToRoute()
#25 C:/xampp/htdocs/maternal-care-system/vendor/laravel/framework/src/Illuminate/Foundation/Http/Kernel.php(200): Illuminate/Routing/Router->dispatch()
#26 C:/xampp/htdocs/maternal-care-system/vendor/laravel/framework/src/Illuminate/Pipeline/Pipeline.php(180): Illuminate/Foundation/Http/Kernel->{closure:Illuminate/Foundation/Http/Kernel::dispatchToRouter():197}()
#27 C:/xampp/htdocs/maternal-care-system/vendor/laravel/framework/src/Illuminate/Foundation/Http/Middleware/TransformsRequest.php(21): Illuminate/Pipeline/Pipeline->{closure:Illuminate/Pipeline/Pipeline::prepareDestination():178}()
#28 C:/xampp/htdocs/maternal-care-system/vendor/laravel/framework/src/Illuminate/Foundation/Http/Middleware/ConvertEmptyStringsToNull.php(31): Illuminate/Foundation/Http/Middleware/TransformsRequest->handle()
#29 C:/xampp/htdocs/maternal-care-system/vendor/laravel/framework/src/Illuminate/Pipeline/Pipeline.php(219): Illuminate/Foundation/Http/Middleware/ConvertEmptyStringsToNull->handle()
#30 C:/xampp/htdocs/maternal-care-system/vendor/laravel/framework/src/Illuminate/Foundation/Http/Middleware/TransformsRequest.php(21): Illuminate/Pipeline/Pipeline->{closure:{closure:Illuminate/Pipeline/Pipeline::carry():194}:195}()
#31 C:/xampp/htdocs/maternal-care-system/vendor/laravel/framework/src/Illuminate/Foundation/Http/Middleware/TrimStrings.php(51): Illuminate/Foundation/Http/Middleware/TransformsRequest->handle()
#32 C:/xampp/htdocs/maternal-care-system/vendor/laravel/framework/src/Illuminate/Pipeline/Pipeline.php(219): Illuminate/Foundation/Http/Middleware/TrimStrings->handle()
#33 C:/xampp/htdocs/maternal-care-system/vendor/laravel/framework/src/Illuminate/Http/Middleware/ValidatePostSize.php(27): Illuminate/Pipeline/Pipeline->{closure:{closure:Illuminate/Pipeline/Pipeline::carry():194}:195}()
#34 C:/xampp/htdocs/maternal-care-system/vendor/laravel/framework/src/Illuminate/Pipeline/Pipeline.php(219): Illuminate/Http/Middleware/ValidatePostSize->handle()
#35 C:/xampp/htdocs/maternal-care-system/vendor/laravel/framework/src/Illuminate/Foundation/Http/Middleware/PreventRequestsDuringMaintenance.php(109): Illuminate/Pipeline/Pipeline->{closure:{closure:Illuminate/Pipeline/Pipeline::carry():194}:195}()
#36 C:/xampp/htdocs/maternal-care-system/vendor/laravel/framework/src/Illuminate/Pipeline/Pipeline.php(219): Illuminate/Foundation/Http/Middleware/PreventRequestsDuringMaintenance->handle()
#37 C:/xampp/htdocs/maternal-care-system/vendor/laravel/framework/src/Illuminate/Http/Middleware/HandleCors.php(61): Illuminate/Pipeline/Pipeline->{closure:{closure:Illuminate/Pipeline/Pipeline::carry():194}:195}()
#38 C:/xampp/htdocs/maternal-care-system/vendor/laravel/framework/src/Illuminate/Pipeline/Pipeline.php(219): Illuminate/Http/Middleware/HandleCors->handle()
#39 C:/xampp/htdocs/maternal-care-system/vendor/laravel/framework/src/Illuminate/Http/Middleware/TrustProxies.php(58): Illuminate/Pipeline/Pipeline->{closure:{closure:Illuminate/Pipeline/Pipeline::carry():194}:195}()
#40 C:/xampp/htdocs/maternal-care-system/vendor/laravel/framework/src/Illuminate/Pipeline/Pipeline.php(219): Illuminate/Http/Middleware/TrustProxies->handle()
#41 C:/xampp/htdocs/maternal-care-system/vendor/laravel/framework/src/Illuminate/Foundation/Http/Middleware/InvokeDeferredCallbacks.php(22): Illuminate/Pipeline/Pipeline->{closure:{closure:Illuminate/Pipeline/Pipeline::carry():194}:195}()
#42 C:/xampp/htdocs/maternal-care-system/vendor/laravel/framework/src/Illuminate/Pipeline/Pipeline.php(219): Illuminate/Foundation/Http/Middleware/InvokeDeferredCallbacks->handle()
#43 C:/xampp/htdocs/maternal-care-system/vendor/laravel/framework/src/Illuminate/Http/Middleware/ValidatePathEncoding.php(28): Illuminate/Pipeline/Pipeline->{closure:{closure:Illuminate/Pipeline/Pipeline::carry():194}:195}()
#44 C:/xampp/htdocs/maternal-care-system/vendor/laravel/framework/src/Illuminate/Pipeline/Pipeline.php(219): Illuminate/Http/Middleware/ValidatePathEncoding->handle()
#45 C:/xampp/htdocs/maternal-care-system/vendor/laravel/framework/src/Illuminate/Pipeline/Pipeline.php(137): Illuminate/Pipeline/Pipeline->{closure:{closure:Illuminate/Pipeline/Pipeline::carry():194}:195}()
#46 C:/xampp/htdocs/maternal-care-system/vendor/laravel/framework/src/Illuminate/Foundation/Http/Kernel.php(175): Illuminate/Pipeline/Pipeline->then()
#47 C:/xampp/htdocs/maternal-care-system/vendor/laravel/framework/src/Illuminate/Foundation/Http/Kernel.php(144): Illuminate/Foundation/Http/Kernel->sendRequestThroughRouter()
#48 C:/xampp/htdocs/maternal-care-system/vendor/laravel/framework/src/Illuminate/Foundation/Application.php(1220): Illuminate/Foundation/Http/Kernel->handle()
#49 C:/xampp/htdocs/maternal-care-system/public/index.php(20): Illuminate/Foundation/Application->handleRequest()
#50 C:/xampp/htdocs/maternal-care-system/vendor/laravel/framework/src/Illuminate/Foundation/resources/server.php(23): require_once('...')
#51 {main}
"} 
[2026-07-23 09:30:30] local.ERROR: Maximum execution time of 30 seconds exceeded {"exception":"[object] (Symfony\\Component\\ErrorHandler\\Error\\FatalError(code: 0): Maximum execution time of 30 seconds exceeded at C:/xampp/htdocs/maternal-care-system/vendor/composer/ClassLoader.php:429)
[stacktrace]
#0 {main}
"} 
